organization_id,organization_size,industry,number_of_employees,number_of_endpoints,number_of_servers,cloud_usage_percentage,remote_worker_percentage,critical_asset_count,mfa_coverage,privileged_account_mfa,privileged_access_management,password_policy_score,access_review_frequency_days,least_privilege_enforced,sso_adoption_percentage,asset_inventory_coverage,asset_discovery_frequency_days,data_classification_implemented,critical_asset_identification,endpoint_protection_coverage,firewall_deployment,network_segmentation,encryption_at_rest,encryption_in_transit,security_awareness_training,secure_configuration_baselines,vulnerability_scanning_frequency_days,patch_frequency_days,average_patch_delay,critical_vulnerability_remediation_time,penetration_testing_frequency_months,siem_deployed,soc_coverage_hours,security_monitoring,edr_coverage,automated_alerting,log_retention_days,incident_response_plan,incident_response_testing,dedicated_ir_team,mean_time_to_detect,mean_time_to_respond,backup_frequency_hours,offline_backup,backup_testing_frequency_months,disaster_recovery_plan,recovery_time_objective_hours,recovery_point_objective_hours,vendor_risk_management,third_party_access_controls,supply_chain_monitoring,previous_incidents_count,previous_data_breach,ransomware_history,data_source,risk_score,risk_level,baseline_score
ORG-00001,small,government,51,66,3,52.7,27.6,1,9.0,False,False,2,165,False,14.4,20.0,45,False,False,43.0,True,False,13.8,31.9,False,False,77,55,56,26,12,False,8,True,14.5,False,69,True,False,False,170.0,77.0,24,True,6,False,61.0,21.0,False,False,False,7,True,False,SYNTHETIC,80.0,Critical,77.7
ORG-00002,small,technology,17,23,1,48.2,22.3,4,39.3,False,False,2,181,False,27.1,27.5,47,False,False,32.3,True,False,46.1,37.2,False,False,71,50,65,36,0,True,0,True,17.7,False,137,False,False,False,177.0,112.0,6,False,3,True,57.0,24.0,False,True,False,1,True,False,SYNTHETIC,83.9,Critical,75.5
ORG-00003,small,healthcare,18,26,1,74.1,28.4,9,10.2,False,False,3,122,False,21.3,20.0,56,False,False,28.4,True,False,17.9,42.0,False,False,68,57,68,23,12,False,0,False,24.2,False,148,False,False,False,173.0,102.0,12,True,6,True,41.0,19.0,False,False,False,2,False,False,SYNTHETIC,82.7,Critical,76.2
ORG-00004,small,government,7,7,1,50.0,1.7,5,30.8,False,False,2,132,False,18.1,40.8,45,False,False,67.7,True,True,31.8,34.0,True,False,76,46,64,23,6,False,0,False,41.4,False,160,False,False,False,112.0,68.0,168,False,3,False,51.0,18.0,False,False,False,5,False,False,SYNTHETIC,73.4,High,72.6
ORG-00005,small,retail,12,12,1,89.0,33.7,3,70.9,False,False,4,88,True,84.2,55.1,27,True,True,64.4,True,True,57.2,63.0,True,True,37,33,27,13,0,False,8,True,88.1,False,277,True,False,True,49.0,46.0,6,True,1,True,32.0,12.0,True,True,False,0,False,False,SYNTHETIC,31.6,Moderate,31.6
ORG-00006,medium,government,1129,1465,80,51.0,36.2,20,85.8,False,False,2,110,False,52.6,60.0,27,True,True,58.3,True,False,66.9,75.2,False,False,46,25,28,20,24,True,8,True,64.5,True,230,False,False,False,107.0,73.0,6,False,0,True,27.0,8.0,False,True,True,1,True,False,SYNTHETIC,57.1,High,55.7
ORG-00007,medium,manufacturing,2367,4216,413,63.1,36.8,88,53.7,True,True,4,76,False,47.7,60.0,33,True,False,70.7,True,True,37.2,72.9,True,True,39,22,55,19,12,False,16,True,42.2,False,266,True,True,True,36.0,69.0,72,False,6,True,31.0,12.0,False,True,True,0,False,False,SYNTHETIC,45.0,Moderate,46.3
ORG-00008,small,healthcare,27,29,1,85.7,0.0,3,0.0,False,False,2,225,False,0.0,20.0,56,False,False,17.3,True,False,8.7,18.2,False,False,92,75,80,34,0,False,8,True,0.0,False,70,False,False,False,172.0,121.0,24,False,6,False,64.0,32.0,False,False,False,0,False,False,SYNTHETIC,100.0,Critical,90.6
ORG-00009,medium,education,362,592,52,57.3,52.3,12,17.7,False,False,2,195,True,15.4,20.0,50,False,False,17.4,True,False,0.0,42.7,False,False,76,70,69,37,24,False,8,True,8.2,False,116,False,False,True,208.0,140.0,24,False,3,False,58.0,20.0,False,False,False,1,True,False,SYNTHETIC,97.9,Critical,83.4
ORG-00010,medium,healthcare,385,634,33,72.0,15.2,11,16.9,False,False,3,130,True,11.2,23.7,41,True,True,44.7,True,False,46.2,37.0,False,False,64,42,72,22,6,False,8,True,26.3,False,120,True,True,True,143.0,73.0,6,True,12,True,45.0,6.0,False,True,False,4,False,False,SYNTHETIC,65.9,High,60.6
ORG-00011,small,finance,39,52,3,99.2,30.3,1,5.0,False,False,3,204,True,13.9,26.5,51,False,False,22.4,True,False,14.3,51.4,False,False,69,43,63,30,0,False,8,True,33.1,False,141,False,False,True,167.0,72.0,6,False,6,False,70.0,17.0,False,False,False,2,True,False,SYNTHETIC,82.4,Critical,80.0
ORG-00012,medium,healthcare,389,499,52,67.7,80.4,14,62.1,False,False,3,124,False,52.0,39.1,34,False,True,57.2,True,False,25.8,56.5,True,True,76,28,65,25,0,False,8,True,41.1,False,185,False,False,False,117.0,96.0,24,False,3,False,47.0,9.0,False,False,False,1,False,False,SYNTHETIC,73.9,High,71.1
ORG-00013,small,finance,17,23,1,78.2,24.7,8,47.5,False,False,2,144,False,41.1,20.6,52,True,True,37.1,True,False,33.5,51.4,False,False,50,45,39,18,6,False,8,True,30.6,False,104,False,False,False,134.0,94.0,24,True,6,False,42.0,2.0,False,True,True,0,False,False,SYNTHETIC,61.7,High,64.1
ORG-00014,small,retail,43,43,1,54.5,42.2,3,17.6,False,False,2,216,False,0.0,20.0,56,True,True,26.6,True,False,0.0,22.4,False,False,94,47,76,25,12,False,0,False,35.1,False,113,False,False,False,174.0,137.0,6,False,12,False,69.0,16.0,False,True,False,1,True,False,SYNTHETIC,88.5,Critical,84.8
ORG-00015,large,education,5744,12252,1706,82.7,63.7,342,78.0,True,True,3,97,True,51.1,69.5,32,True,False,68.8,True,False,53.7,55.2,True,True,45,29,39,11,12,True,16,True,77.3,True,230,True,True,True,77.0,40.0,72,False,12,False,23.0,11.0,False,False,False,5,False,True,SYNTHETIC,40.3,Moderate,43.2
ORG-00016,small,retail,26,29,2,87.6,28.0,3,15.2,False,False,2,178,False,11.1,20.0,56,False,False,21.8,True,False,34.0,18.8,True,False,85,60,65,36,12,False,8,True,11.1,False,91,False,False,False,192.0,91.0,6,False,3,False,57.0,20.0,False,False,False,2,False,False,SYNTHETIC,97.7,Critical,84.5
ORG-00017,large,retail,14341,23237,1989,62.4,31.7,400,60.1,True,True,3,162,True,21.1,83.0,50,False,True,51.9,True,False,14.9,52.1,True,True,48,33,41,19,6,True,0,True,48.5,True,230,True,False,True,114.0,58.0,12,True,6,False,36.0,19.0,False,True,True,0,False,False,SYNTHETIC,40.2,Moderate,39.9
ORG-00018,large,finance,8998,13760,2464,64.4,23.3,494,66.0,True,True,4,110,True,37.1,57.4,30,False,True,66.4,True,False,61.5,64.7,True,False,42,30,24,21,0,False,24,True,42.2,False,274,True,True,True,66.0,69.0,12,True,3,False,28.0,4.0,True,False,False,0,False,False,SYNTHETIC,31.9,Moderate,35.2
ORG-00019,small,finance,46,65,5,69.9,21.4,5,41.3,False,False,3,150,True,29.0,51.4,34,True,True,45.3,True,True,44.8,46.2,True,False,36,40,23,20,0,False,0,False,32.4,False,280,False,False,True,138.0,53.0,72,True,12,False,38.0,14.0,False,True,True,1,False,False,SYNTHETIC,52.3,High,50.8
ORG-00020,small,government,35,36,1,68.9,3.4,4,51.7,False,False,3,148,False,21.7,37.1,51,False,True,42.5,True,False,45.6,48.7,False,True,87,39,47,28,12,False,8,True,46.7,False,158,True,False,True,137.0,97.0,24,False,6,True,48.0,10.0,False,False,False,2,False,False,SYNTHETIC,73.0,High,70.0
ORG-00021,medium,energy,2125,3025,259,80.5,20.9,56,54.4,True,True,3,115,True,83.9,76.8,18,True,False,62.6,True,True,87.4,64.0,True,True,45,29,23,8,6,True,8,True,79.3,True,271,True,True,False,106.0,79.0,168,True,3,True,29.0,8.0,True,True,True,0,False,False,SYNTHETIC,24.7,Low,24.6
ORG-00022,small,technology,45,55,3,87.2,4.0,2,77.6,True,True,4,111,False,65.7,61.2,42,True,False,63.8,True,True,59.3,59.2,True,True,45,23,35,19,12,False,8,True,58.4,False,259,True,True,False,94.0,55.0,24,True,3,True,32.0,4.0,True,True,True,0,False,False,SYNTHETIC,31.9,Moderate,34.4
ORG-00023,medium,education,1617,2425,213,69.0,2.4,47,0.0,False,False,3,168,False,23.8,26.8,44,False,True,27.0,True,False,52.6,38.4,False,False,67,54,53,36,24,False,8,True,16.6,False,134,False,False,False,139.0,91.0,12,False,6,True,77.0,21.0,False,False,True,4,True,False,SYNTHETIC,90.7,Critical,82.1
ORG-00024,medium,education,1429,1735,164,74.3,79.2,38,52.2,True,True,3,145,False,59.1,50.5,50,True,True,46.7,True,True,27.3,55.5,True,False,47,40,26,22,12,True,8,True,54.9,True,223,False,False,True,149.0,67.0,6,False,6,True,35.0,10.0,True,False,True,3,True,True,SYNTHETIC,45.9,Moderate,45.8
ORG-00025,small,energy,12,12,1,65.5,12.9,3,36.7,False,True,3,156,False,41.2,20.0,46,False,False,27.9,True,False,35.4,49.0,False,True,63,41,37,34,6,False,0,False,46.5,False,192,False,False,False,112.0,52.0,6,False,1,False,43.0,10.0,False,False,True,1,True,False,SYNTHETIC,72.0,High,72.1
ORG-00026,medium,retail,235,379,45,43.7,26.8,11,49.0,False,False,3,95,False,56.0,20.0,45,True,False,38.7,True,True,39.0,60.4,False,True,62,35,14,18,12,True,0,True,49.4,False,172,False,False,True,109.0,48.0,24,True,6,True,40.0,10.0,False,False,False,2,False,False,SYNTHETIC,50.1,High,53.5
ORG-00027,medium,technology,121,177,11,53.1,32.5,4,75.9,True,True,4,74,True,32.6,74.9,23,False,False,79.0,True,True,87.8,58.3,True,True,20,20,34,10,12,True,24,True,62.7,True,284,True,False,True,44.0,40.0,12,True,3,True,19.0,10.0,True,True,True,0,False,False,SYNTHETIC,18.2,Low,19.9
ORG-00028,small,manufacturing,24,25,1,71.1,50.4,1,50.7,False,False,2,161,False,34.5,45.3,51,True,False,50.6,True,True,26.8,62.0,False,False,61,44,81,26,12,False,8,True,17.5,False,160,True,True,True,132.0,70.0,6,False,6,False,38.0,10.0,True,False,False,0,False,False,SYNTHETIC,76.2,Critical,67.8
ORG-00029,small,healthcare,61,84,5,87.4,35.8,2,64.5,True,True,4,105,True,58.4,60.3,28,True,True,72.1,True,True,52.3,63.9,True,False,39,26,44,8,12,True,0,True,62.1,True,306,True,True,False,83.0,19.0,168,True,12,True,24.0,10.0,True,True,True,2,False,False,SYNTHETIC,27.7,Moderate,27.6
ORG-00030,small,energy,49,60,2,54.3,29.3,4,74.0,True,True,4,118,False,43.6,52.5,31,True,True,66.0,True,True,50.3,69.8,True,False,40,20,10,9,24,True,8,True,62.2,False,282,False,False,True,43.0,36.0,168,False,3,True,30.0,4.0,True,False,False,1,True,True,SYNTHETIC,35.9,Moderate,36.3
ORG-00031,medium,finance,739,1158,76,50.3,58.0,18,100.0,True,True,4,46,True,82.3,62.0,14,True,True,96.9,True,True,91.0,79.8,True,False,23,25,19,15,0,True,8,True,100.0,False,388,True,True,True,19.0,15.0,6,True,1,True,4.0,1.0,True,True,True,1,False,False,SYNTHETIC,12.3,Low,10.9
ORG-00032,small,education,25,27,1,56.9,6.1,2,39.9,False,False,3,143,False,17.7,39.8,43,True,True,53.5,True,False,42.4,50.1,True,False,67,42,54,30,12,False,0,False,33.6,False,206,True,False,False,109.0,70.0,24,False,3,True,44.0,12.0,False,False,False,3,False,False,SYNTHETIC,69.3,High,70.0
ORG-00033,small,finance,38,50,3,82.4,20.5,4,56.1,False,True,3,134,True,52.0,45.6,28,True,True,47.3,True,False,42.2,55.4,True,True,50,40,52,24,12,False,8,True,74.1,False,176,True,True,False,95.0,61.0,24,True,1,True,32.0,15.0,True,False,False,1,False,False,SYNTHETIC,48.7,Moderate,46.4
ORG-00034,small,education,35,36,2,88.2,6.8,1,26.5,False,False,2,230,False,7.1,20.0,59,False,False,40.7,True,False,41.5,38.4,False,False,78,50,92,30,24,False,8,True,45.4,False,102,True,False,False,154.0,99.0,6,True,0,False,49.0,20.0,False,False,False,1,True,False,SYNTHETIC,74.3,High,74.8
ORG-00035,medium,finance,392,521,40,43.4,52.1,13,36.4,False,False,3,153,True,34.6,52.8,38,False,False,54.4,True,False,18.5,57.1,True,False,66,49,36,26,0,False,8,True,51.0,False,170,True,False,True,141.0,94.0,12,False,6,True,56.0,17.0,False,False,False,4,True,False,SYNTHETIC,62.4,High,64.0
ORG-00036,small,technology,144,163,6,50.1,23.4,3,55.4,True,True,4,83,False,32.2,64.4,34,True,False,44.9,True,True,47.8,57.8,False,True,48,31,54,13,12,True,0,True,49.3,False,229,False,False,True,90.0,59.0,72,True,6,True,36.0,11.0,True,True,False,1,False,False,SYNTHETIC,43.8,Moderate,42.0
ORG-00037,large,government,12354,26028,2555,95.0,5.0,516,70.9,True,True,5,42,True,84.3,64.7,19,True,False,86.3,True,True,67.7,75.0,True,True,35,30,16,9,12,True,8,True,76.1,True,376,True,True,True,73.0,29.0,12,True,6,True,29.0,2.0,True,True,True,0,False,False,SYNTHETIC,18.2,Low,18.2
ORG-00038,large,technology,20259,45877,6827,64.9,63.3,1367,29.5,True,True,4,112,True,52.2,54.1,36,True,True,63.0,False,True,50.3,78.6,True,False,44,33,36,11,12,True,24,True,65.8,True,299,True,True,True,42.0,20.0,6,True,3,False,28.0,12.0,True,True,True,2,True,False,SYNTHETIC,26.4,Moderate,25.2
ORG-00039,small,government,28,39,2,56.9,0.0,6,19.2,False,False,2,189,False,48.2,20.0,50,False,False,17.9,True,False,38.2,34.6,False,False,90,62,79,36,12,False,0,False,18.2,False,96,False,False,False,150.0,74.0,12,False,3,True,53.0,24.0,False,False,True,2,True,True,SYNTHETIC,94.2,Critical,83.0
ORG-00040,large,technology,4167,7786,968,66.9,64.7,193,48.2,True,True,3,115,True,74.8,66.8,37,True,False,52.0,True,False,42.5,53.4,True,True,24,31,15,10,0,True,24,True,28.0,True,250,True,True,True,91.0,47.0,12,True,3,False,30.0,16.0,False,True,True,2,True,False,SYNTHETIC,32.7,Moderate,32.5
ORG-00041,small,education,114,146,7,76.8,79.8,5,7.3,False,False,1,183,False,18.9,20.0,56,False,False,47.9,True,False,23.2,24.0,False,False,87,48,55,31,24,False,8,True,22.1,False,135,False,False,True,149.0,116.0,12,False,3,True,70.0,14.0,False,False,False,5,False,False,SYNTHETIC,96.9,Critical,83.9
ORG-00042,small,manufacturing,9,10,1,74.2,34.7,2,0.0,False,False,1,212,False,0.0,20.0,77,False,False,12.6,True,False,26.8,22.8,False,True,80,68,87,33,12,False,0,False,4.5,False,34,False,False,True,179.0,93.0,168,False,1,False,60.0,17.0,False,False,False,3,False,False,SYNTHETIC,99.4,Critical,89.7
ORG-00043,small,healthcare,33,48,1,43.3,47.7,4,62.3,True,True,4,122,False,50.0,62.4,35,True,True,75.5,True,True,33.7,55.8,False,True,30,24,46,15,12,True,0,True,77.0,True,260,True,True,False,88.0,42.0,6,False,3,True,23.0,13.0,True,True,True,2,False,False,SYNTHETIC,38.6,Moderate,38.8
ORG-00044,large,manufacturing,23761,51347,4591,44.2,76.0,922,77.5,True,True,3,117,False,48.9,60.2,45,True,False,95.7,True,True,49.8,84.5,False,False,49,34,45,13,6,True,16,True,70.4,True,280,True,False,True,61.0,43.0,24,False,6,True,18.0,9.0,False,False,False,1,False,False,SYNTHETIC,40.6,Moderate,42.3
ORG-00045,large,technology,5392,10792,955,76.4,36.3,193,13.5,False,False,2,173,False,23.3,29.4,57,True,False,32.9,True,True,16.1,33.9,False,False,59,46,63,30,12,False,16,True,34.7,False,132,False,False,True,142.0,94.0,6,False,6,True,54.0,15.0,False,False,False,3,False,True,SYNTHETIC,81.9,Critical,76.1
ORG-00046,medium,technology,267,322,37,71.6,51.2,11,72.0,False,False,4,107,True,79.8,65.1,24,True,True,81.8,True,True,53.2,71.8,False,True,34,29,38,17,12,True,8,True,78.9,True,294,True,True,False,89.0,57.0,6,True,3,True,44.0,9.0,True,False,True,5,True,False,SYNTHETIC,35.3,Moderate,35.1
ORG-00047,medium,finance,1137,1954,222,46.6,62.3,49,60.0,True,True,3,120,True,70.0,36.0,45,True,True,53.1,True,True,36.3,69.5,True,True,46,40,50,17,12,True,24,True,67.8,True,288,True,False,True,53.0,57.0,24,True,12,False,35.0,6.0,True,True,False,0,False,False,SYNTHETIC,31.9,Moderate,33.1
ORG-00048,small,retail,13,17,1,72.2,4.1,1,39.3,False,False,2,134,True,27.0,20.0,40,True,False,41.4,True,True,27.1,43.5,False,False,85,34,72,32,0,False,0,False,30.8,False,161,False,False,True,129.0,92.0,6,False,6,True,61.0,17.0,True,False,False,0,False,False,SYNTHETIC,73.2,High,70.2
ORG-00049,medium,manufacturing,1301,2249,227,76.0,51.4,45,69.5,False,False,5,99,True,13.4,71.7,25,True,True,47.9,True,False,50.0,67.1,True,True,46,28,36,21,12,True,8,True,72.0,True,234,False,False,True,82.0,58.0,12,True,1,True,35.0,12.0,True,True,False,1,False,False,SYNTHETIC,37.7,Moderate,38.6
ORG-00050,medium,technology,487,844,86,45.4,38.9,19,49.9,True,True,2,146,True,25.2,36.0,37,False,True,37.5,True,True,27.9,69.4,False,False,49,45,32,25,24,False,8,True,34.1,False,180,False,False,True,81.0,76.0,24,False,12,False,33.0,20.0,True,True,True,0,False,False,SYNTHETIC,52.9,High,54.8
ORG-00051,large,technology,19906,40094,6749,95.0,25.5,1351,100.0,True,True,4,58,True,76.9,79.3,23,True,True,77.6,True,True,94.6,71.1,True,True,4,24,25,3,12,True,24,True,87.1,True,301,True,True,True,3.0,14.0,12,True,0,True,1.0,8.0,True,False,True,0,False,False,SYNTHETIC,10.5,Low,11.0
ORG-00052,medium,retail,285,462,37,62.5,54.1,8,52.9,False,False,3,144,False,21.8,37.4,30,False,False,53.8,True,True,26.3,49.8,False,False,62,47,53,20,24,True,16,True,51.3,True,167,False,False,True,124.0,83.0,12,False,12,True,39.0,14.0,False,False,False,1,True,True,SYNTHETIC,64.6,High,65.3
ORG-00053,small,government,26,32,2,75.9,0.0,3,37.0,False,False,3,160,False,5.8,20.0,43,True,True,32.5,False,False,39.6,27.8,False,True,83,55,35,29,12,False,0,False,12.9,False,51,False,False,False,190.0,106.0,24,True,3,False,65.0,20.0,False,False,False,4,False,False,SYNTHETIC,70.9,High,74.8
ORG-00054,large,government,5737,9654,1728,59.3,47.6,349,93.1,True,True,5,30,True,73.4,90.8,5,True,True,98.2,True,True,89.4,100.0,True,True,1,9,12,1,12,True,16,True,78.0,True,338,True,True,True,11.0,20.0,12,True,6,False,5.0,9.0,True,True,True,0,False,False,SYNTHETIC,7.4,Low,10.5
ORG-00055,medium,finance,2224,3730,383,42.0,12.5,81,100.0,True,True,5,49,True,72.0,88.9,3,True,True,89.6,True,True,91.1,83.7,True,True,14,6,2,11,12,True,8,True,100.0,True,402,True,True,True,56.0,5.0,12,True,3,True,1.0,1.0,True,True,False,0,False,False,SYNTHETIC,10.0,Low,8.7
ORG-00056,small,energy,13,19,1,71.0,0.0,1,45.3,False,False,2,180,False,28.4,40.2,38,True,True,51.7,True,False,35.9,62.7,True,False,72,34,38,23,0,False,16,True,49.4,False,136,False,False,False,137.0,98.0,24,False,6,True,47.0,17.0,False,False,True,2,False,False,SYNTHETIC,67.5,High,66.9
ORG-00057,small,healthcare,174,242,15,33.7,39.5,7,56.7,False,True,3,87,False,54.1,56.3,36,True,False,55.9,True,True,57.1,65.8,True,False,43,24,41,18,12,False,0,False,40.6,False,220,True,True,False,96.0,38.0,12,False,3,False,27.0,10.0,True,True,False,0,False,False,SYNTHETIC,53.4,High,52.6
ORG-00058,small,government,11,11,1,50.8,73.4,6,6.4,False,False,1,178,False,0.0,20.0,71,False,False,23.3,True,False,16.5,34.3,False,False,86,70,60,41,12,False,0,False,15.7,False,121,False,False,False,189.0,101.0,24,False,6,False,69.0,14.0,False,True,False,0,False,False,SYNTHETIC,100.0,Critical,88.7
ORG-00059,medium,finance,525,765,54,51.1,54.0,13,92.1,True,True,4,53,True,87.1,65.8,20,True,True,76.6,True,True,71.9,77.5,True,True,29,14,14,6,12,True,0,True,88.6,True,378,True,True,True,79.0,14.0,6,True,3,True,17.0,7.0,True,True,True,2,False,False,SYNTHETIC,13.1,Low,13.9
ORG-00060,small,retail,28,31,1,61.6,72.5,4,9.5,False,False,1,199,False,8.4,20.0,55,False,False,10.0,True,False,7.4,39.2,True,False,98,50,65,31,24,False,24,True,24.5,False,138,False,False,False,221.0,95.0,12,False,3,False,61.0,23.0,False,False,False,2,False,True,SYNTHETIC,96.5,Critical,85.5
ORG-00061,medium,finance,1244,2197,227,34.9,28.1,48,55.4,True,True,4,91,True,52.9,50.9,37,True,True,85.3,True,True,70.5,81.7,True,True,45,33,33,19,12,True,0,True,61.8,True,308,False,False,True,21.0,43.0,24,True,0,True,26.0,2.0,False,True,True,0,False,False,SYNTHETIC,31.9,Moderate,30.6
ORG-00062,small,education,16,21,1,88.5,8.0,4,27.0,False,False,2,173,True,7.4,35.9,61,False,False,32.5,True,True,0.0,43.8,False,False,73,51,55,27,0,False,0,False,35.2,False,119,False,False,False,146.0,109.0,12,False,6,False,51.0,18.0,False,True,False,6,True,True,SYNTHETIC,74.4,High,74.5
ORG-00063,medium,manufacturing,334,555,53,40.0,34.1,13,61.8,False,False,2,114,False,45.0,29.7,42,False,True,58.7,True,False,49.8,68.7,False,False,61,38,58,22,24,False,8,True,44.9,False,211,False,False,True,76.0,43.0,12,False,1,True,51.0,15.0,True,True,False,3,False,False,SYNTHETIC,62.7,High,63.8
ORG-00064,medium,finance,3681,5702,445,44.2,18.3,92,34.3,False,False,4,156,False,11.1,50.1,42,True,False,62.7,True,True,27.2,47.2,True,True,51,42,62,24,0,True,16,True,46.8,True,204,True,False,True,129.0,58.0,12,True,6,False,44.0,17.0,False,False,False,0,False,False,SYNTHETIC,56.2,High,53.2
ORG-00065,small,education,17,18,1,97.4,23.5,5,38.5,False,False,3,133,True,34.8,36.1,44,True,True,41.2,True,False,35.0,41.4,False,False,71,54,33,19,12,False,8,True,47.0,False,148,False,False,True,113.0,76.0,168,False,3,True,42.0,18.0,False,False,False,2,False,False,SYNTHETIC,65.7,High,64.9
ORG-00066,medium,government,1318,1642,82,15.0,58.1,18,88.4,True,True,5,57,True,62.1,82.0,16,True,True,100.0,True,True,69.6,80.3,True,False,19,9,5,8,6,True,24,True,93.7,False,351,True,True,True,43.0,16.0,24,True,1,True,6.0,0.5,True,True,True,1,False,False,SYNTHETIC,9.3,Low,7.2
ORG-00067,medium,retail,293,455,52,30.1,20.4,14,9.9,False,False,2,169,False,14.2,27.4,51,False,False,13.7,True,False,15.3,19.6,False,False,88,56,72,30,0,True,8,True,8.2,False,63,True,False,False,199.0,102.0,12,True,3,False,48.0,23.0,False,False,False,1,False,False,SYNTHETIC,80.5,Critical,75.0
ORG-00068,medium,healthcare,234,320,24,56.9,61.7,6,23.4,False,False,2,156,False,32.9,43.6,39,False,False,43.4,True,True,48.9,57.8,True,True,66,44,61,19,12,False,24,True,27.3,False,172,False,False,False,94.0,78.0,6,False,6,False,38.0,18.0,True,True,True,5,True,False,SYNTHETIC,71.9,High,65.9
ORG-00069,small,manufacturing,23,28,1,51.0,52.1,3,1.3,False,False,1,190,True,7.9,20.0,66,False,False,29.3,True,False,0.0,16.7,False,False,89,51,84,33,0,False,8,True,9.9,False,33,False,False,False,216.0,131.0,72,False,0,False,65.0,30.0,False,False,False,2,True,True,SYNTHETIC,99.8,Critical,86.6
ORG-00070,small,energy,14,14,1,58.9,28.5,1,27.4,True,True,3,113,False,24.4,67.8,45,True,False,53.9,True,True,22.8,57.2,False,True,58,24,40,19,24,True,0,True,45.9,False,183,True,True,False,108.0,69.0,6,True,1,False,35.0,15.0,True,True,True,1,False,False,SYNTHETIC,47.5,Moderate,45.6
ORG-00071,small,government,23,30,2,71.2,40.8,1,46.3,False,False,2,159,False,24.0,46.9,42,True,False,40.5,False,True,47.5,34.4,True,True,64,40,36,25,12,False,0,False,36.0,False,157,False,False,False,146.0,93.0,72,False,12,True,37.0,15.0,False,True,False,1,True,False,SYNTHETIC,67.4,High,69.3
ORG-00072,medium,retail,425,583,44,37.2,53.7,12,29.0,False,False,2,185,False,23.0,20.0,52,False,True,23.1,True,False,18.5,38.5,True,True,82,52,68,26,0,False,8,True,13.6,False,148,False,False,True,182.0,102.0,6,True,3,False,50.0,18.0,False,False,False,1,True,False,SYNTHETIC,70.2,High,70.9
ORG-00073,medium,healthcare,966,1433,109,15.0,45.3,28,63.6,True,True,5,82,True,45.2,54.6,25,False,True,83.6,True,True,57.5,96.4,True,True,47,11,19,7,12,True,24,True,82.9,True,379,True,True,True,58.0,11.0,1,False,6,True,21.0,10.0,False,True,False,1,False,False,SYNTHETIC,23.2,Low,25.3
ORG-00074,medium,finance,609,976,79,43.6,20.2,18,58.2,True,True,3,87,False,47.1,37.8,27,True,True,79.8,True,True,71.6,60.1,False,True,41,22,48,17,12,False,8,True,78.7,False,235,True,False,True,90.0,33.0,12,True,6,False,33.0,7.0,True,False,False,0,False,False,SYNTHETIC,40.5,Moderate,42.3
ORG-00075,small,government,50,68,4,73.2,34.9,4,7.0,False,False,1,211,False,13.7,20.0,70,False,False,10.0,True,False,14.3,10.0,False,False,85,59,85,32,12,False,8,True,21.8,False,42,True,False,False,198.0,130.0,24,False,3,False,62.0,21.0,False,False,False,1,False,False,SYNTHETIC,99.3,Critical,87.5
ORG-00076,small,healthcare,15,15,1,69.0,28.0,5,10.6,False,False,3,194,False,16.4,24.9,44,False,False,34.0,False,False,50.6,48.1,True,False,59,29,48,31,6,False,0,False,38.6,False,137,False,False,False,129.0,68.0,12,False,6,True,64.0,11.0,True,False,False,1,False,False,SYNTHETIC,80.3,Critical,74.9
ORG-00077,small,energy,81,87,3,78.3,5.3,3,17.6,False,False,2,164,True,32.2,20.0,49,True,False,44.3,True,True,0.0,25.0,False,True,51,69,53,33,24,False,0,False,3.2,False,77,False,False,True,144.0,84.0,12,False,6,False,47.0,22.0,False,False,False,1,True,False,SYNTHETIC,93.2,Critical,79.9
ORG-00078,large,energy,17582,29040,4406,73.1,22.4,884,65.7,True,True,5,27,True,88.4,65.2,10,True,True,100.0,True,True,52.1,92.4,True,True,2,8,2,10,12,True,24,True,84.5,True,387,True,True,True,33.0,4.0,6,True,3,True,3.0,8.0,True,True,True,1,False,False,SYNTHETIC,9.7,Low,9.3
ORG-00079,small,government,22,30,1,58.0,0.0,2,32.4,False,False,3,180,False,0.0,20.0,67,False,True,35.6,True,False,17.6,33.2,False,False,80,65,71,26,12,False,0,False,0.0,False,92,False,False,False,191.0,89.0,12,False,0,False,51.0,29.0,False,False,True,3,False,False,SYNTHETIC,88.0,Critical,81.9
ORG-00080,small,education,246,273,14,64.2,33.8,5,0.0,False,False,1,199,False,27.2,20.0,70,False,False,14.8,True,True,0.0,20.9,False,False,114,72,79,36,24,False,8,True,0.0,False,26,False,False,False,189.0,110.0,72,False,3,False,75.0,16.0,False,False,False,1,True,False,SYNTHETIC,97.8,Critical,89.5
ORG-00081,large,healthcare,10649,22799,3975,92.8,32.9,799,71.0,True,True,4,88,True,72.5,68.6,17,True,True,80.1,True,True,51.7,87.2,True,True,30,21,22,16,12,True,24,True,54.3,True,276,True,True,True,45.0,23.0,168,True,12,True,23.0,6.0,True,True,False,4,True,False,SYNTHETIC,24.4,Low,21.7
ORG-00082,small,healthcare,37,48,2,25.7,27.9,4,60.1,True,True,4,123,False,58.5,55.6,28,False,True,53.8,True,True,81.2,55.3,True,True,49,26,40,23,0,True,0,True,60.3,False,234,True,True,False,114.0,58.0,1,False,3,True,36.0,9.0,True,True,False,3,False,False,SYNTHETIC,40.2,Moderate,40.8
ORG-00083,small,healthcare,8,8,1,44.0,48.8,1,75.8,True,True,4,77,True,83.4,72.4,23,True,False,86.8,True,True,62.4,82.1,False,False,42,27,36,17,6,True,0,True,60.5,True,304,True,True,False,81.0,35.0,12,True,6,True,20.0,10.0,True,True,True,0,False,False,SYNTHETIC,32.5,Moderate,28.8
ORG-00084,medium,government,836,1277,72,64.6,64.9,18,52.9,False,False,3,94,False,26.6,56.7,46,False,False,46.0,True,True,56.1,62.9,False,False,42,28,47,28,12,False,16,True,64.1,False,205,False,False,True,116.0,42.0,6,False,3,True,39.0,14.0,True,False,True,1,True,False,SYNTHETIC,58.0,High,58.9
ORG-00085,large,healthcare,3643,8665,897,65.6,13.5,180,93.8,True,True,4,74,True,100.0,100.0,14,True,True,78.9,True,True,75.8,86.4,True,True,6,10,12,1,12,True,24,True,69.9,False,331,True,True,True,21.0,13.0,6,True,3,True,10.0,9.0,True,True,True,0,False,False,SYNTHETIC,7.8,Low,8.5
ORG-00086,large,education,39180,94510,14741,55.6,57.5,2955,73.6,True,True,5,50,True,84.3,90.6,7,False,True,100.0,True,True,78.0,82.5,True,True,16,10,13,1,6,True,24,True,100.0,True,335,True,True,True,28.0,18.0,12,True,12,True,18.0,2.0,True,True,True,0,False,False,SYNTHETIC,7.9,Low,9.5
ORG-00087,medium,healthcare,868,1056,100,34.2,27.2,23,13.2,False,False,2,145,False,29.0,26.8,44,False,True,53.9,True,False,6.7,33.5,False,False,74,46,78,31,0,False,0,False,21.9,False,131,False,False,False,93.0,95.0,6,True,12,False,61.0,24.0,True,True,False,5,False,False,SYNTHETIC,77.7,Critical,73.6
ORG-00088,large,healthcare,6719,14851,1934,57.2,40.7,387,59.8,True,True,4,85,True,47.6,61.0,30,True,True,86.5,True,True,46.2,64.1,True,True,29,25,31,9,12,True,24,True,57.0,True,251,True,False,True,57.0,44.0,12,True,12,False,26.0,10.0,True,False,False,0,False,False,SYNTHETIC,32.1,Moderate,28.5
ORG-00089,medium,government,1523,2725,238,21.0,35.4,47,79.0,True,True,4,93,True,54.7,75.1,22,True,False,76.8,True,True,42.2,78.2,True,True,50,28,18,16,12,True,16,True,70.1,True,254,True,False,False,46.0,38.0,6,True,1,True,25.0,6.0,True,True,False,1,False,False,SYNTHETIC,24.7,Low,24.3
ORG-00090,medium,healthcare,1367,1727,147,70.9,47.9,31,31.3,False,False,3,146,False,6.3,23.7,65,True,False,38.6,True,True,27.7,40.9,False,True,64,37,59,15,12,True,8,True,32.3,True,170,True,True,False,119.0,90.0,1,False,6,False,55.0,9.0,True,False,True,3,False,False,SYNTHETIC,65.4,High,64.4
ORG-00091,medium,healthcare,578,1010,85,44.2,33.9,20,30.3,False,False,2,188,True,36.4,45.0,56,True,False,30.0,True,False,11.2,33.0,False,False,74,52,58,24,12,True,0,True,31.6,False,151,True,False,False,127.0,72.0,168,False,6,False,58.0,20.0,True,False,True,2,False,False,SYNTHETIC,70.8,High,70.3
ORG-00092,medium,healthcare,1221,1619,94,21.3,46.7,21,70.3,False,False,3,101,False,36.8,67.2,36,True,False,64.8,True,True,39.8,59.5,True,True,32,27,48,21,0,True,8,True,55.7,True,213,False,False,True,80.0,53.0,6,False,0,False,46.0,5.0,False,True,True,2,False,False,SYNTHETIC,53.2,High,52.3
ORG-00093,small,healthcare,102,102,2,84.1,33.5,1,25.9,False,False,2,207,True,0.0,30.9,53,True,False,37.9,True,False,16.3,28.8,False,False,96,57,78,34,12,False,0,False,25.7,False,109,False,False,True,146.0,96.0,6,True,12,False,50.0,15.0,False,False,False,0,False,False,SYNTHETIC,77.5,Critical,75.9
ORG-00094,medium,education,328,467,35,15.0,62.6,10,22.3,False,False,2,182,False,13.6,20.0,57,False,False,50.8,True,True,15.2,36.6,False,True,87,78,76,26,0,True,8,True,6.1,True,74,False,False,False,160.0,118.0,6,True,0,False,56.0,21.0,False,False,False,4,False,False,SYNTHETIC,70.8,High,70.8
ORG-00095,medium,manufacturing,274,429,27,87.2,54.3,9,76.1,False,False,4,97,False,83.4,67.8,25,True,True,75.3,True,True,77.9,80.6,True,False,42,41,7,17,24,True,8,True,76.5,True,260,True,False,True,70.0,37.0,6,True,12,False,24.0,13.0,True,False,True,1,True,False,SYNTHETIC,37.3,Moderate,36.3
ORG-00096,small,finance,113,144,7,66.7,0.0,3,67.7,False,False,3,124,False,45.2,35.0,46,True,True,33.7,True,True,40.5,50.1,True,False,62,38,59,29,12,False,16,True,42.6,False,181,False,False,True,103.0,75.0,12,False,6,True,45.0,10.0,False,True,False,2,False,True,SYNTHETIC,60.5,High,61.5
ORG-00097,small,healthcare,53,75,1,39.5,53.7,4,21.2,False,False,2,205,False,0.0,20.0,80,False,False,17.0,True,False,11.2,28.8,False,False,89,56,68,32,12,False,16,True,4.7,False,14,False,False,False,208.0,132.0,24,False,12,False,80.0,16.0,False,True,False,1,True,False,SYNTHETIC,95.9,Critical,88.0
ORG-00098,small,education,11,14,1,27.9,35.5,4,3.8,False,False,2,161,False,9.0,20.0,59,False,False,22.6,True,False,5.8,41.7,True,False,80,60,93,34,6,False,0,False,28.2,False,107,False,False,False,147.0,109.0,6,True,12,True,59.0,11.0,False,True,False,3,False,False,SYNTHETIC,84.6,Critical,75.6
ORG-00099,small,energy,45,58,2,98.9,7.9,3,88.4,True,True,4,67,True,83.9,53.4,11,True,True,68.0,True,True,70.9,60.9,True,True,36,16,34,16,6,False,8,True,68.1,False,371,True,False,True,75.0,37.0,1,True,6,True,15.0,0.5,True,True,False,1,True,False,SYNTHETIC,25.0,Moderate,26.2
ORG-00100,medium,healthcare,1011,1665,127,20.5,27.3,29,35.6,False,False,2,156,False,28.1,27.7,45,False,True,32.1,True,False,52.4,23.1,True,False,71,61,48,25,12,False,0,False,38.2,False,133,False,False,False,141.0,93.0,12,False,3,False,51.0,18.0,True,False,False,3,True,True,SYNTHETIC,73.4,High,73.9
ORG-00101,small,manufacturing,61,85,1,90.0,40.5,4,43.8,False,True,4,58,True,77.5,48.1,36,True,False,62.4,True,True,51.1,53.5,True,False,55,31,48,16,12,False,0,False,54.2,False,279,True,False,False,81.0,35.0,12,True,3,False,35.0,13.0,True,True,False,1,True,False,SYNTHETIC,44.0,Moderate,44.7
ORG-00102,medium,education,262,408,22,15.0,37.1,6,2.9,False,False,2,177,False,0.0,22.7,46,False,False,24.6,True,True,0.0,44.0,False,False,73,51,55,34,12,True,8,True,27.8,True,104,False,False,True,143.0,91.0,12,False,0,False,58.0,10.0,False,False,True,2,True,True,SYNTHETIC,85.5,Critical,75.0
ORG-00103,large,technology,7220,17522,2765,90.5,27.1,554,53.8,False,False,3,160,True,54.8,57.6,30,False,False,42.9,True,True,45.9,58.7,True,False,46,42,22,19,6,True,24,True,47.9,True,227,False,False,False,88.0,66.0,12,True,12,False,36.0,6.0,True,True,True,5,False,False,SYNTHETIC,41.5,Moderate,42.5
ORG-00104,medium,education,1549,2264,231,15.0,45.2,48,24.0,False,False,2,154,True,18.2,37.5,37,True,False,38.6,True,False,32.7,56.2,False,True,65,40,41,29,6,False,0,False,29.6,False,158,True,False,True,123.0,53.0,6,False,1,True,47.0,22.0,False,False,False,2,False,False,SYNTHETIC,72.6,High,70.1
ORG-00105,small,manufacturing,125,182,14,77.0,0.0,6,21.5,False,False,2,182,False,0.0,20.0,45,False,False,21.3,True,False,27.3,23.4,False,False,84,53,95,27,0,False,0,False,0.0,False,75,False,False,False,177.0,78.0,12,True,6,False,61.0,28.0,False,True,False,3,False,False,SYNTHETIC,79.3,Critical,79.5
ORG-00106,medium,finance,934,1353,135,48.5,31.6,29,54.7,False,False,4,115,True,64.4,52.5,31,True,True,33.3,True,False,44.1,43.3,False,True,65,34,43,23,12,True,24,True,55.8,False,214,True,False,False,80.0,67.0,12,True,12,True,41.0,10.0,True,True,True,2,False,False,SYNTHETIC,43.8,Moderate,46.3
ORG-00107,small,government,26,36,1,54.5,58.2,1,15.5,False,False,1,116,False,0.0,20.0,53,False,False,31.3,True,False,11.6,29.0,True,False,84,61,54,34,0,False,0,False,23.2,False,19,False,False,False,155.0,103.0,6,True,3,True,63.0,22.0,False,False,False,3,True,False,SYNTHETIC,82.2,Critical,76.1
ORG-00108,small,technology,25,32,2,23.3,10.7,3,92.3,True,True,5,41,True,76.9,88.5,12,True,True,96.6,True,True,55.8,87.0,True,True,14,3,2,1,24,False,0,False,96.9,False,349,True,True,False,52.0,44.0,6,True,6,True,35.0,5.0,True,False,False,1,True,False,SYNTHETIC,17.9,Low,21.3
ORG-00109,medium,energy,574,905,63,84.7,12.9,14,60.2,False,False,3,79,True,60.2,55.8,33,True,True,72.0,True,True,48.2,64.8,True,True,39,30,19,13,12,True,0,True,71.8,True,304,False,False,True,100.0,50.0,24,True,12,True,25.0,13.0,True,True,False,0,False,False,SYNTHETIC,34.3,Moderate,36.2
ORG-00110,medium,energy,775,986,54,38.2,0.0,12,71.5,True,True,4,87,True,100.0,68.0,6,True,True,86.3,True,True,83.5,100.0,True,True,30,10,2,18,12,True,16,True,100.0,True,298,True,True,True,23.0,34.0,12,True,6,True,9.0,4.0,True,True,True,0,False,False,SYNTHETIC,13.9,Low,14.1
ORG-00111,small,finance,39,39,2,59.6,67.5,2,57.3,True,True,3,91,True,50.2,56.5,41,True,False,71.0,True,False,52.8,51.7,True,True,57,34,34,21,0,False,0,False,58.5,False,222,False,False,True,96.0,58.0,24,False,0,False,35.0,8.0,True,True,False,3,False,False,SYNTHETIC,51.4,High,50.6
ORG-00112,medium,retail,1335,2347,254,22.7,40.1,52,32.9,False,False,3,87,False,25.6,53.5,51,False,False,66.1,True,True,33.8,47.0,True,False,69,46,35,14,6,True,0,True,42.0,False,186,True,True,False,133.0,63.0,72,False,6,False,61.0,12.0,True,True,False,4,False,False,SYNTHETIC,55.1,High,55.3
ORG-00113,medium,education,510,828,58,26.9,26.0,12,40.6,False,False,3,155,False,54.5,33.8,46,False,False,37.4,True,True,28.4,30.9,True,False,81,53,55,28,12,False,16,True,30.5,False,89,False,False,False,161.0,78.0,1,False,0,False,53.0,20.0,True,False,False,2,False,True,SYNTHETIC,70.1,High,71.6
ORG-00114,medium,education,615,968,52,49.2,34.1,15,53.1,True,True,4,71,True,61.2,62.6,38,False,True,72.1,True,True,71.8,70.1,True,True,53,23,45,19,6,False,8,True,56.2,False,273,True,True,False,134.0,61.0,1,True,12,False,23.0,7.0,False,True,False,0,False,False,SYNTHETIC,41.7,Moderate,40.6
ORG-00115,small,manufacturing,92,128,5,64.8,24.5,4,51.5,True,True,2,124,True,32.6,45.6,33,False,True,68.5,True,False,32.1,38.6,False,False,44,52,47,15,12,True,8,True,47.3,False,181,True,False,True,110.0,86.0,12,False,6,False,39.0,14.0,False,True,True,5,False,False,SYNTHETIC,51.3,High,50.6
ORG-00116,small,healthcare,79,114,5,53.6,17.9,5,19.5,False,False,3,181,False,20.2,30.4,40,True,True,36.3,True,False,28.3,42.2,True,True,70,34,48,16,24,False,0,False,36.6,False,128,True,False,False,99.0,88.0,6,True,6,True,32.0,25.0,False,True,False,2,False,False,SYNTHETIC,64.7,High,63.1
ORG-00117,small,finance,56,70,1,55.0,0.0,2,77.9,True,True,3,64,True,64.1,62.7,33,False,True,53.8,True,True,37.8,68.0,True,True,33,29,64,16,12,False,0,False,62.8,False,293,True,False,False,75.0,36.0,24,True,0,True,12.0,3.0,True,False,False,1,True,False,SYNTHETIC,37.9,Moderate,37.0
ORG-00118,medium,retail,1384,1701,85,70.8,12.6,22,68.3,True,True,4,84,True,89.1,66.1,19,True,True,74.2,True,True,35.0,69.2,True,True,26,21,27,8,24,True,16,True,73.5,True,298,True,False,True,58.0,30.0,1,True,3,True,11.0,10.0,False,True,True,1,True,False,SYNTHETIC,22.5,Low,22.8
ORG-00119,small,manufacturing,6,8,1,61.1,8.0,3,30.2,False,False,1,187,False,34.4,29.0,47,False,True,15.9,True,True,12.8,34.5,False,False,83,37,45,26,12,False,8,True,12.1,False,84,False,False,False,195.0,92.0,1,True,12,False,60.0,18.0,False,False,False,4,True,False,SYNTHETIC,76.3,Critical,75.1
ORG-00120,small,finance,54,77,2,62.1,25.9,4,42.7,False,False,2,172,True,52.0,21.2,39,True,False,29.9,True,False,17.2,47.4,False,False,64,39,19,17,0,True,8,True,36.8,True,203,False,False,True,119.0,101.0,12,False,0,True,31.0,13.0,False,False,False,1,False,False,SYNTHETIC,59.2,High,61.2
ORG-00121,large,finance,2862,6411,753,66.8,46.9,154,94.3,True,True,5,50,True,100.0,91.9,5,True,True,90.4,True,True,61.8,83.0,True,True,2,11,19,1,12,True,24,True,94.1,True,386,True,True,True,23.0,32.0,12,True,12,True,2.0,2.0,True,True,True,0,False,False,SYNTHETIC,7.8,Low,8.8
ORG-00122,large,energy,4931,8584,1651,36.2,46.7,331,73.7,True,True,3,88,True,55.8,63.5,30,True,True,58.3,True,True,48.4,62.7,False,True,40,17,47,30,6,True,24,True,60.5,True,242,True,False,True,90.0,19.0,12,True,6,True,37.0,16.0,True,True,False,3,False,False,SYNTHETIC,31.1,Moderate,31.4
ORG-00123,small,government,101,103,4,41.7,45.1,3,37.1,True,True,2,114,True,55.5,43.3,39,False,False,50.7,True,False,24.8,54.1,False,False,59,32,39,18,0,False,8,True,39.8,False,207,False,False,False,109.0,81.0,24,True,1,False,43.0,15.0,False,False,True,0,False,False,SYNTHETIC,58.4,High,56.2
ORG-00124,large,energy,13163,25252,3561,43.7,36.5,716,100.0,True,True,5,49,True,73.0,81.8,10,True,True,100.0,True,True,80.6,100.0,True,True,9,3,2,7,12,True,24,True,95.1,True,436,True,True,True,7.0,1.0,6,True,6,True,8.0,4.0,True,True,True,0,False,False,SYNTHETIC,4.7,Low,5.3
ORG-00125,small,education,63,77,2,100.0,30.0,1,0.0,False,False,2,217,False,0.0,20.0,65,False,False,18.3,True,False,10.5,16.3,False,False,83,69,83,31,12,False,8,True,6.3,False,99,True,True,False,199.0,122.0,24,False,3,False,62.0,28.0,False,False,False,3,True,False,SYNTHETIC,96.3,Critical,85.6
ORG-00126,small,government,8,9,1,43.0,74.9,2,28.2,False,False,3,186,True,34.9,20.0,67,False,True,16.0,False,False,41.7,41.0,False,False,72,61,32,26,12,False,8,True,8.6,False,91,False,False,False,167.0,99.0,24,False,12,True,58.0,14.0,True,False,True,2,False,False,SYNTHETIC,72.8,High,72.7
ORG-00127,small,retail,57,75,4,68.5,21.7,5,43.5,False,False,2,131,False,16.3,20.0,48,False,False,25.8,True,False,32.6,60.7,False,False,54,36,43,27,0,False,16,True,40.1,False,182,False,False,True,147.0,100.0,24,True,12,False,50.0,19.0,True,True,False,2,True,False,SYNTHETIC,64.8,High,64.8
ORG-00128,small,retail,17,19,1,34.8,10.1,1,39.3,False,True,3,123,True,46.3,53.8,39,False,True,59.9,True,True,47.6,56.0,True,False,60,42,20,16,12,False,0,False,64.9,False,129,False,False,True,90.0,81.0,72,True,0,True,44.0,19.0,True,False,True,2,False,False,SYNTHETIC,41.2,Moderate,41.2
ORG-00129,small,education,40,58,2,91.8,22.4,4,0.0,False,False,2,167,False,45.5,20.0,47,False,False,29.4,True,False,19.1,39.6,False,True,82,47,65,22,12,True,0,True,51.5,True,109,True,False,False,156.0,110.0,12,False,6,False,63.0,29.0,True,False,True,1,True,True,SYNTHETIC,82.3,Critical,76.1
ORG-00130,large,education,11376,17835,2975,60.7,58.0,597,26.6,False,False,2,138,False,15.7,20.0,47,False,False,12.9,True,False,9.5,36.0,False,False,73,57,66,27,6,False,24,True,15.0,False,48,True,False,False,129.0,82.0,6,False,0,False,65.0,18.0,False,False,True,3,False,False,SYNTHETIC,83.4,Critical,79.8
ORG-00131,small,education,34,45,1,54.1,21.8,3,2.2,False,False,1,151,True,5.9,20.0,60,False,False,10.0,True,False,0.0,23.0,False,False,68,61,76,28,12,False,0,False,0.0,False,63,False,False,False,157.0,125.0,24,True,3,False,73.0,18.0,False,False,False,1,True,False,SYNTHETIC,85.7,Critical,81.9
ORG-00132,small,energy,78,113,2,87.3,35.8,1,58.0,False,True,5,80,True,59.9,53.0,26,True,True,89.4,True,False,77.8,75.2,True,True,47,38,6,7,24,True,8,True,79.4,False,241,True,True,False,40.0,41.0,12,False,12,True,25.0,6.0,True,False,False,1,True,False,SYNTHETIC,37.9,Moderate,38.3
ORG-00133,small,government,49,70,4,21.0,0.0,5,36.9,False,False,2,155,False,37.4,42.3,59,True,False,40.9,True,True,27.9,34.7,False,True,62,44,42,32,12,False,0,False,44.1,False,137,True,True,False,136.0,85.0,12,True,3,False,53.0,18.0,True,False,True,2,False,False,SYNTHETIC,64.0,High,61.8
ORG-00134,medium,retail,144,196,10,87.1,0.0,7,99.1,True,True,5,71,True,72.9,64.3,21,True,True,66.5,True,True,72.0,100.0,True,True,24,8,5,7,12,True,8,True,100.0,False,329,True,True,True,34.0,3.0,12,True,3,True,21.0,9.0,True,False,True,0,False,False,SYNTHETIC,9.0,Low,12.0
ORG-00135,medium,healthcare,183,265,25,20.7,96.9,7,34.2,False,False,2,114,False,19.1,46.7,48,False,False,45.5,True,True,26.1,55.5,False,True,58,49,40,24,12,False,16,True,28.9,False,170,False,False,False,143.0,86.0,12,False,12,False,49.0,17.0,True,True,True,0,False,False,SYNTHETIC,71.9,High,69.6
ORG-00136,medium,retail,719,1002,100,46.7,20.5,26,99.2,True,True,5,80,True,31.8,86.5,23,False,True,71.3,True,True,69.6,75.1,True,False,52,39,36,12,12,True,0,True,41.4,True,283,True,True,True,77.0,15.0,12,True,6,True,11.0,3.0,True,False,True,1,False,False,SYNTHETIC,22.8,Low,22.8
ORG-00137,small,retail,22,30,1,63.8,55.3,1,66.4,False,False,3,60,False,62.5,80.5,33,True,True,76.1,True,True,64.5,63.6,True,False,7,26,32,8,24,True,0,True,84.6,True,298,True,True,False,51.0,8.0,24,True,6,True,10.0,5.0,False,True,True,1,True,False,SYNTHETIC,33.9,Moderate,34.6
ORG-00138,medium,energy,876,1312,128,80.0,13.9,30,46.0,True,True,3,71,True,67.0,52.4,37,True,True,61.9,True,True,61.5,78.5,False,True,55,22,21,13,6,True,16,True,50.5,True,303,True,True,True,63.0,56.0,1,False,12,False,28.0,15.0,True,True,True,1,False,False,SYNTHETIC,37.5,Moderate,36.9
ORG-00139,medium,energy,647,1118,86,86.8,18.1,19,33.4,False,False,2,138,False,33.2,30.3,42,False,False,38.1,True,False,11.3,27.0,False,False,65,41,46,29,12,False,8,True,38.7,False,157,False,False,False,152.0,62.0,6,False,6,False,39.0,19.0,False,True,False,2,False,True,SYNTHETIC,79.1,Critical,78.3
ORG-00140,small,healthcare,50,64,4,81.3,3.5,4,27.8,False,True,4,115,True,51.3,54.1,37,False,True,47.6,True,True,66.8,48.8,True,False,21,40,21,15,12,True,0,True,41.6,True,215,True,False,False,75.0,60.0,12,True,3,True,30.0,16.0,True,False,True,2,False,False,SYNTHETIC,36.3,Moderate,36.3
ORG-00141,small,government,132,142,4,78.4,0.0,3,10.4,False,False,2,178,False,3.8,20.0,55,False,False,19.1,True,False,14.5,19.7,False,False,69,58,83,37,6,False,0,False,4.5,False,86,False,False,False,214.0,124.0,1,False,6,False,58.0,24.0,True,False,True,1,False,False,SYNTHETIC,97.2,Critical,85.8
ORG-00142,small,education,45,49,2,73.0,71.3,2,1.8,False,False,1,224,True,46.4,20.1,70,False,False,22.7,True,False,37.1,30.8,False,True,88,67,70,32,12,False,0,False,17.9,False,110,True,False,True,193.0,89.0,6,False,3,False,55.0,22.0,False,True,False,4,False,False,SYNTHETIC,92.1,Critical,80.3
ORG-00143,small,manufacturing,32,45,2,60.3,49.0,6,0.0,False,False,1,184,False,4.7,20.0,61,True,False,10.0,True,False,0.0,40.8,False,False,83,66,75,39,12,False,0,False,19.6,False,42,True,False,True,188.0,130.0,12,False,0,False,61.0,27.0,False,False,False,3,False,False,SYNTHETIC,100.0,Critical,87.1
ORG-00144,medium,energy,898,1347,97,48.6,15.9,24,53.9,True,True,3,150,False,69.9,65.7,21,False,True,58.6,True,True,43.9,76.1,False,True,30,23,51,13,12,False,0,False,46.9,False,200,True,True,True,79.0,49.0,6,True,3,True,39.0,2.0,False,True,True,0,False,False,SYNTHETIC,38.6,Moderate,40.4
ORG-00145,medium,government,965,1703,188,55.0,12.0,38,87.9,True,True,3,95,True,53.3,65.5,38,True,True,70.2,True,True,43.5,73.0,True,True,33,34,28,20,12,True,16,True,79.1,False,254,True,True,True,82.0,58.0,12,True,6,False,30.0,13.0,True,False,True,1,True,False,SYNTHETIC,27.7,Moderate,25.8
ORG-00146,small,energy,65,85,5,50.7,59.5,4,42.2,True,True,4,102,False,65.3,53.6,31,True,True,91.8,True,True,62.5,73.7,False,True,41,33,25,23,12,False,24,True,61.2,False,222,False,False,False,84.0,61.0,12,True,6,True,43.0,14.0,True,True,False,1,False,False,SYNTHETIC,42.6,Moderate,40.9
ORG-00147,large,government,6975,11287,2252,87.9,31.4,455,66.5,True,True,3,123,False,52.0,66.7,25,True,True,58.3,True,True,32.2,76.8,True,True,37,36,44,25,6,True,24,True,72.7,False,232,False,False,True,92.0,71.0,6,False,12,True,25.0,9.0,True,True,True,5,True,False,SYNTHETIC,40.5,Moderate,40.1
ORG-00148,medium,energy,1114,1556,176,59.4,18.5,38,46.4,False,False,3,122,True,81.8,62.0,21,False,False,67.7,True,True,55.1,70.9,True,False,27,18,42,10,6,True,8,True,49.0,True,334,True,True,True,74.0,61.0,12,False,3,True,20.0,7.0,True,True,True,1,False,True,SYNTHETIC,43.1,Moderate,39.0
ORG-00149,small,technology,9,11,1,33.9,75.1,4,53.2,False,False,3,121,False,42.0,51.3,42,True,True,44.6,True,False,48.5,53.2,True,True,63,46,42,33,0,False,0,False,21.0,False,252,False,False,False,107.0,66.0,24,True,3,False,35.0,10.0,True,False,False,2,True,False,SYNTHETIC,63.6,High,62.2
ORG-00150,medium,education,236,316,15,51.5,62.2,5,26.4,False,False,3,143,True,9.4,20.0,55,True,False,43.4,True,False,34.3,21.8,False,False,85,50,45,35,12,False,0,False,48.6,False,165,False,False,False,170.0,82.0,12,True,12,False,51.0,24.0,False,True,True,5,True,False,SYNTHETIC,68.1,High,70.7
ORG-00151,small,technology,11,14,1,78.9,57.0,3,84.7,True,True,3,78,True,62.9,67.7,29,True,False,61.0,True,True,54.1,79.2,True,True,8,17,14,17,6,False,0,False,74.4,False,248,False,False,False,71.0,49.0,12,False,6,False,27.0,10.0,True,True,True,3,False,False,SYNTHETIC,38.8,Moderate,40.2
ORG-00152,small,energy,23,24,1,36.2,53.6,1,46.7,True,True,3,127,True,38.4,51.2,33,False,True,59.6,True,False,32.9,45.1,True,True,59,43,51,19,12,False,0,False,46.1,False,226,True,False,False,64.0,64.0,6,False,12,True,46.0,6.0,True,True,True,1,False,False,SYNTHETIC,52.7,High,52.3
ORG-00153,medium,finance,780,1046,117,66.6,24.3,27,34.2,False,True,4,97,True,62.5,63.7,28,True,True,61.6,True,False,76.0,60.9,True,False,37,36,38,19,0,True,24,True,32.1,True,269,False,False,False,65.0,55.0,24,True,12,True,27.0,10.0,False,True,True,0,False,False,SYNTHETIC,42.8,Moderate,43.0
ORG-00154,medium,government,1059,1719,108,22.7,41.9,26,56.3,True,True,3,99,False,54.2,44.0,25,True,False,58.3,True,False,31.0,57.5,True,False,59,24,77,28,0,False,8,True,57.8,False,194,False,False,False,96.0,77.0,12,True,6,True,33.0,13.0,True,False,False,0,False,False,SYNTHETIC,55.3,High,53.9
ORG-00155,large,government,7636,15799,1730,57.8,67.7,348,66.8,True,True,5,61,True,60.3,98.9,17,True,True,100.0,True,True,64.3,82.6,True,True,23,8,2,8,12,True,16,True,70.8,False,308,True,True,True,43.0,13.0,12,False,0,True,6.0,10.0,True,True,False,1,True,True,SYNTHETIC,17.2,Low,19.5
ORG-00156,large,healthcare,15291,35389,4781,59.4,13.0,962,71.8,True,True,3,59,True,97.9,84.2,19,True,True,69.0,True,True,68.2,74.4,True,True,13,17,23,2,0,True,8,True,71.2,True,306,True,True,True,42.0,35.0,12,True,6,True,8.0,2.0,True,True,True,1,False,False,SYNTHETIC,15.5,Low,16.0
ORG-00157,medium,technology,2266,3898,206,46.1,57.3,42,22.4,False,False,2,166,False,19.3,20.0,57,False,False,24.3,True,False,0.6,64.7,True,False,68,44,35,30,0,True,24,True,30.3,True,140,False,False,False,112.0,72.0,6,True,6,True,46.0,14.0,False,False,False,1,True,False,SYNTHETIC,61.7,High,63.6
ORG-00158,small,technology,30,42,1,76.7,62.1,9,5.8,False,False,2,155,False,12.0,21.0,60,False,False,32.5,True,False,19.0,44.2,True,False,86,60,39,31,6,False,8,True,12.0,False,115,False,False,True,183.0,143.0,6,False,6,False,73.0,21.0,False,False,False,4,True,False,SYNTHETIC,87.3,Critical,81.3
ORG-00159,small,healthcare,50,68,3,81.2,14.7,3,61.4,True,True,3,101,True,50.5,75.5,33,False,True,83.9,True,True,52.9,59.9,True,False,47,25,31,15,6,False,0,False,54.0,False,267,True,True,False,64.0,28.0,12,False,6,False,24.0,9.0,False,True,False,0,False,False,SYNTHETIC,41.5,Moderate,43.1
ORG-00160,medium,finance,825,1093,114,24.2,33.5,26,88.8,False,False,3,95,True,72.2,78.2,20,True,True,70.2,True,False,41.2,80.5,True,True,31,23,42,18,12,True,8,True,73.6,True,236,True,True,True,128.0,63.0,6,False,0,True,23.0,11.0,False,True,True,0,False,False,SYNTHETIC,42.5,Moderate,41.8
ORG-00161,small,education,73,87,4,92.2,33.1,3,8.1,False,False,2,140,True,29.6,33.8,52,False,False,29.9,True,False,28.9,62.5,True,True,70,53,33,33,12,True,0,True,30.3,True,184,False,False,True,151.0,73.0,72,False,12,False,38.0,16.0,True,False,False,2,True,False,SYNTHETIC,78.7,Critical,69.7
ORG-00162,large,retail,8698,15490,2931,62.9,5.0,587,63.6,True,True,2,121,True,43.6,39.5,47,False,True,47.7,True,False,30.1,60.4,False,True,67,22,36,19,0,False,16,True,50.8,False,272,True,False,False,109.0,55.0,12,False,6,False,46.0,13.0,True,False,False,0,False,False,SYNTHETIC,56.0,High,54.6
ORG-00163,small,healthcare,17,25,1,42.3,47.9,4,33.4,False,False,3,126,False,60.6,34.6,33,False,True,44.5,True,True,17.7,34.0,True,False,55,46,35,26,12,False,0,False,60.4,False,161,False,False,True,87.0,77.0,1,False,6,True,52.0,16.0,False,False,False,4,True,False,SYNTHETIC,65.8,High,65.1
ORG-00164,small,retail,25,35,2,75.2,35.0,2,18.4,True,True,3,139,True,46.3,66.7,31,False,False,43.7,True,False,57.7,77.9,False,False,56,45,29,18,12,True,0,True,45.3,False,236,False,False,False,80.0,74.0,6,False,12,False,22.0,13.0,True,True,False,1,True,False,SYNTHETIC,53.9,High,57.0
ORG-00165,large,government,11985,22542,2993,30.0,71.1,599,71.7,True,True,3,75,False,50.7,56.3,33,True,True,62.3,True,True,53.7,74.6,True,False,43,36,41,14,12,False,24,True,73.2,False,206,True,False,False,101.0,55.0,12,True,12,False,24.0,2.0,True,False,True,1,True,False,SYNTHETIC,37.5,Moderate,39.0
ORG-00166,small,technology,43,61,4,66.3,23.1,3,53.8,False,False,2,108,False,25.5,37.7,47,False,True,52.1,True,False,20.8,57.3,False,False,55,53,58,21,0,False,16,True,46.7,False,215,False,False,False,136.0,69.0,12,True,6,True,35.0,16.0,True,True,False,1,False,False,SYNTHETIC,56.5,High,58.4
ORG-00167,large,retail,3779,6121,1159,63.8,29.7,237,66.5,True,True,4,58,True,52.5,59.7,14,True,True,92.7,True,True,65.9,72.9,True,True,57,23,40,5,6,True,24,True,54.5,True,261,True,False,False,59.0,47.0,24,True,6,True,22.0,12.0,True,True,True,0,False,False,SYNTHETIC,22.5,Low,22.8
ORG-00168,small,manufacturing,77,108,7,47.4,9.5,6,25.0,False,False,2,191,False,0.0,20.0,56,False,False,11.5,True,True,10.5,25.5,True,False,84,61,67,26,6,False,8,True,42.7,False,47,True,False,False,179.0,87.0,1,False,12,True,61.0,22.0,True,False,False,2,True,True,SYNTHETIC,73.8,High,73.0
ORG-00169,small,education,17,25,1,76.8,37.8,5,23.1,False,False,2,152,False,23.2,20.0,48,True,False,27.3,True,False,15.3,28.6,True,False,83,56,44,24,6,True,8,True,6.6,False,85,False,False,False,125.0,107.0,12,False,6,True,50.0,23.0,False,False,False,2,False,False,SYNTHETIC,74.6,High,75.5
ORG-00170,medium,finance,797,1136,117,92.2,40.5,27,80.0,True,True,4,69,True,72.8,76.5,28,True,False,84.3,True,True,76.6,80.1,True,True,10,18,31,11,0,True,24,True,62.6,True,318,True,False,False,26.0,23.0,6,True,6,True,15.0,7.0,True,False,True,0,False,False,SYNTHETIC,21.4,Low,22.6
ORG-00171,small,manufacturing,28,31,1,45.9,54.6,4,0.0,False,False,1,187,False,14.7,21.0,56,False,False,15.0,True,False,10.0,37.5,True,False,91,31,65,34,6,False,0,False,22.4,False,107,False,False,False,172.0,130.0,24,False,6,False,66.0,15.0,False,False,True,2,True,False,SYNTHETIC,91.8,Critical,86.8
ORG-00172,medium,government,518,915,80,71.7,47.0,17,30.4,False,False,3,149,True,39.4,46.2,37,True,False,49.5,True,True,18.2,51.2,False,False,57,45,50,19,24,False,16,True,40.7,False,180,True,False,False,142.0,78.0,6,True,12,False,38.0,9.0,True,False,True,4,True,False,SYNTHETIC,58.8,High,58.7
ORG-00173,small,education,39,54,2,70.0,8.8,3,0.0,False,False,2,239,False,0.2,20.0,79,False,False,10.0,True,False,20.1,26.8,False,False,93,73,75,34,12,False,0,False,0.0,False,14,False,False,False,186.0,139.0,6,True,6,False,76.0,15.0,False,False,False,0,False,False,SYNTHETIC,89.7,Critical,86.1
ORG-00174,large,energy,13374,20554,2186,84.1,9.4,442,47.9,False,False,3,132,True,31.0,68.1,36,False,True,56.2,True,False,20.1,53.0,True,True,46,37,40,23,6,False,24,True,57.0,False,222,True,False,True,65.0,44.0,12,False,6,True,31.0,6.0,False,True,True,1,True,False,SYNTHETIC,50.7,High,51.3
ORG-00175,small,technology,8,11,1,81.2,68.5,5,32.2,False,False,3,165,False,50.6,43.4,56,False,True,42.4,True,False,26.1,34.0,True,True,60,48,65,29,12,True,0,True,38.8,False,186,False,False,False,165.0,75.0,12,True,0,False,40.0,13.0,False,False,False,1,False,False,SYNTHETIC,65.1,High,66.1
ORG-00176,medium,energy,294,407,46,39.3,73.6,10,86.4,True,True,4,86,True,75.2,80.2,28,True,True,73.1,True,True,60.3,80.4,False,False,31,18,30,2,12,True,24,True,72.0,True,286,True,False,True,61.0,55.0,72,False,12,True,12.0,12.0,True,True,True,0,False,False,SYNTHETIC,27.8,Moderate,27.2
ORG-00177,medium,healthcare,204,299,16,77.4,22.1,5,22.1,False,False,2,193,True,36.9,29.8,45,False,False,37.1,True,False,14.8,45.7,True,True,52,50,66,31,6,True,0,True,26.7,True,199,True,False,False,173.0,85.0,12,False,6,False,51.0,23.0,False,False,False,1,True,False,SYNTHETIC,78.0,Critical,72.6
ORG-00178,small,education,16,21,1,74.2,52.2,2,0.0,False,False,1,149,False,40.9,20.0,57,False,True,10.6,True,False,0.0,23.3,False,False,98,55,66,33,0,False,0,False,9.3,False,49,False,False,False,170.0,102.0,6,False,6,True,72.0,25.0,False,False,False,7,False,True,SYNTHETIC,99.1,Critical,88.9
ORG-00179,large,government,10473,22702,1887,41.6,69.7,378,60.9,True,True,4,74,True,78.6,66.7,27,True,True,63.9,True,False,18.2,70.9,True,True,41,27,25,12,6,True,0,True,48.3,True,309,True,True,False,76.0,36.0,12,True,0,False,23.0,18.0,True,True,False,1,True,False,SYNTHETIC,30.0,Moderate,32.4
ORG-00180,medium,education,508,684,40,62.0,56.0,9,17.9,False,False,2,161,False,25.6,28.2,33,True,True,33.0,True,False,46.4,45.3,False,False,56,40,68,36,24,True,24,True,21.3,True,149,False,False,True,172.0,70.0,6,True,12,False,45.0,18.0,False,True,False,1,True,False,SYNTHETIC,74.1,High,69.0
ORG-00181,small,retail,20,23,1,77.5,43.6,2,39.5,False,False,2,164,True,11.2,34.8,51,False,True,31.2,True,True,57.6,50.4,False,False,85,45,64,21,24,False,8,True,31.8,False,157,True,False,False,138.0,72.0,12,False,3,False,46.0,16.0,False,True,False,3,True,False,SYNTHETIC,67.0,High,68.4
ORG-00182,small,finance,31,38,1,67.0,9.4,4,84.0,True,True,4,64,False,80.8,85.4,25,True,True,84.4,True,True,89.8,94.4,False,True,28,18,24,7,0,True,8,True,89.4,False,285,True,True,False,72.0,13.0,168,True,3,True,31.0,10.0,True,True,True,0,False,False,SYNTHETIC,19.6,Low,20.8
ORG-00183,medium,healthcare,994,1315,94,53.3,12.9,20,15.0,False,False,3,146,False,22.8,20.0,45,False,False,41.6,True,False,24.1,48.0,True,False,74,54,59,20,12,True,16,True,46.5,True,151,False,False,False,135.0,70.0,1,True,1,False,47.0,17.0,False,False,False,3,False,False,SYNTHETIC,70.9,High,65.4
ORG-00184,small,retail,24,34,1,32.1,0.0,1,61.8,True,True,3,119,True,87.0,33.9,35,False,True,59.6,True,False,48.1,53.5,True,True,62,26,44,20,12,True,24,True,68.2,False,207,False,False,True,110.0,83.0,72,True,6,True,41.0,21.0,False,True,False,1,False,False,SYNTHETIC,38.6,Moderate,39.2
ORG-00185,medium,retail,318,453,53,26.0,13.5,13,49.6,False,True,3,111,True,41.8,61.2,47,False,True,57.5,True,False,62.4,62.9,True,False,39,29,40,28,0,True,24,True,52.7,True,268,True,True,True,134.0,60.0,12,True,1,True,39.0,12.0,True,False,False,1,False,False,SYNTHETIC,37.9,Moderate,37.8
ORG-00186,medium,education,1685,2038,128,31.0,65.0,29,17.1,False,False,3,179,False,18.5,20.0,55,False,False,26.6,True,True,18.2,27.7,False,True,73,48,59,39,12,False,0,False,30.7,False,102,False,False,True,147.0,90.0,12,False,6,False,57.0,16.0,False,False,False,5,True,False,SYNTHETIC,85.9,Critical,80.6
ORG-00187,small,finance,25,28,1,100.0,19.8,1,33.8,False,False,3,145,False,31.7,24.1,50,False,True,58.3,True,False,32.2,34.7,False,True,84,47,63,31,12,False,0,False,26.9,False,118,False,False,False,134.0,79.0,24,True,12,False,61.0,18.0,False,False,False,3,True,False,SYNTHETIC,80.4,Critical,76.7
ORG-00188,small,technology,21,26,1,66.3,11.8,3,5.3,False,False,2,210,False,22.3,20.0,47,False,False,26.2,True,False,14.6,21.7,False,False,68,70,73,36,12,False,0,False,0.0,False,105,False,False,False,170.0,110.0,6,True,12,False,58.0,25.0,False,False,False,2,False,False,SYNTHETIC,91.2,Critical,84.6
ORG-00189,medium,education,2357,2995,202,66.1,28.8,40,39.3,False,False,3,134,False,22.3,33.4,36,True,False,59.0,True,True,32.6,38.3,True,False,54,48,74,25,0,True,8,True,27.6,True,120,False,False,False,165.0,87.0,1,False,1,True,61.0,18.0,True,False,False,0,False,False,SYNTHETIC,72.5,High,63.8
ORG-00190,medium,manufacturing,940,1600,121,49.1,42.7,24,32.5,False,False,3,169,True,28.9,41.3,43,False,True,30.4,True,True,0.0,40.3,False,False,71,51,39,27,6,True,0,True,31.8,True,153,False,False,False,143.0,77.0,1,False,6,True,68.0,20.0,True,False,False,2,True,True,SYNTHETIC,64.4,High,63.7
ORG-00191,medium,retail,283,409,38,44.9,21.2,12,16.0,False,False,1,209,False,29.5,20.0,54,False,True,35.0,True,False,22.6,47.9,False,True,105,43,81,29,12,True,8,True,29.8,True,51,False,False,True,180.0,102.0,72,False,12,True,56.0,24.0,False,False,False,1,False,True,SYNTHETIC,91.9,Critical,79.2
ORG-00192,small,healthcare,26,38,2,69.7,82.9,2,48.0,False,False,3,166,False,36.5,33.9,49,False,True,37.5,True,False,45.5,41.1,False,True,63,53,56,17,12,False,8,True,17.5,False,135,False,False,False,171.0,104.0,12,False,1,True,42.0,14.0,False,True,False,1,False,True,SYNTHETIC,78.7,Critical,71.9
ORG-00193,medium,manufacturing,326,414,41,52.0,58.8,11,46.1,False,True,4,85,False,59.3,45.6,31,False,True,61.0,True,True,64.5,62.5,True,True,46,42,36,18,12,True,16,True,49.9,True,261,True,False,False,69.0,62.0,12,False,1,True,24.0,8.0,True,False,False,2,False,False,SYNTHETIC,44.1,Moderate,45.7
ORG-00194,small,technology,12,15,1,86.7,41.1,3,0.0,False,False,1,201,False,0.4,20.0,50,True,False,24.5,True,False,0.0,16.8,False,False,105,72,83,34,12,False,8,True,11.1,False,25,False,False,False,196.0,127.0,72,False,3,False,82.0,22.0,False,True,False,3,True,True,SYNTHETIC,95.2,Critical,88.8
ORG-00195,small,education,28,38,1,89.2,35.9,4,6.6,False,False,2,195,False,36.9,26.1,48,False,False,19.8,True,False,13.7,45.8,True,False,57,60,77,35,0,False,0,False,15.3,False,124,False,False,False,156.0,76.0,12,False,0,False,58.0,17.0,True,True,False,2,False,False,SYNTHETIC,88.3,Critical,79.2
ORG-00196,medium,healthcare,116,166,18,79.3,49.3,5,50.4,True,True,3,77,False,46.3,66.0,33,True,False,55.2,False,True,36.6,59.5,True,True,57,33,46,17,12,False,0,False,60.7,False,270,True,True,False,86.0,44.0,12,True,12,True,34.0,11.0,False,False,True,0,False,False,SYNTHETIC,48.9,Moderate,47.0
ORG-00197,small,healthcare,26,31,1,50.2,0.0,4,12.8,False,False,2,191,True,15.1,31.7,35,True,False,50.0,True,False,26.6,29.9,True,True,64,53,42,26,24,False,8,True,15.1,False,183,False,False,False,133.0,75.0,12,False,12,False,42.0,23.0,False,False,False,1,False,False,SYNTHETIC,84.5,Critical,78.2
ORG-00198,large,energy,24954,50931,9741,90.0,40.5,1949,95.9,True,True,5,15,True,100.0,99.8,14,True,True,79.5,True,True,72.8,86.3,True,True,10,3,4,8,12,True,16,True,73.6,False,351,True,True,True,21.0,32.0,12,True,3,True,11.0,1.0,True,True,True,0,False,False,SYNTHETIC,9.1,Low,9.7
ORG-00199,small,government,58,69,4,90.5,50.4,4,41.2,False,False,2,160,False,22.5,35.0,33,False,True,17.1,True,False,28.2,53.1,False,False,80,56,30,26,12,False,0,False,34.0,False,132,True,False,False,169.0,117.0,24,False,12,True,39.0,18.0,False,False,True,0,False,False,SYNTHETIC,75.4,Critical,74.7
ORG-00200,medium,technology,1135,1904,141,62.9,20.2,32,46.2,False,True,4,109,True,66.6,67.0,20,False,True,79.0,True,False,69.9,67.1,True,False,32,17,23,8,12,True,8,True,79.6,False,283,True,True,True,38.0,48.0,12,True,1,True,19.0,16.0,False,True,True,1,False,False,SYNTHETIC,27.8,Moderate,28.6
ORG-00201,small,finance,18,18,1,77.0,43.6,4,47.2,False,False,4,152,False,37.5,26.1,40,False,True,40.1,True,True,26.9,49.2,False,True,67,37,49,25,6,False,0,False,33.2,False,193,False,False,True,134.0,64.0,24,False,12,True,44.0,17.0,False,True,False,2,False,False,SYNTHETIC,65.2,High,66.8
ORG-00202,medium,retail,687,1046,109,70.0,31.1,27,29.4,False,False,2,102,False,14.6,31.6,36,False,True,37.7,True,True,15.8,59.8,False,True,45,46,41,22,12,True,0,True,36.6,True,100,False,False,False,131.0,47.0,1,False,12,False,40.0,16.0,True,False,False,4,False,False,SYNTHETIC,67.9,High,68.1
ORG-00203,small,energy,24,31,1,78.3,72.6,2,34.1,False,False,4,166,True,37.2,35.3,47,True,False,57.9,True,False,64.2,46.7,True,False,51,36,36,8,24,False,0,False,37.5,False,175,False,False,False,114.0,91.0,24,True,1,False,61.0,9.0,False,True,False,3,False,False,SYNTHETIC,58.2,High,59.8
ORG-00204,large,technology,6626,10500,1425,57.9,54.4,287,39.7,False,False,3,113,False,50.0,43.4,36,False,False,51.9,False,False,35.3,48.6,True,True,59,31,33,21,6,False,16,True,31.4,False,202,True,True,False,104.0,62.0,12,True,12,True,50.0,18.0,False,False,False,2,False,False,SYNTHETIC,59.3,High,58.9
ORG-00205,small,healthcare,24,33,2,94.6,37.2,1,4.1,False,False,2,175,False,8.0,20.2,66,False,False,10.0,True,False,6.2,35.7,False,True,80,66,75,33,0,True,0,True,10.1,False,72,False,False,True,177.0,125.0,12,False,6,True,66.0,20.0,False,True,False,2,False,False,SYNTHETIC,95.0,Critical,80.8
ORG-00206,medium,finance,264,454,24,56.4,56.2,7,62.2,False,False,4,132,True,24.9,41.7,43,False,False,49.3,True,True,43.8,62.0,True,True,52,31,45,21,12,True,8,True,46.6,True,250,False,False,True,117.0,62.0,12,False,3,False,43.0,11.0,False,False,False,1,False,True,SYNTHETIC,55.1,High,55.9
ORG-00207,large,technology,26034,47763,5994,72.3,34.1,1198,100.0,True,True,4,66,True,89.1,78.3,23,True,True,72.5,True,True,75.6,93.1,True,True,8,11,21,11,6,True,24,True,72.2,True,382,True,True,True,4.0,50.0,12,True,6,True,22.0,1.0,True,True,True,0,False,False,SYNTHETIC,11.9,Low,12.2
ORG-00208,small,energy,16,18,1,52.3,21.0,4,22.9,False,False,2,198,True,11.9,24.4,48,False,False,28.7,True,False,31.9,32.4,False,False,80,55,59,25,0,False,0,False,6.1,False,152,False,False,True,151.0,117.0,12,False,6,True,61.0,17.0,True,False,True,2,False,False,SYNTHETIC,83.3,Critical,74.9
ORG-00209,small,healthcare,28,40,1,68.7,53.5,2,24.5,False,False,3,130,False,17.8,26.6,54,False,False,32.4,True,False,22.3,57.5,False,False,42,47,49,18,12,False,16,True,14.1,False,135,True,False,True,149.0,61.0,6,True,6,True,44.0,8.0,True,True,False,0,False,False,SYNTHETIC,60.0,High,60.4
ORG-00210,small,technology,27,35,1,88.7,52.5,4,0.0,False,False,1,229,False,4.6,20.0,60,False,False,32.3,True,False,0.0,46.2,False,False,90,60,71,38,12,False,8,True,13.5,False,97,True,True,True,190.0,105.0,12,False,3,False,68.0,21.0,False,True,False,5,True,True,SYNTHETIC,93.2,Critical,81.6
ORG-00211,small,finance,2,2,1,58.7,61.2,4,95.9,True,True,4,17,True,74.4,73.2,3,True,True,94.6,True,True,100.0,91.1,True,True,16,18,24,10,12,True,0,True,68.4,False,396,True,True,False,22.0,7.0,12,True,3,True,4.0,5.0,True,True,True,0,False,False,SYNTHETIC,14.2,Low,15.8
ORG-00212,medium,healthcare,327,422,23,79.7,29.8,9,77.2,True,True,3,62,True,53.5,67.7,17,True,True,88.8,True,True,71.9,74.7,True,True,47,23,28,14,0,True,0,True,64.2,True,333,True,True,True,65.0,17.0,1,True,3,True,22.0,3.0,True,True,True,0,False,False,SYNTHETIC,21.1,Low,20.5
ORG-00213,large,energy,20175,49602,6171,63.0,41.4,1236,100.0,True,True,4,81,True,89.4,91.5,9,True,True,90.5,True,True,90.1,100.0,True,True,10,25,18,10,12,True,8,True,91.8,True,312,True,True,True,32.0,31.0,72,True,3,True,15.0,6.0,True,False,False,0,False,False,SYNTHETIC,14.4,Low,14.7
ORG-00214,medium,education,1853,3263,297,39.1,25.8,64,41.2,False,False,4,153,True,37.1,37.5,39,True,False,41.5,True,False,36.8,46.6,False,False,74,33,56,31,12,False,24,True,54.8,False,237,True,True,False,132.0,61.0,24,False,1,False,46.0,14.0,False,False,False,1,False,True,SYNTHETIC,68.9,High,67.9
ORG-00215,large,energy,38503,64340,11790,70.8,5.0,2360,85.5,True,True,4,78,True,90.2,87.2,39,True,True,79.5,True,True,77.8,63.6,True,True,34,14,23,5,12,True,16,True,70.3,True,280,True,False,True,61.0,37.0,1,True,1,True,22.0,8.0,False,True,False,0,False,False,SYNTHETIC,20.4,Low,20.0
ORG-00216,large,manufacturing,1349,3313,437,61.1,34.6,90,51.9,True,True,5,79,True,44.1,74.4,21,True,True,83.1,True,True,37.6,65.9,True,True,51,30,17,10,12,True,16,True,68.0,True,215,True,True,True,55.0,37.0,24,True,6,True,18.0,13.0,True,False,True,1,True,False,SYNTHETIC,21.2,Low,21.3
ORG-00217,small,education,20,28,1,86.7,24.2,6,26.7,False,False,2,129,True,22.5,36.9,46,True,True,41.4,True,False,0.0,48.4,True,False,95,45,64,25,12,False,0,False,36.9,False,85,True,False,True,130.0,65.0,12,True,6,True,61.0,11.0,False,True,True,1,True,False,SYNTHETIC,61.3,High,61.2
ORG-00218,small,energy,5,6,1,79.3,42.2,1,63.4,True,True,3,109,True,33.8,70.4,40,True,False,61.5,True,True,60.1,56.9,True,False,41,33,30,19,12,True,0,True,67.5,True,226,True,False,False,77.0,39.0,12,True,3,False,51.0,16.0,False,True,False,1,True,False,SYNTHETIC,37.7,Moderate,37.2
ORG-00219,small,energy,7,7,1,55.9,62.6,10,87.2,True,True,4,32,True,81.1,82.9,25,True,True,68.7,True,True,65.5,94.3,True,True,15,4,35,12,6,True,0,True,81.5,True,360,True,True,False,45.0,20.0,72,True,6,True,8.0,4.0,True,True,False,0,False,False,SYNTHETIC,23.8,Low,21.0
ORG-00220,large,government,5897,14306,1926,71.2,67.2,389,27.2,False,False,3,139,False,3.0,35.8,51,False,True,49.0,True,False,36.9,28.1,False,False,47,49,47,18,6,False,24,True,45.2,False,164,False,False,False,133.0,102.0,12,False,6,False,47.0,13.0,True,False,True,4,False,False,SYNTHETIC,69.0,High,69.0
ORG-00221,medium,finance,1474,2531,164,23.3,15.9,35,84.6,True,True,3,48,True,67.0,66.0,26,False,True,57.3,True,True,80.2,75.7,True,False,40,18,18,14,0,True,24,True,47.5,True,274,True,True,False,40.0,26.0,6,True,6,True,21.0,9.0,True,True,True,1,False,False,SYNTHETIC,17.5,Low,20.2
ORG-00222,medium,manufacturing,888,1556,136,59.8,0.2,30,60.7,True,True,3,113,True,49.7,69.5,29,True,True,82.0,True,True,29.9,46.5,True,True,45,26,45,7,12,False,16,True,40.4,False,302,True,False,False,75.0,35.0,12,False,3,True,18.0,10.0,True,True,True,1,False,False,SYNTHETIC,36.9,Moderate,37.3
ORG-00223,medium,government,1993,3454,308,41.5,86.3,66,12.6,False,False,2,158,False,28.7,40.7,49,False,True,36.0,True,False,24.7,45.2,False,False,79,45,78,29,6,True,16,True,13.1,True,129,False,False,False,150.0,105.0,6,False,1,True,65.0,23.0,True,True,False,0,False,False,SYNTHETIC,77.9,Critical,71.6
ORG-00224,medium,retail,518,626,37,24.5,31.1,10,74.8,True,True,4,84,False,54.8,67.6,20,True,True,71.5,True,True,58.8,70.3,True,False,36,17,13,9,12,True,8,True,64.4,True,366,True,True,True,62.0,30.0,6,True,6,False,37.0,1.0,True,False,False,1,True,False,SYNTHETIC,26.0,Moderate,26.7
ORG-00225,medium,education,700,988,64,64.0,37.8,15,55.5,True,True,3,75,False,37.8,50.8,35,True,False,63.4,True,True,43.0,61.5,True,False,40,24,55,17,12,True,8,True,74.2,True,271,True,True,True,73.0,44.0,12,False,3,False,44.0,17.0,False,False,True,0,False,False,SYNTHETIC,45.9,Moderate,46.0
ORG-00226,small,finance,17,21,1,100.0,39.5,3,50.7,False,False,4,115,True,34.4,54.5,13,False,False,61.3,True,True,55.5,75.2,False,True,68,43,28,9,24,False,24,True,69.7,False,236,False,False,True,98.0,53.0,6,True,6,True,18.0,18.0,True,False,True,2,True,False,SYNTHETIC,43.2,Moderate,43.2
ORG-00227,small,finance,21,27,2,42.2,65.4,2,32.5,False,False,2,136,False,34.7,23.8,31,False,False,56.1,True,True,28.3,40.8,True,False,53,32,28,18,12,False,0,False,41.9,False,186,False,False,False,119.0,82.0,72,True,3,False,34.0,19.0,False,False,True,2,True,False,SYNTHETIC,58.3,High,60.5
ORG-00228,medium,healthcare,847,1027,68,48.3,44.9,19,79.1,True,True,4,84,True,69.4,77.8,24,False,True,96.4,True,True,70.6,74.3,True,True,26,30,6,13,12,True,8,True,79.1,True,310,True,True,True,51.0,43.0,24,True,1,True,19.0,7.0,True,True,True,1,True,False,SYNTHETIC,13.1,Low,14.9
ORG-00229,small,energy,57,67,3,25.1,36.1,2,65.3,True,True,4,91,False,44.0,50.7,32,True,False,70.8,True,True,39.8,71.9,True,True,31,25,29,9,6,False,8,True,59.5,False,245,True,True,True,70.0,52.0,1,True,12,True,28.0,8.0,True,True,False,2,False,False,SYNTHETIC,33.9,Moderate,32.4
ORG-00230,small,technology,20,23,1,28.5,0.0,2,58.0,False,False,2,129,False,43.2,35.9,56,False,True,48.8,True,False,31.7,37.0,True,False,72,46,59,19,0,False,8,True,43.2,False,175,False,False,True,160.0,64.0,6,False,6,False,59.0,15.0,False,True,True,5,False,False,SYNTHETIC,68.6,High,67.1
ORG-00231,large,finance,6413,9842,1603,42.5,44.9,324,54.1,True,True,4,70,True,52.6,60.4,22,False,False,75.8,True,True,39.5,56.2,False,False,56,24,43,13,12,False,24,True,45.1,False,251,True,False,False,111.0,38.0,6,True,0,True,22.0,10.0,False,False,False,0,False,False,SYNTHETIC,41.2,Moderate,41.5
ORG-00232,medium,manufacturing,1052,1857,144,70.4,39.9,31,25.8,False,False,2,145,False,45.1,44.8,44,True,False,34.1,True,True,33.8,43.0,False,False,58,42,63,30,12,False,8,True,21.3,False,181,True,False,True,173.0,88.0,12,False,6,False,55.0,20.0,False,True,False,2,False,False,SYNTHETIC,80.1,Critical,73.7
ORG-00233,small,finance,120,132,5,100.0,60.7,2,58.1,True,True,3,108,True,63.0,55.8,25,False,True,56.3,True,False,62.0,65.6,True,True,51,39,68,14,24,True,0,True,36.9,True,181,False,False,False,108.0,44.0,12,True,6,False,40.0,16.0,True,False,False,0,False,False,SYNTHETIC,46.5,Moderate,48.4
ORG-00234,medium,energy,504,668,53,53.5,24.1,11,69.3,False,False,4,72,True,60.9,58.2,21,True,True,86.5,True,False,63.1,49.4,True,True,28,35,6,6,12,False,16,True,82.9,False,274,True,True,True,67.0,32.0,6,False,6,False,29.0,12.0,True,True,True,0,False,False,SYNTHETIC,37.4,Moderate,37.8
ORG-00235,medium,education,549,904,73,56.6,32.5,18,24.5,False,False,2,172,False,9.0,38.3,47,False,False,19.6,True,False,9.8,38.8,False,True,74,59,65,23,12,False,16,True,32.8,False,135,True,False,False,137.0,85.0,24,False,3,False,49.0,20.0,False,False,False,1,True,False,SYNTHETIC,79.7,Critical,78.9
ORG-00236,medium,education,745,1027,83,48.9,40.1,18,39.8,False,False,2,161,False,19.1,25.8,61,False,True,42.1,True,True,11.4,43.8,False,True,79,47,53,27,12,True,24,True,8.9,True,151,False,False,True,140.0,100.0,1,False,6,False,61.0,18.0,True,True,True,1,False,False,SYNTHETIC,71.6,High,64.7
ORG-00237,small,education,33,42,2,82.7,52.3,1,12.0,False,False,2,184,False,46.2,20.0,56,False,False,20.6,True,False,19.9,10.0,True,False,95,61,61,31,6,False,0,False,13.0,False,43,False,False,True,159.0,106.0,6,False,3,False,50.0,26.0,False,False,False,1,True,True,SYNTHETIC,96.7,Critical,84.3
ORG-00238,small,government,25,28,1,49.5,44.8,2,63.5,True,True,4,73,True,44.2,89.4,40,False,True,58.6,True,True,68.3,72.8,True,False,37,27,43,17,24,False,0,False,73.3,False,234,True,True,False,80.0,54.0,1,False,6,False,32.0,11.0,True,True,True,0,False,False,SYNTHETIC,38.4,Moderate,41.9
ORG-00239,small,education,46,61,2,19.0,2.0,5,34.4,False,False,2,140,False,33.6,47.7,54,True,True,42.2,True,False,22.6,31.0,True,True,54,36,55,28,6,False,24,True,22.3,False,147,False,False,True,152.0,94.0,24,True,0,False,44.0,24.0,False,True,False,1,True,False,SYNTHETIC,64.5,High,63.1
ORG-00240,large,manufacturing,3823,6665,1325,75.3,53.0,269,70.5,True,True,3,134,False,53.8,60.9,27,False,True,40.2,True,True,48.9,45.6,False,True,40,23,27,10,24,False,24,True,54.7,False,264,True,True,False,62.0,61.0,12,True,6,False,37.0,10.0,True,False,False,1,True,False,SYNTHETIC,39.2,Moderate,41.2
ORG-00241,large,healthcare,8710,13170,1263,71.9,15.7,256,52.1,False,False,4,104,True,36.6,50.9,46,True,True,55.6,True,True,64.8,62.2,True,False,48,33,37,17,12,False,24,True,45.7,False,190,True,False,True,99.0,66.0,6,False,3,False,41.0,12.0,True,False,True,1,True,False,SYNTHETIC,49.2,Moderate,48.3
ORG-00242,small,retail,45,67,4,51.4,20.8,2,52.6,False,False,3,135,False,32.7,51.0,35,False,True,64.5,True,True,50.1,45.4,True,True,62,43,39,17,12,True,0,True,45.0,True,228,True,False,False,75.0,65.0,72,False,6,False,27.0,6.0,False,False,False,1,True,False,SYNTHETIC,57.8,High,58.0
ORG-00243,small,government,99,138,10,78.1,53.4,4,46.8,False,False,2,119,False,50.3,31.8,43,False,False,47.5,True,True,38.4,68.6,True,True,64,42,52,21,24,False,8,True,24.7,False,199,False,False,True,126.0,85.0,6,False,6,True,33.0,17.0,True,True,True,2,False,False,SYNTHETIC,69.1,High,62.4
ORG-00244,medium,energy,861,1063,96,55.2,54.6,25,34.5,False,False,3,116,True,25.9,36.7,54,True,True,50.8,True,True,34.7,36.6,False,False,63,38,71,37,24,True,0,True,23.6,False,214,True,True,True,102.0,81.0,12,True,6,False,56.0,17.0,True,False,False,2,False,False,SYNTHETIC,58.7,High,56.5
ORG-00245,small,retail,58,85,4,50.0,26.0,1,48.2,False,False,2,149,False,47.1,37.3,48,False,False,31.6,True,False,13.1,38.3,True,True,76,39,54,31,6,False,0,False,24.1,False,123,False,False,False,150.0,75.0,24,True,6,False,48.0,21.0,False,False,False,3,False,False,SYNTHETIC,72.5,High,73.1
ORG-00246,medium,finance,380,579,44,18.8,0.0,12,46.8,False,False,2,119,True,8.0,30.5,40,False,True,39.5,True,False,13.8,45.2,True,False,49,38,74,18,12,False,8,True,48.1,False,176,False,False,True,133.0,65.0,12,False,6,False,60.0,13.0,True,False,False,2,False,False,SYNTHETIC,68.0,High,65.6
ORG-00247,medium,education,538,764,66,56.9,58.9,15,73.9,True,True,4,54,False,64.9,55.8,23,True,False,73.0,False,True,56.8,70.2,True,True,29,25,11,16,0,True,16,True,61.3,True,288,True,False,True,43.0,43.0,12,False,6,True,24.0,4.0,True,True,True,0,False,False,SYNTHETIC,32.8,Moderate,31.3
ORG-00248,medium,energy,854,1143,60,15.0,0.0,16,78.5,True,True,5,63,True,67.5,100.0,22,True,True,98.4,True,True,68.8,74.8,True,True,23,15,26,14,6,True,8,True,81.3,True,322,False,False,True,36.0,13.0,1,True,6,False,17.0,10.0,True,True,True,0,False,False,SYNTHETIC,21.6,Low,20.4
ORG-00249,medium,education,793,1275,119,74.5,48.8,27,56.7,False,True,3,107,True,50.4,61.9,36,False,True,66.2,True,True,74.6,48.4,True,True,44,33,49,14,12,True,8,True,41.6,True,265,True,False,True,114.0,69.0,12,False,3,False,30.0,6.0,True,False,False,1,False,False,SYNTHETIC,44.6,Moderate,45.1
ORG-00250,medium,manufacturing,1122,1924,219,28.6,96.9,44,52.9,False,False,2,180,False,8.1,22.5,59,True,False,38.6,True,False,29.9,28.9,False,False,82,47,59,34,12,False,16,True,30.8,False,103,False,False,False,175.0,126.0,12,False,0,False,53.0,14.0,False,True,False,3,False,False,SYNTHETIC,77.5,Critical,78.9
ORG-00251,small,retail,23,23,1,100.0,35.2,1,40.2,False,True,3,141,False,48.2,71.7,37,True,True,75.9,True,True,48.2,66.2,False,True,60,34,47,20,24,True,0,True,53.4,False,254,True,False,True,82.0,48.0,6,False,12,True,35.0,12.0,True,False,False,2,False,False,SYNTHETIC,54.4,High,54.1
ORG-00252,large,healthcare,24266,56130,6491,49.6,52.9,1301,58.2,False,False,2,123,True,60.3,42.1,44,False,True,64.9,False,False,27.3,45.0,False,False,67,49,45,19,12,False,16,True,39.8,False,155,True,False,False,105.0,66.0,1,False,0,False,42.0,12.0,True,True,False,2,False,False,SYNTHETIC,58.6,High,60.9
ORG-00253,small,retail,73,90,3,41.5,17.4,3,82.9,True,True,5,83,True,69.8,75.8,23,True,True,85.3,True,True,61.6,79.4,True,True,20,11,20,16,0,False,0,False,59.4,False,307,True,True,False,33.0,1.0,24,True,3,True,19.0,9.0,True,True,True,0,False,False,SYNTHETIC,20.4,Low,22.3
ORG-00254,small,finance,9,11,1,44.8,11.3,1,55.3,False,False,2,96,False,51.7,50.6,39,True,True,68.9,False,True,50.3,53.3,False,True,48,23,52,17,12,False,0,False,14.9,False,242,True,False,False,107.0,100.0,6,True,12,True,51.0,20.0,False,True,True,1,True,False,SYNTHETIC,56.6,High,57.9
ORG-00255,medium,finance,678,1216,108,56.8,25.8,22,62.7,False,False,4,127,True,44.9,49.5,20,True,False,76.7,True,True,63.4,64.6,False,True,41,31,43,18,12,True,16,True,33.3,True,312,True,True,True,88.0,37.0,12,True,1,True,25.0,10.0,True,True,True,2,True,False,SYNTHETIC,34.4,Moderate,35.5
ORG-00256,medium,government,913,1360,122,45.0,26.3,26,38.7,False,False,2,167,False,37.1,37.8,61,False,False,49.7,True,True,12.5,37.4,False,False,63,56,62,32,12,True,8,True,43.2,True,195,False,False,False,143.0,86.0,24,False,3,False,47.0,24.0,True,False,False,3,True,True,SYNTHETIC,70.4,High,69.5
ORG-00257,small,retail,16,18,1,33.3,12.5,3,28.5,False,False,2,175,False,31.2,25.4,43,True,True,28.8,True,False,38.7,24.9,True,True,67,52,53,28,0,False,8,True,13.5,False,133,False,False,False,161.0,78.0,6,True,3,False,55.0,23.0,True,True,True,2,False,False,SYNTHETIC,69.2,High,65.3
ORG-00258,small,energy,60,83,1,27.2,50.5,1,81.8,True,True,3,104,True,75.9,61.4,12,True,True,72.2,True,True,54.0,66.2,True,True,51,25,32,4,12,True,8,True,36.6,True,323,False,False,True,77.0,59.0,24,True,12,True,24.0,16.0,True,True,True,1,True,False,SYNTHETIC,30.2,Moderate,27.6
ORG-00259,medium,retail,1963,2842,254,95.0,58.5,51,75.0,False,False,4,85,True,70.8,66.5,9,True,True,65.1,True,True,74.9,70.2,True,True,26,35,37,15,12,True,8,True,55.5,True,282,True,True,True,117.0,10.0,24,True,12,True,4.0,7.0,True,True,True,0,False,False,SYNTHETIC,32.3,Moderate,29.8
ORG-00260,small,healthcare,13,18,1,83.0,43.2,3,33.9,False,False,3,153,False,44.4,21.6,58,False,False,23.6,True,False,21.1,37.1,False,True,83,58,47,34,12,True,0,True,14.1,True,81,True,True,True,157.0,106.0,12,False,6,False,52.0,16.0,False,False,True,1,False,False,SYNTHETIC,84.3,Critical,75.4
ORG-00261,small,energy,10,12,1,63.3,62.8,8,9.3,False,False,2,178,False,13.1,20.0,66,False,True,26.5,True,True,49.9,34.5,False,False,74,55,65,34,12,False,0,False,13.0,False,120,False,False,False,134.0,115.0,6,False,0,False,63.0,26.0,True,False,True,1,True,False,SYNTHETIC,90.3,Critical,78.5
ORG-00262,medium,manufacturing,813,1043,81,49.7,36.7,24,16.4,False,False,1,216,False,17.4,20.0,61,False,False,26.7,True,False,27.5,27.5,False,False,82,61,87,32,12,False,8,True,25.8,False,107,False,False,False,128.0,121.0,12,True,12,False,57.0,16.0,True,False,False,3,False,False,SYNTHETIC,83.5,Critical,78.7
ORG-00263,small,finance,135,192,12,84.5,37.6,4,67.7,True,True,4,94,True,66.8,57.4,29,False,True,68.6,False,True,86.9,59.3,True,True,49,26,26,10,0,False,8,True,72.9,False,282,False,False,True,66.0,53.0,24,False,6,True,16.0,18.0,True,True,True,1,True,False,SYNTHETIC,33.0,Moderate,34.3
ORG-00264,small,government,39,45,3,57.0,4.1,3,22.1,False,False,2,197,False,2.0,20.0,80,False,False,31.9,True,False,5.5,32.6,False,False,76,59,50,35,12,False,8,True,18.6,False,62,False,False,True,180.0,114.0,6,False,3,False,58.0,20.0,False,True,False,3,True,False,SYNTHETIC,90.5,Critical,81.1
ORG-00265,medium,education,884,1291,91,63.2,40.9,21,32.0,False,False,2,168,False,33.5,31.1,43,False,True,37.2,True,False,54.5,51.7,False,False,81,50,65,29,6,False,24,True,46.1,False,150,True,False,False,147.0,99.0,24,True,12,False,36.0,17.0,False,False,False,2,True,False,SYNTHETIC,71.9,High,70.1
ORG-00266,medium,education,545,839,67,58.3,22.9,18,35.8,True,True,4,105,True,20.8,42.7,31,True,False,62.3,True,True,52.8,40.1,True,True,65,41,52,18,0,False,8,True,48.9,False,183,True,True,True,86.0,76.0,1,True,6,True,51.0,12.0,False,False,True,3,False,False,SYNTHETIC,40.9,Moderate,42.2
ORG-00267,large,education,9440,15660,2186,84.6,47.6,438,48.5,True,True,4,98,True,33.7,61.5,27,False,False,59.4,True,False,39.8,60.1,True,True,40,36,35,20,12,True,24,True,58.8,False,303,False,False,False,111.0,46.0,72,True,0,True,25.0,6.0,True,True,False,1,False,False,SYNTHETIC,35.7,Moderate,36.9
ORG-00268,medium,technology,1590,2066,110,43.3,56.2,24,32.6,False,False,2,188,False,3.0,38.3,61,False,False,51.4,True,False,0.0,31.3,False,False,73,48,65,31,6,False,0,False,23.4,False,115,False,False,False,164.0,98.0,12,False,3,True,52.0,20.0,False,False,True,1,False,False,SYNTHETIC,84.7,Critical,80.0
ORG-00269,medium,technology,2201,3064,172,85.2,2.2,39,80.4,True,True,4,56,True,100.0,91.6,14,True,True,80.5,True,True,74.3,91.3,True,True,40,8,2,4,0,True,8,True,91.9,False,408,True,True,True,42.0,40.0,12,True,12,True,1.0,0.5,True,True,False,2,True,False,SYNTHETIC,13.7,Low,13.3
ORG-00270,medium,government,585,847,68,74.0,65.2,18,63.8,False,False,2,152,True,25.5,57.5,52,False,False,49.6,True,True,33.3,42.4,True,False,44,40,52,10,12,True,24,True,47.2,True,182,True,True,True,91.0,69.0,12,True,3,True,26.0,14.0,True,True,False,6,True,False,SYNTHETIC,32.3,Moderate,35.7
ORG-00271,medium,healthcare,703,870,100,39.6,28.4,25,27.5,False,False,2,142,False,28.5,25.9,40,False,True,37.0,True,False,59.3,47.7,False,False,61,44,56,19,0,True,16,True,38.7,False,111,False,False,False,165.0,72.0,72,False,1,True,49.0,16.0,False,True,False,1,False,True,SYNTHETIC,67.4,High,67.2
ORG-00272,small,manufacturing,59,80,4,28.8,12.6,1,31.7,False,False,2,142,True,21.3,51.5,50,False,True,50.2,True,False,45.8,55.0,True,True,77,47,42,22,12,False,0,False,31.9,False,148,False,False,False,145.0,56.0,12,True,3,True,42.0,24.0,False,True,True,2,False,False,SYNTHETIC,58.5,High,58.4
ORG-00273,medium,energy,1083,1381,160,53.3,36.8,35,100.0,True,True,4,70,True,53.3,86.3,18,True,True,80.9,True,True,62.0,90.6,True,True,27,29,24,1,0,True,8,True,79.7,True,316,True,True,True,68.0,18.0,24,True,6,True,15.0,3.0,True,True,True,0,False,False,SYNTHETIC,14.2,Low,12.5
ORG-00274,small,finance,33,39,1,95.5,41.4,2,38.4,False,True,3,145,False,60.2,58.1,39,False,False,55.0,True,False,48.4,48.8,True,True,41,33,29,16,24,True,0,True,56.1,True,256,False,False,False,132.0,72.0,1,False,3,False,17.0,15.0,False,True,True,2,False,True,SYNTHETIC,60.5,High,58.9
ORG-00275,small,education,22,29,1,100.0,50.9,4,42.3,False,False,2,157,False,13.3,31.2,63,False,True,22.8,True,False,19.4,30.3,False,False,80,51,53,28,12,False,8,True,12.5,False,134,False,False,False,136.0,93.0,24,False,1,True,64.0,24.0,False,True,False,5,False,False,SYNTHETIC,85.6,Critical,77.2
ORG-00276,large,government,3204,7706,1149,43.0,7.6,233,31.8,True,True,4,101,False,74.4,54.9,24,False,True,65.6,True,False,39.8,81.0,False,True,33,26,38,23,12,False,24,True,27.5,False,226,False,False,True,112.0,43.0,6,True,6,False,23.0,14.0,True,True,False,1,True,False,SYNTHETIC,48.5,Moderate,48.9
ORG-00277,large,energy,5545,13323,1440,52.9,76.0,293,83.1,True,True,5,53,True,79.9,71.0,9,False,True,83.6,True,True,82.5,88.5,True,False,23,28,33,9,12,True,24,True,68.5,True,315,True,True,True,78.0,42.0,24,True,3,True,18.0,4.0,True,True,True,0,False,False,SYNTHETIC,16.3,Low,15.3
ORG-00278,small,retail,19,22,1,70.5,10.7,6,92.5,True,True,4,31,True,99.3,77.3,35,False,True,89.6,True,True,54.5,91.1,True,True,22,20,21,13,12,True,0,True,68.2,True,322,True,True,False,85.0,22.0,24,True,6,True,26.0,1.0,True,True,True,2,False,False,SYNTHETIC,20.4,Low,20.4
ORG-00279,small,energy,61,65,4,28.4,56.1,1,32.7,False,False,2,171,False,21.8,32.7,56,False,True,27.2,True,True,32.3,45.1,True,True,56,52,54,35,12,False,0,False,41.3,False,114,True,False,True,143.0,80.0,168,False,3,True,42.0,13.0,False,False,False,3,True,False,SYNTHETIC,67.9,High,67.6
ORG-00280,small,finance,60,75,5,30.2,21.0,9,25.4,False,False,2,105,True,41.4,29.2,49,True,True,62.1,True,True,48.8,28.9,False,False,55,34,65,28,12,False,8,True,42.1,False,116,False,False,True,141.0,86.0,12,False,3,True,51.0,18.0,False,True,False,4,False,True,SYNTHETIC,66.1,High,65.6
ORG-00281,small,healthcare,101,119,3,80.6,29.7,1,26.6,False,False,1,131,True,35.2,65.5,29,True,True,45.2,True,False,29.0,67.6,False,True,50,34,38,15,0,False,0,False,56.3,False,176,False,False,True,135.0,71.0,24,True,3,False,36.0,14.0,True,False,False,1,False,False,SYNTHETIC,58.2,High,57.9
ORG-00282,small,retail,11,14,1,55.0,23.9,1,6.0,False,False,1,195,False,0.0,36.2,63,False,False,24.5,True,False,32.4,17.9,False,False,70,64,73,38,12,False,0,False,12.0,False,89,False,False,False,214.0,116.0,12,False,1,False,81.0,29.0,False,True,False,4,False,False,SYNTHETIC,98.7,Critical,87.9
ORG-00283,small,education,33,48,1,64.1,64.3,3,27.7,True,True,3,104,True,37.0,52.4,42,False,True,59.8,True,True,39.3,55.8,False,True,47,33,45,25,12,True,0,True,28.3,True,167,True,True,False,110.0,50.0,1,True,0,False,47.0,15.0,False,False,False,2,True,False,SYNTHETIC,49.7,Moderate,49.0
ORG-00284,medium,education,306,369,25,35.2,30.8,11,38.6,False,True,3,135,True,46.5,37.9,25,False,True,45.1,True,True,63.4,46.2,True,True,52,25,32,20,12,True,0,True,47.5,True,219,False,False,False,118.0,53.0,1,True,3,True,37.0,5.0,True,True,False,1,True,False,SYNTHETIC,40.3,Moderate,41.3
ORG-00285,large,manufacturing,6753,10592,1987,62.4,27.4,403,13.7,False,False,3,149,False,25.7,35.0,51,False,True,35.0,True,False,17.6,54.0,False,False,83,44,59,35,0,True,24,True,33.4,True,163,False,False,False,132.0,53.0,24,True,0,False,54.0,21.0,False,False,False,4,True,False,SYNTHETIC,74.1,High,67.6
ORG-00286,small,technology,48,52,1,78.4,0.0,3,92.1,True,True,5,56,True,96.0,85.6,1,True,True,86.9,True,True,84.0,88.5,True,False,21,13,26,7,12,False,0,False,76.1,False,396,True,True,False,1.0,1.0,6,True,12,True,8.0,9.0,True,False,True,1,False,False,SYNTHETIC,21.9,Low,22.5
ORG-00287,large,energy,9259,17645,1496,84.1,60.0,302,74.4,True,True,5,65,True,98.5,82.8,18,True,True,98.7,True,True,84.1,96.4,True,True,26,3,3,7,6,True,24,True,82.6,True,383,True,True,True,59.0,21.0,12,True,1,True,7.0,3.0,True,True,False,0,False,False,SYNTHETIC,6.9,Low,9.5
ORG-00288,small,manufacturing,16,23,1,92.9,52.2,2,21.8,False,False,2,235,False,13.2,20.0,62,False,False,33.1,True,False,0.8,40.5,False,False,86,50,50,31,24,False,0,False,17.1,False,89,True,False,True,166.0,107.0,12,False,0,False,71.0,25.0,False,False,False,3,True,False,SYNTHETIC,92.0,Critical,84.7
ORG-00289,small,government,18,20,1,79.8,25.9,1,52.2,False,False,3,95,True,29.1,54.0,15,True,False,65.7,True,False,71.8,67.7,True,False,33,40,45,14,24,False,8,True,59.8,False,285,True,True,False,112.0,21.0,12,True,3,True,21.0,10.0,False,True,False,0,False,False,SYNTHETIC,47.7,Moderate,47.7
ORG-00290,medium,technology,996,1718,100,15.0,26.1,20,58.4,True,True,3,93,True,77.7,64.8,33,True,True,60.7,True,True,46.9,67.7,True,True,49,41,17,5,12,True,0,True,44.6,True,246,False,False,False,68.0,64.0,24,True,6,True,32.0,7.0,False,True,True,1,True,False,SYNTHETIC,32.4,Moderate,32.7
ORG-00291,large,retail,22784,56914,5500,87.1,31.7,1102,45.7,False,True,3,115,True,32.6,54.5,25,True,False,75.4,True,True,70.8,53.5,True,True,40,21,28,14,0,True,24,True,49.1,True,233,True,False,True,94.0,46.0,24,True,12,False,29.0,13.0,True,True,True,0,False,False,SYNTHETIC,32.6,Moderate,33.4
ORG-00292,small,healthcare,29,41,2,63.1,30.5,6,26.7,False,False,2,139,True,3.0,21.2,49,False,False,47.0,True,False,10.8,41.0,False,False,74,47,68,24,6,False,8,True,25.7,False,173,False,False,True,151.0,102.0,12,False,12,False,60.0,18.0,True,False,False,4,True,False,SYNTHETIC,80.1,Critical,76.3
ORG-00293,small,healthcare,30,34,1,70.2,26.2,1,31.0,True,True,2,123,False,66.1,48.3,23,True,True,38.0,True,False,35.5,61.8,True,True,53,46,56,22,12,False,0,False,36.4,False,250,True,False,False,85.0,56.0,24,True,6,False,30.0,8.0,False,False,False,1,False,False,SYNTHETIC,57.8,High,59.3
ORG-00294,medium,government,421,656,42,90.1,22.1,13,47.2,False,False,3,140,False,21.1,48.6,41,True,True,61.0,True,False,25.0,37.0,False,False,70,29,46,25,12,True,8,True,37.6,True,175,True,True,False,110.0,78.0,12,True,6,True,34.0,13.0,True,False,False,2,False,False,SYNTHETIC,56.1,High,55.5
ORG-00295,small,energy,88,93,2,66.9,0.0,4,37.3,False,False,1,158,False,34.7,20.0,50,False,True,12.1,True,False,4.1,11.5,False,True,77,61,88,35,24,False,0,False,0.0,False,102,False,False,True,210.0,113.0,12,False,12,True,62.0,16.0,False,False,False,2,True,True,SYNTHETIC,93.6,Critical,86.1
ORG-00296,large,energy,10072,25137,4717,75.4,5.0,948,67.9,True,True,5,15,True,100.0,84.5,1,True,True,92.7,True,True,99.9,89.3,True,True,4,8,9,5,12,True,16,True,97.7,True,361,True,True,True,1.0,17.0,24,True,0,True,1.0,2.0,True,True,True,0,False,False,SYNTHETIC,8.8,Low,8.6
ORG-00297,small,finance,29,42,2,100.0,50.2,3,71.6,True,True,3,103,False,51.1,55.6,18,True,True,64.7,True,False,29.8,55.9,True,True,40,28,32,14,0,False,0,False,52.6,False,239,True,True,True,80.0,61.0,24,True,6,False,37.0,8.0,False,False,True,1,True,False,SYNTHETIC,46.1,Moderate,43.8
ORG-00298,small,government,15,18,1,67.4,43.2,2,54.7,False,False,3,113,False,25.2,50.1,52,True,False,58.0,True,False,46.2,55.1,True,True,57,35,47,27,12,False,0,False,38.7,False,214,False,False,True,120.0,80.0,1,False,6,False,39.0,7.0,True,False,True,2,False,False,SYNTHETIC,67.0,High,67.7
ORG-00299,small,retail,31,34,2,58.9,44.0,2,29.5,False,False,2,171,False,9.2,33.9,37,True,False,27.2,True,False,37.2,39.0,False,True,68,58,58,21,24,False,8,True,17.5,False,163,False,False,False,159.0,98.0,72,False,12,True,55.0,16.0,True,True,False,3,False,False,SYNTHETIC,86.2,Critical,78.4
ORG-00300,small,education,99,119,7,56.8,0.0,2,18.5,False,False,2,248,False,38.8,36.6,62,False,False,23.8,True,False,23.9,36.3,True,False,76,57,67,27,12,False,8,True,50.8,False,180,False,False,False,142.0,78.0,72,False,0,False,44.0,20.0,False,True,False,2,False,False,SYNTHETIC,81.2,Critical,76.4
ORG-00301,small,manufacturing,20,29,2,84.2,40.9,4,16.4,False,False,3,159,False,27.6,44.7,41,False,False,35.3,True,False,37.8,68.5,False,False,81,51,41,24,24,True,0,True,48.6,False,132,True,False,False,142.0,54.0,12,False,12,True,39.0,13.0,False,False,False,0,False,False,SYNTHETIC,80.6,Critical,73.8
ORG-00302,medium,technology,292,502,35,54.2,48.3,8,60.0,False,True,4,74,True,69.1,60.3,35,True,True,75.3,True,True,64.7,72.7,True,True,41,31,23,18,6,True,24,True,70.3,True,317,True,True,True,60.0,59.0,12,False,12,True,42.0,5.0,True,False,True,2,False,False,SYNTHETIC,33.4,Moderate,34.2
ORG-00303,small,manufacturing,6,8,1,60.4,0.0,5,58.1,False,False,3,149,False,51.6,42.1,42,False,False,35.9,True,False,29.4,33.5,True,True,53,43,48,20,24,False,16,True,68.8,False,164,False,False,False,141.0,65.0,24,False,3,True,36.0,9.0,False,False,False,1,True,False,SYNTHETIC,70.5,High,67.8
ORG-00304,small,government,48,71,2,66.0,12.4,1,89.1,True,True,4,49,True,77.8,72.9,21,False,True,89.0,True,False,51.5,66.9,False,True,28,22,13,9,12,False,0,False,91.5,False,243,True,False,False,59.0,51.0,6,True,6,True,21.0,7.0,True,False,True,0,False,False,SYNTHETIC,32.6,Moderate,31.6
ORG-00305,small,energy,23,32,1,79.2,11.7,1,81.0,True,True,3,98,True,51.8,61.8,26,True,True,75.9,True,True,75.1,64.5,True,False,8,24,13,1,12,False,0,False,89.6,False,275,True,True,False,72.0,6.0,12,True,3,True,10.0,9.0,True,True,True,2,False,False,SYNTHETIC,20.7,Low,19.8
ORG-00306,small,technology,104,111,5,94.2,3.7,6,4.7,False,False,1,171,False,0.0,20.0,51,False,True,21.2,True,False,40.5,42.5,False,False,83,66,62,36,6,False,8,True,33.5,False,107,False,False,False,174.0,98.0,12,False,6,True,41.0,19.0,False,False,False,1,True,False,SYNTHETIC,86.6,Critical,82.5
ORG-00307,medium,retail,651,987,107,63.6,16.8,24,51.1,False,False,2,131,False,0.0,39.4,48,True,False,54.1,True,True,36.2,53.9,True,False,77,41,47,20,24,False,8,True,49.0,False,166,True,False,False,112.0,91.0,12,True,1,False,36.0,24.0,False,True,False,3,False,False,SYNTHETIC,62.9,High,58.9
ORG-00308,medium,government,688,1046,115,77.8,75.2,25,48.9,False,False,3,113,False,43.6,76.1,31,True,True,64.4,True,False,37.8,85.5,True,True,39,32,30,1,24,True,16,True,56.0,True,259,False,False,False,88.0,60.0,12,False,3,True,28.0,11.0,False,True,True,1,True,True,SYNTHETIC,52.0,High,50.6
ORG-00309,medium,government,1904,3160,331,47.4,34.4,66,64.2,False,False,3,110,True,94.3,49.1,33,True,True,65.4,True,True,53.5,72.6,True,False,25,30,37,21,12,True,8,True,62.8,True,286,False,False,True,96.0,59.0,6,True,6,False,30.0,11.0,True,True,False,0,False,False,SYNTHETIC,38.6,Moderate,39.8
ORG-00310,medium,government,1084,1363,139,15.0,30.6,31,29.5,False,False,2,165,True,27.8,32.9,49,False,False,44.2,True,False,19.8,40.7,True,True,72,56,45,23,12,False,24,True,8.2,False,158,False,False,False,148.0,67.0,24,False,6,False,51.0,14.0,False,False,True,3,True,True,SYNTHETIC,75.4,Critical,72.7
ORG-00311,large,energy,7827,18829,2424,73.4,11.3,487,94.3,True,True,4,45,True,100.0,88.5,17,True,True,95.5,True,True,70.5,57.0,True,True,3,12,11,9,12,True,24,True,81.1,False,325,True,True,True,42.0,11.0,24,True,3,True,20.0,0.5,True,True,False,0,False,False,SYNTHETIC,12.8,Low,11.1
ORG-00312,medium,healthcare,447,679,44,67.6,48.4,10,1.8,False,False,2,175,False,35.2,27.9,49,False,False,48.1,True,False,24.4,44.8,False,True,80,39,57,34,24,True,24,True,31.4,True,135,False,False,False,124.0,94.0,6,False,3,False,50.0,17.0,False,False,True,6,True,False,SYNTHETIC,86.0,Critical,78.9
ORG-00313,medium,healthcare,1305,1867,106,95.0,24.6,22,92.0,True,True,5,57,True,85.4,86.0,14,True,True,100.0,True,True,54.4,100.0,True,True,17,15,5,10,0,True,0,True,69.6,True,341,True,True,True,21.0,38.0,1,True,12,True,8.0,0.5,True,True,True,0,False,False,SYNTHETIC,13.7,Low,14.1
ORG-00314,small,education,160,199,12,76.0,28.8,5,32.9,False,False,2,202,False,29.2,21.3,57,False,False,19.4,True,True,33.4,18.8,False,True,76,57,66,39,0,False,8,True,38.3,False,57,False,False,False,178.0,89.0,1,True,3,True,47.0,20.0,False,False,False,8,False,False,SYNTHETIC,71.6,High,70.8
ORG-00315,medium,technology,694,928,63,39.8,67.3,14,49.6,False,False,3,130,False,36.0,40.4,36,False,False,27.5,True,True,41.8,38.2,False,True,66,51,63,18,12,True,8,True,39.6,True,158,False,False,False,151.0,111.0,6,False,12,False,35.0,14.0,False,True,True,3,False,False,SYNTHETIC,67.2,High,68.5
ORG-00316,large,technology,32531,71625,7243,58.0,41.6,1450,58.3,False,False,3,114,False,54.6,51.4,43,False,False,32.5,False,True,28.6,54.7,False,True,45,40,52,28,12,False,8,True,31.3,False,233,True,True,False,117.0,67.0,6,True,6,True,47.0,14.0,True,True,False,2,False,False,SYNTHETIC,55.6,High,55.5
ORG-00317,large,healthcare,8206,16132,1620,68.5,29.6,328,71.3,True,True,3,71,False,49.1,83.5,19,True,True,75.7,True,True,82.4,56.4,True,True,50,32,36,14,12,True,16,True,76.5,True,278,False,False,True,87.0,29.0,6,True,12,True,22.0,17.0,True,True,False,0,False,False,SYNTHETIC,32.6,Moderate,30.4
ORG-00318,medium,finance,457,743,87,60.2,32.4,19,96.8,True,True,3,82,True,82.5,61.8,29,True,False,81.5,True,True,64.4,75.2,False,True,19,18,16,15,6,True,8,True,73.2,True,227,True,True,False,54.0,30.0,6,True,0,True,28.0,7.0,False,True,True,1,True,False,SYNTHETIC,25.2,Moderate,24.7
ORG-00319,medium,retail,621,1049,81,57.5,44.1,17,47.5,True,True,3,101,True,64.5,59.9,34,False,True,58.9,True,True,40.2,68.7,True,False,41,33,36,14,24,True,16,True,42.8,True,164,False,False,False,101.0,49.0,6,False,0,True,23.0,7.0,True,False,True,4,False,True,SYNTHETIC,43.9,Moderate,42.7
ORG-00320,small,finance,42,45,2,71.5,36.2,3,69.8,True,True,4,67,True,68.2,83.4,25,True,True,91.6,True,False,74.4,73.2,True,True,49,16,25,6,6,True,0,True,85.8,False,320,True,True,False,19.0,12.0,24,True,3,True,10.0,5.0,True,True,True,0,False,False,SYNTHETIC,20.4,Low,21.2
ORG-00321,medium,energy,820,1334,100,55.8,4.5,22,76.8,True,True,4,63,True,84.4,55.9,13,False,False,76.6,True,False,57.2,78.9,True,False,20,20,33,14,12,True,16,True,70.5,True,331,True,True,False,40.0,34.0,6,True,12,True,19.0,7.0,True,True,False,0,False,False,SYNTHETIC,27.6,Moderate,29.1
ORG-00322,small,healthcare,10,10,1,63.3,34.6,2,21.4,False,False,1,171,True,17.8,27.7,56,False,False,20.3,True,False,23.0,37.9,False,False,88,70,78,21,6,False,0,False,12.4,False,71,False,False,False,154.0,109.0,6,False,3,False,51.0,23.0,False,False,False,0,False,False,SYNTHETIC,92.2,Critical,83.1
ORG-00323,small,finance,8,8,1,86.4,26.7,3,91.7,True,True,4,87,True,78.7,84.7,27,True,True,83.7,True,True,32.1,58.2,True,False,24,19,20,7,12,False,0,False,67.1,False,319,True,True,False,74.0,61.0,6,False,6,True,34.0,11.0,False,True,False,0,False,False,SYNTHETIC,33.8,Moderate,35.4
ORG-00324,medium,manufacturing,288,476,26,67.5,29.4,7,59.2,False,False,3,122,True,42.7,28.6,46,True,True,68.2,True,True,70.9,58.5,True,False,54,42,26,15,24,False,8,True,52.2,False,231,True,True,True,98.0,65.0,6,False,12,True,46.0,10.0,False,False,True,3,False,True,SYNTHETIC,46.8,Moderate,51.3
ORG-00325,medium,technology,501,817,67,73.9,67.2,17,46.8,False,False,2,158,False,56.7,24.6,57,True,False,38.2,True,False,30.6,42.6,False,False,47,55,36,22,24,True,8,True,26.9,True,186,False,False,True,136.0,81.0,12,False,3,False,64.0,11.0,False,True,False,0,False,False,SYNTHETIC,71.9,High,69.8
ORG-00326,small,finance,46,59,3,98.5,13.6,1,77.2,True,True,4,92,True,57.7,55.5,11,True,True,81.3,True,True,77.1,82.7,True,True,16,25,15,6,6,True,8,True,70.0,True,362,True,True,False,2.0,1.0,12,True,12,True,21.0,2.0,True,True,True,0,False,False,SYNTHETIC,15.4,Low,17.7
ORG-00327,medium,education,1236,1771,168,38.5,23.5,33,26.0,True,True,2,143,False,56.0,58.4,33,False,False,55.2,True,False,43.7,56.5,True,True,48,39,42,13,12,True,8,True,42.8,True,157,False,False,True,129.0,16.0,12,True,0,True,43.0,11.0,False,False,False,1,True,False,SYNTHETIC,48.1,Moderate,49.1
ORG-00328,small,finance,24,25,1,96.8,10.1,1,46.5,True,True,3,140,True,29.3,44.7,43,True,False,57.2,True,True,43.9,62.6,False,False,66,40,54,22,12,True,16,True,58.9,True,234,False,False,True,79.0,59.0,24,False,0,True,31.0,17.0,False,False,False,2,True,False,SYNTHETIC,53.2,High,50.6
ORG-00329,small,manufacturing,108,148,7,79.1,0.0,3,0.0,False,False,2,149,False,0.0,20.0,41,False,False,10.0,True,False,7.1,34.1,True,False,101,86,60,37,12,False,0,False,24.8,False,14,False,False,False,206.0,131.0,12,False,0,False,68.0,26.0,False,True,False,5,False,False,SYNTHETIC,94.8,Critical,85.9
ORG-00330,medium,government,893,1300,118,50.7,0.0,33,42.2,False,False,2,138,False,21.8,37.1,39,False,True,16.1,True,False,0.0,44.1,True,False,78,48,94,15,12,False,8,True,37.0,False,129,False,False,False,173.0,97.0,1,True,12,True,49.0,19.0,False,True,False,1,True,False,SYNTHETIC,66.3,High,66.5
ORG-00331,small,manufacturing,35,42,1,51.9,20.0,3,7.6,False,False,2,176,False,0.0,20.0,59,False,False,39.2,True,False,32.1,10.8,False,True,86,56,67,32,0,False,0,False,19.1,False,52,False,False,False,154.0,116.0,1,False,3,False,84.0,21.0,True,False,False,6,False,True,SYNTHETIC,98.7,Critical,85.4
ORG-00332,small,finance,26,34,1,46.9,17.0,5,23.4,False,False,2,124,False,51.5,32.2,42,True,False,43.5,True,True,23.3,52.3,True,True,62,34,41,24,12,True,16,True,52.3,False,208,True,False,False,149.0,84.0,1,True,12,True,45.0,13.0,False,False,True,0,False,False,SYNTHETIC,59.5,High,56.2
ORG-00333,large,education,16614,38077,4490,71.5,6.5,900,24.8,False,False,3,175,False,28.6,26.7,56,False,False,42.7,True,False,43.2,23.0,False,True,62,42,69,26,12,False,24,True,39.3,False,78,False,False,False,113.0,84.0,24,False,6,True,54.0,18.0,False,False,True,3,True,False,SYNTHETIC,75.3,Critical,76.6
ORG-00334,small,government,16,21,1,19.4,0.0,1,28.5,False,False,3,174,False,34.1,35.1,68,True,False,24.9,True,True,22.1,44.5,False,False,80,50,60,33,12,False,16,True,16.4,False,104,False,False,True,154.0,89.0,6,False,6,False,57.0,20.0,True,True,False,1,True,False,SYNTHETIC,80.0,Critical,73.1
ORG-00335,large,education,17385,37653,6778,61.4,33.6,1361,55.7,False,False,3,127,True,70.0,26.5,33,True,False,35.1,False,True,44.2,68.8,False,True,64,40,50,14,12,True,24,True,46.6,False,197,False,False,True,114.0,94.0,1,True,3,False,36.0,13.0,False,True,True,3,False,False,SYNTHETIC,47.1,Moderate,48.2
ORG-00336,medium,government,343,575,30,87.2,58.8,7,66.6,True,True,4,116,True,63.5,59.9,26,True,True,45.0,True,True,75.8,76.0,False,True,39,19,35,23,24,True,16,True,64.3,False,223,True,True,True,116.0,43.0,12,True,12,False,26.0,13.0,True,False,False,2,False,False,SYNTHETIC,36.0,Moderate,36.3
ORG-00337,large,finance,4066,9428,1495,83.3,26.9,301,73.1,True,True,4,74,False,38.4,68.2,32,True,True,79.6,True,True,84.5,62.5,False,False,29,16,35,8,12,True,24,True,82.2,True,272,True,True,False,66.0,16.0,24,True,6,True,24.0,7.0,True,False,True,0,False,False,SYNTHETIC,24.3,Low,26.5
ORG-00338,small,manufacturing,71,71,3,79.8,41.9,4,39.6,False,False,2,153,True,60.0,28.5,58,True,False,25.3,True,False,23.6,45.4,False,False,67,44,57,22,12,False,0,False,18.7,False,194,True,False,False,154.0,97.0,6,True,3,True,56.0,18.0,False,False,False,4,True,False,SYNTHETIC,64.5,High,67.8
ORG-00339,small,technology,29,34,1,34.4,7.5,6,45.2,False,False,3,153,False,35.2,37.8,37,True,False,43.3,True,True,26.3,62.7,True,False,52,55,72,19,0,False,0,False,37.2,False,187,True,False,True,162.0,65.0,72,False,3,True,47.0,19.0,True,False,False,2,False,False,SYNTHETIC,58.2,High,60.7
ORG-00340,small,education,70,78,3,61.0,58.2,2,10.3,False,False,1,205,False,1.4,20.0,64,False,False,11.8,True,False,18.9,15.5,False,False,108,62,64,41,0,False,0,False,0.0,False,22,False,False,False,204.0,119.0,24,False,6,False,69.0,24.0,False,False,True,6,True,False,SYNTHETIC,100.0,Critical,91.0
ORG-00341,small,finance,180,222,11,56.6,0.0,3,53.5,True,True,3,126,True,39.7,34.7,35,True,True,40.0,True,False,45.4,46.4,True,True,52,24,53,25,0,True,0,True,42.0,True,191,True,True,True,104.0,59.0,168,False,6,True,37.0,16.0,False,False,False,0,False,False,SYNTHETIC,53.7,High,50.9
ORG-00342,medium,energy,1431,2159,239,77.7,20.7,48,63.1,True,True,3,128,False,36.2,54.5,38,False,True,61.0,True,True,51.0,63.1,True,True,59,30,60,14,12,False,24,True,71.4,False,212,False,False,False,92.0,51.0,12,True,3,True,35.0,20.0,False,True,False,3,False,False,SYNTHETIC,43.2,Moderate,41.9
ORG-00343,small,manufacturing,8,9,1,75.8,19.4,1,19.8,False,False,2,161,True,29.2,27.1,58,False,True,37.0,False,True,10.1,28.9,False,True,83,42,70,28,6,False,0,False,26.6,False,122,False,False,False,127.0,90.0,1,False,6,False,50.0,19.0,False,True,False,2,False,False,SYNTHETIC,85.7,Critical,74.8
ORG-00344,medium,technology,488,672,77,60.1,48.5,19,75.1,True,True,4,108,True,84.4,77.1,21,True,True,68.8,True,True,59.3,71.5,True,True,25,22,35,15,12,True,24,True,78.5,True,309,True,True,True,9.0,40.0,24,False,3,True,15.0,9.0,True,False,True,0,False,True,SYNTHETIC,25.2,Moderate,26.3
ORG-00345,large,technology,10350,24696,3023,80.9,47.9,606,70.1,True,True,3,92,True,46.7,77.8,23,True,True,73.4,True,True,69.8,74.6,True,True,27,15,18,3,6,True,8,True,74.6,False,304,True,True,True,47.0,47.0,6,True,12,True,31.0,16.0,True,True,True,0,False,False,SYNTHETIC,21.3,Low,18.6
ORG-00346,small,retail,22,23,1,78.5,31.2,1,56.0,False,False,3,84,False,41.5,50.9,38,False,False,34.6,True,True,1.1,62.4,False,False,25,50,36,20,24,False,8,True,51.4,False,206,False,False,False,145.0,80.0,24,True,12,False,52.0,10.0,True,False,False,2,True,False,SYNTHETIC,61.8,High,61.9
ORG-00347,medium,retail,396,656,74,58.5,3.7,19,48.0,False,False,2,138,True,35.5,27.9,44,False,True,42.3,True,False,9.9,60.8,True,False,62,58,62,27,24,False,8,True,29.1,False,131,False,False,False,136.0,77.0,12,False,3,False,47.0,16.0,True,True,False,0,False,False,SYNTHETIC,78.7,Critical,69.1
ORG-00348,medium,energy,1746,2233,123,60.9,46.9,28,89.7,True,True,5,72,True,87.6,81.7,23,True,True,85.5,True,True,100.0,86.3,True,True,14,13,4,1,24,True,8,True,100.0,True,335,True,True,True,28.0,16.0,12,True,6,True,19.0,0.5,True,True,True,0,False,False,SYNTHETIC,11.8,Low,10.2
ORG-00349,medium,manufacturing,1222,2050,166,55.8,15.1,39,84.5,True,True,5,58,True,66.5,73.6,23,True,True,57.5,True,True,66.5,87.5,True,True,48,23,36,6,6,True,0,True,61.5,True,239,True,False,False,44.0,29.0,6,True,6,False,17.0,3.0,True,False,False,0,False,False,SYNTHETIC,28.7,Moderate,28.2
ORG-00350,medium,healthcare,587,884,77,30.0,36.4,16,63.0,True,True,4,104,False,76.0,59.4,53,True,True,55.6,True,False,52.1,63.4,True,True,45,32,38,22,12,True,8,True,43.2,True,246,True,True,False,97.0,72.0,12,True,12,True,27.0,16.0,False,False,True,2,True,False,SYNTHETIC,42.2,Moderate,43.4
ORG-00351,large,energy,23561,55830,7522,80.1,38.9,1506,100.0,True,True,5,55,True,87.4,97.8,18,True,True,88.0,True,True,85.3,100.0,True,True,33,17,20,13,12,True,24,True,81.9,True,358,True,True,True,33.0,1.0,12,True,6,True,19.0,11.0,True,False,True,1,True,False,SYNTHETIC,14.3,Low,13.5
ORG-00352,medium,retail,868,1230,144,71.4,31.9,29,42.4,False,False,3,120,False,16.4,42.8,28,False,False,37.0,True,False,59.2,40.7,False,True,45,48,53,13,24,True,24,True,39.8,True,202,True,False,False,107.0,92.0,1,False,6,False,40.0,17.0,False,False,True,0,False,False,SYNTHETIC,65.7,High,66.6
ORG-00353,medium,energy,298,526,29,49.5,66.0,8,85.9,True,True,4,29,True,71.5,83.1,15,True,True,88.9,True,True,90.5,100.0,True,True,28,18,15,6,0,True,16,True,90.9,False,388,True,True,True,29.0,20.0,6,True,12,True,3.0,6.0,True,True,True,0,False,False,SYNTHETIC,12.9,Low,11.5
ORG-00354,small,finance,35,49,2,71.2,27.6,3,100.0,True,True,4,20,True,87.7,86.7,9,True,True,96.2,True,True,87.0,100.0,True,True,7,10,2,7,24,True,16,True,89.6,True,344,True,True,False,1.0,15.0,1,True,6,True,7.0,0.5,True,True,True,0,False,False,SYNTHETIC,12.4,Low,11.4
ORG-00355,medium,government,1132,1878,215,57.8,42.3,51,28.9,False,False,2,177,True,31.7,25.4,68,False,False,39.7,True,False,49.9,35.3,False,True,67,46,65,22,0,True,16,True,4.8,True,188,False,False,False,144.0,70.0,12,False,12,False,55.0,22.0,False,False,False,1,True,True,SYNTHETIC,82.1,Critical,75.1
ORG-00356,small,healthcare,26,30,1,72.1,0.0,1,69.3,False,False,3,136,False,40.7,58.9,37,False,False,60.4,True,True,56.2,62.6,True,True,45,40,44,22,0,False,8,True,51.6,False,201,True,False,False,70.0,68.0,12,True,0,True,20.0,15.0,True,False,True,0,False,False,SYNTHETIC,48.3,Moderate,46.3
ORG-00357,small,government,23,27,1,68.7,0.0,2,23.4,False,False,1,151,False,7.3,20.0,51,False,False,49.5,True,False,17.3,41.0,False,False,77,56,45,28,6,False,0,False,13.3,False,134,True,False,True,239.0,81.0,6,True,12,False,71.0,17.0,False,False,False,1,True,False,SYNTHETIC,75.1,Critical,75.4
ORG-00358,small,government,150,170,11,64.2,33.2,5,34.5,False,False,2,114,False,24.8,54.7,48,True,False,60.5,True,False,16.6,45.6,False,True,66,49,53,17,12,False,8,True,33.6,False,179,True,True,False,147.0,68.0,6,False,6,True,56.0,13.0,False,True,False,2,True,True,SYNTHETIC,68.9,High,69.9
ORG-00359,large,energy,12862,24841,4100,39.6,67.5,824,100.0,True,True,5,21,True,100.0,83.6,1,True,True,100.0,True,True,100.0,90.1,True,True,1,14,12,1,6,True,16,True,96.1,True,371,True,True,True,44.0,1.0,12,True,3,True,10.0,0.5,True,True,True,0,False,False,SYNTHETIC,4.1,Low,4.5
ORG-00360,small,energy,33,34,1,68.4,15.6,4,67.6,False,False,4,70,True,78.3,63.5,16,True,True,79.4,True,False,73.4,64.7,True,True,27,27,22,20,12,False,0,False,57.0,False,321,True,True,False,81.0,25.0,12,True,0,True,19.0,12.0,True,True,True,1,True,False,SYNTHETIC,35.7,Moderate,37.8
ORG-00361,medium,manufacturing,475,834,69,60.1,54.1,21,18.6,False,False,1,169,False,37.2,20.0,62,False,False,10.0,True,False,17.7,28.1,True,False,93,55,57,27,0,False,8,True,22.1,False,79,True,True,False,175.0,105.0,6,True,12,False,53.0,19.0,False,False,False,2,False,False,SYNTHETIC,80.2,Critical,76.2
ORG-00362,small,healthcare,20,21,1,62.0,38.5,2,20.8,False,False,1,155,False,16.3,27.8,51,False,False,10.0,True,False,10.4,59.6,False,False,96,56,80,27,24,False,8,True,29.8,False,105,False,False,True,157.0,63.0,12,False,0,False,61.0,19.0,True,True,False,0,False,False,SYNTHETIC,86.1,Critical,79.6
ORG-00363,small,technology,37,37,2,89.9,25.9,5,36.1,False,False,3,155,False,24.0,20.0,58,False,False,14.0,True,False,0.0,41.1,False,False,89,41,65,30,6,False,8,True,42.3,False,123,False,False,False,172.0,68.0,12,False,3,False,62.0,22.0,False,False,False,2,True,True,SYNTHETIC,83.1,Critical,82.0
ORG-00364,medium,energy,1053,1289,70,78.3,40.5,16,42.6,True,True,4,112,True,48.1,73.3,32,False,True,74.1,True,True,72.9,54.7,False,False,41,30,33,18,24,False,24,True,63.3,False,204,False,False,True,73.0,52.0,6,False,6,True,42.0,14.0,True,True,True,2,False,False,SYNTHETIC,43.3,Moderate,42.3
ORG-00365,small,technology,21,25,1,80.4,23.9,5,8.8,False,False,2,223,False,0.0,25.8,62,False,False,26.1,True,False,0.0,31.2,False,False,104,58,84,31,12,True,0,True,17.5,True,134,False,False,False,188.0,119.0,12,False,12,False,56.0,23.0,False,True,False,2,False,False,SYNTHETIC,98.5,Critical,84.8
ORG-00366,small,retail,45,63,4,54.3,58.2,1,25.1,False,False,2,162,False,40.4,44.3,45,True,False,44.3,True,False,15.9,46.2,False,False,67,42,72,25,0,False,8,True,24.3,False,200,False,False,False,141.0,103.0,12,True,0,False,59.0,16.0,False,False,False,2,True,False,SYNTHETIC,71.6,High,73.9
ORG-00367,small,healthcare,22,28,2,20.6,51.1,3,69.3,True,True,4,53,True,65.8,67.1,16,True,True,58.2,True,True,49.0,77.9,True,True,19,15,24,16,24,True,16,True,82.1,True,272,True,False,False,52.0,45.0,24,True,0,True,9.0,2.0,True,True,True,1,True,False,SYNTHETIC,23.1,Low,23.2
ORG-00368,medium,retail,751,946,88,48.7,25.0,24,43.1,False,False,3,138,False,39.9,40.5,45,True,False,39.5,True,True,60.6,57.1,False,True,29,37,15,27,12,True,24,True,49.9,True,175,True,True,True,131.0,76.0,6,False,6,True,47.0,16.0,True,False,False,1,False,False,SYNTHETIC,51.8,High,52.8
ORG-00369,small,retail,20,29,2,50.2,29.0,4,73.8,True,True,4,103,True,49.8,47.3,34,True,True,54.3,True,True,63.6,54.8,True,False,40,18,26,14,24,False,0,False,50.5,False,223,True,False,True,102.0,28.0,24,False,6,True,41.0,8.0,False,True,True,4,False,True,SYNTHETIC,41.2,Moderate,41.3
ORG-00370,medium,retail,553,785,48,39.1,21.1,11,34.1,False,False,3,154,True,52.8,39.9,45,True,False,26.6,True,False,7.2,28.3,False,False,73,41,51,16,12,True,8,True,36.9,True,140,False,False,False,137.0,93.0,12,True,12,False,58.0,16.0,True,False,False,0,False,False,SYNTHETIC,64.8,High,64.0
ORG-00371,small,retail,77,105,7,55.8,36.5,3,40.3,False,False,2,135,True,40.0,42.9,46,True,True,57.4,True,False,15.9,53.4,True,True,54,42,48,27,12,False,8,True,36.8,False,142,True,True,False,102.0,86.0,12,False,12,False,26.0,12.0,False,False,False,2,False,False,SYNTHETIC,67.6,High,68.3
ORG-00372,medium,education,1511,2231,265,35.2,32.8,57,25.8,False,False,1,183,False,0.0,20.0,68,False,False,17.5,False,False,0.0,20.1,False,False,71,63,79,32,12,False,24,True,9.6,False,103,False,False,False,170.0,91.0,1,False,12,True,61.0,24.0,False,False,False,3,False,False,SYNTHETIC,92.7,Critical,85.2
ORG-00373,small,energy,8,8,1,54.6,0.0,3,51.1,True,True,3,138,True,25.2,37.2,41,True,False,74.0,True,True,36.3,69.4,False,False,48,37,34,24,6,False,0,False,41.6,False,233,True,True,False,72.0,57.0,12,True,3,False,34.0,12.0,False,True,False,0,False,False,SYNTHETIC,45.5,Moderate,45.4
ORG-00374,small,energy,108,111,5,47.5,53.0,1,5.3,False,False,2,177,False,13.9,36.3,42,False,False,42.2,True,False,34.4,35.4,False,False,86,59,63,23,12,False,0,False,16.4,False,127,False,False,True,171.0,96.0,12,True,0,True,63.0,22.0,True,False,False,2,False,False,SYNTHETIC,76.9,Critical,72.4
ORG-00375,medium,retail,590,908,56,75.5,56.6,17,26.1,False,False,3,128,False,59.0,30.6,35,True,False,51.4,True,False,41.8,70.2,False,True,79,38,58,18,0,True,16,True,35.2,True,174,False,False,False,114.0,68.0,24,True,12,False,46.0,18.0,True,True,True,1,False,False,SYNTHETIC,60.0,High,61.6
ORG-00376,medium,finance,672,898,57,38.2,69.8,13,93.1,True,True,3,91,True,56.8,72.2,21,True,True,60.2,True,True,59.5,60.5,True,False,52,28,37,17,24,True,16,True,74.8,True,259,False,False,True,110.0,44.0,12,False,6,True,21.0,9.0,False,False,True,1,True,False,SYNTHETIC,37.2,Moderate,38.7
ORG-00377,large,retail,16223,27005,3307,48.3,7.5,665,72.4,True,True,5,39,True,65.6,70.9,7,True,True,96.4,True,True,62.8,76.9,True,True,7,17,24,7,12,True,24,True,72.1,True,353,True,True,True,28.0,13.0,6,True,6,True,5.0,8.0,True,True,False,0,False,False,SYNTHETIC,14.9,Low,14.2
ORG-00378,small,energy,18,21,1,48.6,48.2,4,49.6,False,False,3,161,True,32.7,34.8,47,True,False,41.0,True,False,27.1,53.8,False,False,67,28,56,21,12,False,8,True,21.7,False,209,False,False,False,138.0,86.0,24,False,6,False,47.0,16.0,False,True,True,2,False,False,SYNTHETIC,77.8,Critical,71.7
ORG-00379,small,healthcare,37,54,2,47.4,39.6,8,20.4,False,False,2,161,False,22.1,24.6,58,True,False,29.1,True,True,6.6,48.2,False,False,88,56,64,30,0,False,8,True,24.2,False,155,False,False,True,132.0,84.0,72,False,3,False,54.0,20.0,False,False,False,2,True,True,SYNTHETIC,88.6,Critical,78.3
ORG-00380,medium,finance,455,586,50,46.5,51.8,13,69.2,True,True,5,15,True,91.1,72.6,31,True,True,75.6,True,True,71.3,92.7,True,True,17,22,18,11,6,True,0,True,57.7,True,269,True,True,True,26.0,1.0,12,True,3,True,27.0,10.0,True,True,False,0,False,False,SYNTHETIC,17.7,Low,18.1
ORG-00381,medium,healthcare,251,307,27,79.1,2.6,7,51.3,False,False,2,100,True,49.6,30.3,44,True,False,45.2,True,True,56.3,66.2,False,True,50,50,23,25,12,True,8,True,52.7,True,245,True,False,True,104.0,81.0,1,True,6,True,33.0,7.0,False,False,True,1,True,False,SYNTHETIC,47.8,Moderate,47.4
ORG-00382,small,finance,30,41,2,47.8,2.6,2,33.3,False,False,2,163,False,38.9,20.0,43,True,True,39.3,True,False,52.8,44.8,False,False,52,49,54,24,12,False,0,False,28.4,False,163,False,False,False,131.0,79.0,12,False,12,False,50.0,13.0,True,True,True,4,False,False,SYNTHETIC,82.6,Critical,75.1
ORG-00383,medium,energy,385,530,58,71.3,38.0,12,32.6,False,False,2,172,True,33.3,25.2,46,False,False,19.4,False,True,44.6,59.7,False,False,64,46,63,24,12,True,0,True,38.4,True,176,False,False,False,146.0,72.0,6,True,1,True,44.0,17.0,True,True,False,3,True,False,SYNTHETIC,59.3,High,57.3
ORG-00384,medium,technology,950,1185,88,77.3,76.4,20,31.8,False,False,4,139,False,33.1,34.5,26,False,True,34.6,True,False,22.8,59.1,False,True,44,38,61,15,12,True,0,True,60.4,False,182,True,False,True,122.0,68.0,12,True,3,True,51.0,11.0,True,False,False,2,False,False,SYNTHETIC,55.7,High,54.0
ORG-00385,medium,finance,1418,2541,127,31.5,51.2,27,61.6,True,True,3,79,True,56.4,63.6,33,False,True,67.9,True,True,61.7,83.4,False,False,29,22,45,12,12,True,8,True,39.1,False,267,False,False,True,93.0,37.0,6,True,0,False,43.0,16.0,True,False,False,0,False,False,SYNTHETIC,37.2,Moderate,37.3
ORG-00386,small,government,130,173,6,50.0,20.7,2,55.4,False,False,3,108,False,19.7,43.4,39,False,True,55.1,True,True,21.1,54.4,False,False,67,25,63,21,0,False,0,False,44.7,False,156,False,False,False,79.0,61.0,12,True,12,False,32.0,17.0,False,True,False,5,False,False,SYNTHETIC,60.3,High,62.4
ORG-00387,medium,manufacturing,2331,3155,297,89.9,30.7,61,56.9,True,True,4,112,False,23.0,65.7,35,True,True,69.6,True,True,54.9,72.6,True,False,43,32,31,31,12,True,8,True,52.5,True,253,True,False,True,105.0,80.0,1,False,1,True,26.0,15.0,True,False,True,5,False,False,SYNTHETIC,40.5,Moderate,41.4
ORG-00388,medium,retail,1775,2336,131,34.3,3.2,31,48.6,False,False,4,103,False,42.0,38.8,39,False,True,39.1,True,True,26.6,71.0,False,False,54,45,54,27,12,False,0,False,42.6,False,193,True,False,True,120.0,78.0,1,True,1,False,46.0,13.0,True,False,False,0,False,False,SYNTHETIC,57.9,High,57.4
ORG-00389,medium,finance,2121,2693,250,20.7,67.7,55,46.8,False,False,2,175,False,23.4,29.8,48,True,False,39.7,True,False,19.5,38.7,True,False,69,53,56,26,12,True,8,True,28.9,False,136,True,True,False,109.0,84.0,12,False,6,False,52.0,18.0,True,True,True,2,True,False,SYNTHETIC,68.1,High,64.9
ORG-00390,large,energy,9003,15891,3036,62.1,5.2,610,96.6,True,True,4,71,True,52.1,88.8,31,True,True,73.0,True,True,86.2,82.4,True,True,37,21,26,9,12,True,24,True,75.4,True,298,True,True,True,28.0,15.0,24,True,3,True,33.0,5.0,True,True,False,0,False,False,SYNTHETIC,16.6,Low,14.4
ORG-00391,small,manufacturing,139,184,4,80.4,0.0,2,24.4,False,False,1,219,True,9.8,28.3,68,False,False,10.0,True,False,2.7,25.4,False,False,91,68,92,40,6,False,8,True,20.7,False,14,False,False,False,202.0,127.0,24,False,3,False,79.0,29.0,False,True,False,3,False,False,SYNTHETIC,91.1,Critical,82.4
ORG-00392,small,manufacturing,114,158,5,88.2,55.9,4,5.6,False,False,2,135,True,27.2,43.0,37,True,False,25.5,True,False,44.2,43.8,True,True,52,44,66,30,0,True,0,True,14.4,True,112,True,False,False,118.0,72.0,24,False,6,False,53.0,16.0,True,True,True,2,False,False,SYNTHETIC,77.3,Critical,68.5
ORG-00393,small,healthcare,63,85,3,76.1,63.7,2,21.3,False,False,2,162,True,17.0,40.1,52,False,False,22.0,True,False,26.9,20.8,False,False,83,52,71,40,6,False,0,False,39.7,False,119,False,False,False,191.0,77.0,24,True,6,False,74.0,22.0,False,False,False,3,True,False,SYNTHETIC,73.9,High,76.1
ORG-00394,small,energy,23,24,1,47.9,25.1,3,48.9,False,False,3,128,False,28.3,28.7,45,True,False,34.7,True,True,33.7,58.7,True,True,73,44,35,21,24,False,0,False,40.1,False,168,False,False,False,110.0,86.0,12,False,12,False,42.0,17.0,False,False,False,2,True,False,SYNTHETIC,71.3,High,73.1
ORG-00395,medium,education,576,857,96,78.5,54.2,22,20.3,False,False,2,135,False,45.8,20.0,61,False,False,48.2,True,False,44.4,37.6,False,False,62,45,61,22,6,True,8,True,44.3,True,112,False,False,False,118.0,70.0,72,True,6,False,50.0,19.0,True,False,False,5,False,False,SYNTHETIC,69.9,High,66.6
ORG-00396,large,retail,7080,10773,1749,65.1,13.8,354,79.3,True,True,3,53,False,83.2,86.2,14,True,True,76.2,True,True,60.2,92.5,True,False,15,24,11,9,12,True,16,True,56.7,True,316,False,False,True,61.0,11.0,12,True,12,True,19.0,16.0,True,True,False,0,False,False,SYNTHETIC,27.0,Moderate,25.2
ORG-00397,small,retail,21,22,1,74.2,24.6,2,40.6,False,False,3,150,False,37.3,36.4,46,False,False,26.9,True,False,27.3,53.5,False,True,68,54,77,30,6,False,8,True,30.9,False,136,False,False,False,85.0,72.0,1,False,6,True,35.0,10.0,True,False,True,2,False,False,SYNTHETIC,74.4,High,73.4
ORG-00398,medium,healthcare,570,790,57,93.7,22.5,14,43.6,True,True,3,131,False,49.1,42.8,32,False,True,73.4,True,False,39.5,48.2,True,False,76,48,57,20,6,False,16,True,52.0,False,214,False,False,True,96.0,57.0,6,False,1,True,49.0,5.0,True,False,True,3,False,False,SYNTHETIC,54.5,High,53.6
ORG-00399,small,retail,48,54,1,62.7,44.8,1,39.8,False,True,4,97,False,36.7,35.2,46,True,False,51.6,True,True,40.9,36.2,True,True,61,42,63,13,0,False,16,True,54.6,False,151,False,False,False,88.0,62.0,6,True,6,True,37.0,15.0,True,False,True,1,True,False,SYNTHETIC,49.5,Moderate,50.0
ORG-00400,medium,finance,1405,2009,189,44.7,61.8,40,71.8,True,True,4,37,True,64.9,60.3,26,True,True,63.9,True,True,84.7,64.4,True,False,35,26,34,11,12,True,0,True,62.4,True,341,True,True,True,60.0,57.0,6,True,3,True,29.0,2.0,True,True,True,0,False,False,SYNTHETIC,23.9,Low,22.8
ORG-00401,small,finance,43,57,3,46.7,77.1,7,57.7,False,False,3,151,False,29.8,42.7,43,False,False,49.6,True,True,32.3,47.0,False,True,66,44,73,26,6,False,0,False,18.3,False,185,False,False,True,150.0,106.0,24,True,6,False,45.0,19.0,False,False,False,1,True,False,SYNTHETIC,67.6,High,67.0
ORG-00402,medium,energy,495,691,44,43.8,12.3,8,56.9,False,False,3,128,False,44.1,43.6,37,True,False,47.8,True,False,41.0,51.2,False,False,58,30,34,27,6,True,24,True,41.5,False,195,True,False,False,76.0,72.0,6,True,6,False,46.0,14.0,False,False,True,3,True,False,SYNTHETIC,57.7,High,56.7
ORG-00403,medium,energy,766,1296,75,65.2,23.9,18,41.6,False,False,2,126,False,45.0,48.3,29,True,True,40.5,True,True,28.9,55.2,False,False,74,36,46,22,12,True,0,True,45.6,True,175,False,False,False,141.0,87.0,72,True,12,True,62.0,19.0,True,True,True,1,True,False,SYNTHETIC,59.0,High,56.7
ORG-00404,medium,technology,834,1392,153,44.6,41.8,36,3.8,False,False,1,209,False,0.4,20.0,84,False,False,21.5,False,False,5.8,24.3,False,False,94,62,90,33,12,False,8,True,0.0,False,108,False,False,False,219.0,122.0,6,False,3,False,81.0,28.0,False,False,False,1,False,False,SYNTHETIC,100.0,Critical,90.2
ORG-00405,small,finance,28,37,2,58.3,37.2,3,47.5,False,False,2,139,True,9.8,27.8,49,False,True,29.5,True,False,29.4,41.2,False,False,71,44,45,23,12,True,0,True,35.1,False,156,False,False,True,148.0,62.0,6,False,12,True,47.0,16.0,False,True,True,3,False,True,SYNTHETIC,65.5,High,65.1
ORG-00406,medium,energy,659,876,74,35.5,41.7,15,45.9,True,True,3,131,True,43.5,31.8,36,True,False,58.5,False,True,30.9,72.4,True,False,47,36,40,10,12,True,16,True,60.3,False,165,True,False,False,127.0,71.0,1,False,3,True,29.0,9.0,False,True,False,2,True,False,SYNTHETIC,40.6,Moderate,43.1
ORG-00407,small,education,23,28,1,48.7,0.0,6,51.3,False,False,3,101,False,43.2,73.5,39,True,False,55.2,True,True,59.5,51.0,True,True,49,33,20,15,24,False,0,False,48.5,False,239,False,False,False,79.0,36.0,6,True,6,False,26.0,8.0,True,True,True,2,False,False,SYNTHETIC,49.4,Moderate,50.0
ORG-00408,medium,education,1502,2360,237,68.2,2.8,49,70.6,True,True,3,116,True,66.9,55.9,32,True,False,51.8,True,True,82.7,62.4,True,True,49,31,42,21,12,True,0,True,52.4,True,265,True,True,True,89.0,65.0,12,True,6,False,18.0,2.0,False,True,False,1,False,False,SYNTHETIC,37.4,Moderate,36.8
ORG-00409,small,technology,52,72,2,88.4,33.5,2,22.8,False,False,1,189,False,22.2,26.7,50,False,True,32.8,True,False,42.0,33.1,False,False,73,57,77,37,0,False,8,True,21.2,False,112,False,False,True,123.0,99.0,6,False,1,False,57.0,18.0,False,False,False,1,False,False,SYNTHETIC,85.0,Critical,80.5
ORG-00410,small,education,14,20,1,58.6,48.2,4,17.8,False,False,3,141,False,2.4,21.2,49,False,False,29.0,True,False,8.1,40.7,True,False,64,65,78,19,0,False,16,True,12.4,False,140,True,False,False,152.0,84.0,24,False,6,False,39.0,22.0,False,False,False,2,False,True,SYNTHETIC,84.1,Critical,76.5
ORG-00411,medium,government,471,678,78,69.9,39.3,18,19.0,False,False,2,218,True,5.1,20.0,60,False,False,25.2,True,False,25.5,32.1,False,False,87,61,61,28,24,False,8,True,13.7,False,33,False,False,False,158.0,97.0,24,False,12,False,70.0,21.0,False,False,False,3,False,False,SYNTHETIC,100.0,Critical,87.8
ORG-00412,small,education,105,155,6,99.5,35.0,4,12.8,False,False,2,159,True,0.0,36.7,53,False,True,46.2,True,True,11.1,20.8,False,False,73,62,52,25,0,False,0,False,15.8,False,80,True,False,False,149.0,111.0,1,False,3,False,70.0,15.0,True,True,False,2,False,False,SYNTHETIC,78.6,Critical,70.1
ORG-00413,small,retail,14,15,1,49.6,68.7,1,82.4,False,False,4,85,False,67.0,89.3,30,True,True,80.1,True,False,84.0,80.1,True,True,46,11,21,13,6,False,0,False,55.4,False,265,True,False,False,63.0,57.0,12,True,1,True,30.0,7.0,True,True,False,1,False,False,SYNTHETIC,39.3,Moderate,40.5
ORG-00414,small,manufacturing,19,26,1,42.8,74.4,4,13.2,False,False,1,135,False,19.3,20.0,61,False,False,11.5,True,False,12.4,39.6,True,False,94,60,91,37,0,False,8,True,13.0,False,80,False,False,False,188.0,101.0,6,False,3,False,68.0,18.0,False,False,True,6,True,False,SYNTHETIC,96.9,Critical,85.3
ORG-00415,medium,education,944,1568,136,60.7,68.3,29,31.4,True,True,3,101,True,56.6,34.6,50,False,False,63.3,True,True,41.8,38.7,True,False,46,34,44,21,0,False,0,False,41.1,False,193,False,False,True,105.0,50.0,168,True,0,True,40.0,15.0,True,False,False,0,False,False,SYNTHETIC,47.2,Moderate,45.1
ORG-00416,medium,technology,264,370,25,49.5,19.1,8,83.2,True,True,4,63,False,50.9,78.0,23,True,True,94.3,True,True,90.2,83.5,True,True,22,13,28,1,24,True,8,True,68.1,True,352,True,True,True,2.0,5.0,12,True,12,True,18.0,0.5,True,True,True,0,False,False,SYNTHETIC,21.1,Low,19.7
ORG-00417,small,education,34,46,3,80.3,30.1,2,69.5,False,False,3,133,True,55.1,42.7,43,False,False,50.0,True,False,41.0,44.7,False,True,81,36,62,20,0,False,8,True,39.6,False,182,False,False,False,153.0,83.0,24,True,3,False,40.0,14.0,True,True,False,3,False,False,SYNTHETIC,57.2,High,59.0
ORG-00418,small,government,46,67,2,83.4,26.8,2,48.5,False,False,3,92,False,55.8,74.9,20,True,True,59.1,True,True,80.3,63.4,True,True,37,18,31,23,6,False,8,True,66.2,False,265,True,True,False,69.0,57.0,1,True,6,True,25.0,6.0,False,False,True,2,True,False,SYNTHETIC,47.0,Moderate,45.7
ORG-00419,medium,technology,1504,2631,152,58.4,51.0,34,71.2,True,True,4,87,True,68.6,79.0,1,True,True,65.3,True,True,81.7,67.9,True,True,32,28,35,14,0,True,8,True,43.9,True,288,True,True,True,54.0,26.0,24,True,12,True,23.0,8.0,False,True,True,0,False,False,SYNTHETIC,24.8,Low,26.1
ORG-00420,large,energy,16592,32353,3691,68.3,75.3,739,48.2,False,False,3,109,False,38.3,48.4,28,False,False,71.2,True,True,36.6,74.6,False,True,41,28,19,19,12,True,8,True,72.6,True,256,True,True,True,84.0,85.0,24,True,6,True,41.0,14.0,True,True,True,2,True,False,SYNTHETIC,38.8,Moderate,39.7
ORG-00421,small,technology,139,183,6,38.8,19.8,2,44.9,True,True,3,121,True,76.0,34.8,37,True,False,49.3,True,False,37.4,56.2,False,True,60,42,33,20,12,False,8,True,49.7,False,145,True,True,False,110.0,38.0,12,False,12,True,52.0,16.0,False,True,True,2,True,False,SYNTHETIC,55.9,High,56.0
ORG-00422,medium,finance,1610,2857,275,73.2,1.6,55,76.6,True,True,4,83,True,59.5,68.9,11,True,True,82.4,True,True,75.1,87.5,True,True,18,13,35,8,0,True,16,True,100.0,True,337,True,False,True,41.0,7.0,24,True,6,True,10.0,6.0,True,True,True,0,False,False,SYNTHETIC,13.9,Low,15.4
ORG-00423,small,manufacturing,123,172,13,57.5,15.0,8,23.0,False,False,1,199,False,0.0,20.0,65,True,False,30.5,True,False,0.0,18.1,False,False,81,50,75,29,0,False,0,False,16.5,False,96,False,False,False,163.0,101.0,12,False,6,False,59.0,26.0,True,True,True,0,False,False,SYNTHETIC,90.3,Critical,81.8
ORG-00424,medium,energy,513,755,53,45.7,19.5,13,89.4,True,True,4,41,True,87.5,65.3,18,True,False,81.5,True,True,67.8,96.1,True,False,16,31,41,10,12,False,8,True,76.7,False,277,True,True,True,84.0,49.0,1,True,6,True,20.0,0.5,True,True,False,0,False,False,SYNTHETIC,23.2,Low,25.5
ORG-00425,medium,energy,880,1476,119,48.1,28.6,24,56.3,False,True,3,87,True,47.9,69.4,22,True,True,79.9,True,False,49.4,79.6,True,False,42,31,23,15,6,False,16,True,36.0,False,292,True,True,True,65.0,42.0,12,True,1,False,34.0,13.0,True,True,True,2,True,False,SYNTHETIC,33.8,Moderate,35.1
ORG-00426,small,healthcare,27,31,1,62.1,38.9,3,17.9,False,False,2,155,True,13.2,31.0,67,False,True,45.5,True,False,13.5,40.4,False,True,79,57,46,24,0,False,0,False,59.9,False,164,True,True,True,161.0,65.0,12,False,6,True,70.0,19.0,True,False,False,1,False,False,SYNTHETIC,71.4,High,65.8
ORG-00427,large,government,11123,21401,2899,53.8,47.2,581,98.6,True,True,4,39,True,88.2,77.8,17,True,True,89.3,True,True,93.5,97.6,True,True,34,21,3,13,6,True,24,True,88.4,True,288,True,True,True,29.0,21.0,6,True,1,False,19.0,3.0,False,True,True,0,False,False,SYNTHETIC,13.3,Low,14.0
ORG-00428,medium,education,922,1152,75,39.5,55.7,15,29.4,False,False,1,132,False,0.0,20.0,54,False,False,22.5,True,True,21.7,35.4,False,True,63,52,42,29,12,False,16,True,21.6,False,152,False,False,False,131.0,94.0,1,False,1,True,49.0,12.0,False,False,False,2,False,False,SYNTHETIC,74.8,High,75.7
ORG-00429,small,technology,23,29,1,69.4,0.0,3,75.3,False,False,5,73,True,83.1,49.7,25,True,True,91.1,True,True,49.9,71.6,False,True,41,23,24,16,24,True,8,True,75.7,True,238,True,False,True,103.0,22.0,24,True,12,False,17.0,3.0,True,False,True,0,False,False,SYNTHETIC,35.0,Moderate,36.5
ORG-00430,small,technology,156,208,12,55.0,20.2,6,7.0,False,False,2,212,False,10.9,20.0,64,False,False,10.0,True,False,24.5,21.7,False,False,91,67,96,37,6,False,0,False,0.2,False,53,False,False,False,188.0,103.0,12,False,3,False,67.0,21.0,False,False,False,3,True,False,SYNTHETIC,100.0,Critical,90.4
ORG-00431,small,government,74,89,3,73.2,0.0,3,50.9,False,True,5,99,True,84.1,64.9,18,True,True,69.1,True,True,73.5,71.8,True,True,18,26,28,11,12,False,8,True,74.5,False,301,True,True,True,84.0,46.0,12,True,1,False,26.0,10.0,True,True,True,0,False,False,SYNTHETIC,26.8,Moderate,29.1
ORG-00432,large,retail,7618,11840,1164,95.0,13.9,233,11.5,False,False,1,196,False,38.4,31.2,72,False,True,26.0,True,False,26.9,33.0,True,False,98,52,63,33,12,False,24,True,9.1,False,110,False,False,False,134.0,107.0,24,True,6,False,62.0,22.0,False,False,False,0,False,False,SYNTHETIC,81.0,Critical,75.9
ORG-00433,medium,technology,395,497,38,15.0,35.0,8,42.1,False,False,2,155,True,29.0,33.3,55,False,False,17.2,True,False,41.5,38.3,True,False,50,49,46,16,12,False,24,True,34.1,False,78,False,False,False,184.0,81.0,12,False,6,False,52.0,16.0,False,True,False,0,False,False,SYNTHETIC,71.0,High,69.4
ORG-00434,small,education,7,8,1,84.5,14.9,2,0.0,False,False,1,201,False,16.0,20.0,72,False,True,10.0,True,False,24.1,27.6,False,False,70,60,67,33,12,False,0,False,0.0,False,14,False,False,False,193.0,118.0,24,False,6,False,71.0,22.0,False,False,False,1,True,True,SYNTHETIC,100.0,Critical,91.4
ORG-00435,small,education,17,24,1,64.6,35.7,2,86.6,True,True,4,94,False,66.6,46.9,27,True,True,44.2,True,True,39.9,59.4,True,True,30,24,37,14,12,True,0,True,27.1,True,223,True,False,False,75.0,79.0,12,True,12,False,20.0,10.0,True,True,False,0,False,False,SYNTHETIC,38.3,Moderate,38.5
ORG-00436,small,technology,14,18,1,72.4,5.5,1,48.0,True,True,3,137,True,55.6,40.3,34,True,True,55.3,False,False,36.3,57.9,False,True,48,34,40,12,0,False,0,False,47.4,False,267,True,False,True,106.0,92.0,12,False,3,True,26.0,11.0,True,True,True,2,False,False,SYNTHETIC,43.4,Moderate,47.1
ORG-00437,medium,manufacturing,1109,1639,85,52.3,63.9,19,56.8,False,False,4,83,False,67.0,55.1,31,True,True,35.5,True,False,79.2,64.6,True,False,48,29,37,13,6,False,0,False,68.3,False,216,True,False,False,75.0,66.0,6,True,3,True,35.0,16.0,True,True,False,2,False,False,SYNTHETIC,46.7,Moderate,46.7
ORG-00438,large,education,6466,9881,1229,64.0,40.5,247,46.7,True,True,4,92,True,75.1,50.5,16,True,True,58.3,True,False,51.9,62.9,False,True,50,35,50,21,12,True,24,True,75.6,True,291,True,True,True,74.0,29.0,1,True,0,True,34.0,6.0,False,False,True,1,True,False,SYNTHETIC,36.4,Moderate,36.6
ORG-00439,large,technology,36850,72565,12272,92.0,62.7,2455,70.7,True,True,4,85,True,56.1,79.0,22,False,True,83.3,True,True,100.0,100.0,True,True,11,23,30,6,12,True,16,True,73.6,True,352,True,True,True,19.0,27.0,6,True,6,True,17.0,3.0,True,True,True,0,False,False,SYNTHETIC,15.4,Low,15.8
ORG-00440,small,technology,12,17,1,100.0,0.0,3,25.3,False,False,2,200,True,3.2,20.0,53,True,False,33.0,True,True,4.0,46.5,False,False,78,60,53,26,12,False,0,False,11.9,False,116,False,False,False,182.0,105.0,6,False,6,False,72.0,21.0,True,False,True,3,False,False,SYNTHETIC,81.2,Critical,76.0
ORG-00441,large,finance,10290,20004,3494,69.5,5.0,704,42.5,True,True,3,106,False,64.3,29.7,33,False,False,66.4,True,False,62.1,57.8,True,False,57,33,40,21,12,False,16,True,53.6,False,231,True,True,True,82.0,44.0,6,True,3,True,24.0,11.0,True,False,True,2,False,False,SYNTHETIC,42.6,Moderate,42.4
ORG-00442,small,healthcare,32,34,2,43.7,2.6,3,29.0,False,False,2,147,True,26.8,29.4,39,True,True,63.2,True,False,14.9,64.2,False,False,93,34,36,25,6,False,0,False,17.1,False,228,True,True,False,160.0,85.0,12,False,12,False,42.0,18.0,True,True,True,1,False,False,SYNTHETIC,66.9,High,66.9
ORG-00443,small,finance,29,37,1,94.5,34.6,2,44.2,True,True,3,139,True,52.2,46.4,34,True,False,52.8,True,False,58.5,32.3,True,True,66,51,58,23,6,False,0,False,57.8,False,233,True,False,False,111.0,46.0,24,True,1,False,39.0,13.0,False,True,False,1,False,False,SYNTHETIC,52.2,High,51.8
ORG-00444,medium,finance,941,1618,89,60.7,14.5,22,36.4,False,False,2,151,False,21.1,20.0,38,True,False,32.7,True,False,34.4,64.1,False,False,66,54,59,24,0,False,8,True,41.9,False,158,False,False,False,152.0,81.0,12,False,12,False,55.0,24.0,False,True,True,0,False,False,SYNTHETIC,78.8,Critical,78.0
ORG-00445,small,finance,15,18,1,79.9,13.5,2,24.8,False,False,2,151,False,32.3,47.2,45,False,False,48.1,True,False,36.7,50.4,True,True,62,45,43,22,12,False,0,False,21.7,False,133,True,True,False,145.0,96.0,6,False,6,False,53.0,18.0,True,False,False,0,False,True,SYNTHETIC,72.2,High,72.5
ORG-00446,medium,retail,355,444,30,29.0,2.6,8,50.8,True,True,3,116,True,36.8,46.2,37,True,True,46.4,True,False,49.6,60.1,False,False,54,39,43,18,0,True,16,True,36.8,True,227,True,True,False,102.0,67.0,6,True,6,False,37.0,21.0,False,True,False,1,True,False,SYNTHETIC,45.5,Moderate,44.0
ORG-00447,medium,retail,799,1193,97,72.6,38.0,20,59.1,True,True,5,94,True,95.8,68.7,9,True,True,64.7,True,True,45.8,82.5,True,True,22,22,27,12,12,False,16,True,56.7,False,269,True,True,True,45.0,46.0,12,True,12,False,13.0,12.0,True,True,False,1,False,False,SYNTHETIC,27.8,Moderate,28.9
ORG-00448,large,retail,26013,56713,6193,50.9,51.9,1244,75.6,True,True,4,53,True,50.8,65.4,12,True,True,100.0,True,True,87.1,75.5,True,False,32,24,11,1,24,True,24,True,92.1,True,372,True,True,True,50.0,6.0,1,True,0,True,9.0,1.0,True,True,True,1,False,False,SYNTHETIC,10.3,Low,10.4
ORG-00449,medium,healthcare,993,1568,80,61.8,47.3,24,8.8,False,False,1,182,False,13.8,20.0,47,False,True,37.5,True,False,17.7,28.3,False,False,82,64,80,32,24,False,0,False,0.0,False,20,False,False,False,201.0,117.0,12,False,3,False,56.0,14.0,False,False,False,2,False,False,SYNTHETIC,100.0,Critical,90.2
ORG-00450,small,energy,50,73,2,97.7,14.9,7,58.4,True,True,3,94,True,72.3,59.7,19,True,True,79.8,True,True,64.3,78.1,True,False,37,25,35,7,6,True,8,True,45.6,True,245,True,False,True,110.0,41.0,1,True,6,True,16.0,2.0,True,True,False,2,False,False,SYNTHETIC,27.8,Moderate,25.8
ORG-00451,medium,manufacturing,895,1312,81,33.3,6.2,17,14.1,False,False,2,174,True,50.7,27.3,56,False,False,13.5,True,True,0.0,32.3,True,False,79,50,62,30,12,False,16,True,34.2,False,109,True,False,False,133.0,102.0,12,True,6,False,61.0,20.0,True,False,False,0,False,False,SYNTHETIC,74.6,High,64.8
ORG-00452,small,retail,17,21,1,48.0,23.8,3,26.1,False,False,2,159,True,20.4,40.8,48,True,True,36.1,True,False,44.6,28.3,False,False,67,49,61,25,12,False,0,False,42.7,False,116,False,False,False,124.0,66.0,24,False,1,False,48.0,18.0,True,True,False,4,True,False,SYNTHETIC,70.8,High,71.6
ORG-00453,small,energy,139,195,13,45.0,34.1,5,66.4,True,True,5,80,True,100.0,87.2,9,True,True,85.5,True,True,76.8,80.0,True,False,37,19,19,17,12,True,0,True,94.5,True,331,True,True,True,2.0,20.0,12,False,1,True,9.0,4.0,True,True,False,1,False,False,SYNTHETIC,25.6,Moderate,24.5
ORG-00454,medium,healthcare,2913,3509,201,41.6,20.7,43,54.5,False,False,3,133,False,58.7,44.8,35,False,False,60.1,True,False,46.5,51.5,True,False,58,35,46,24,12,True,8,True,30.3,True,185,True,False,False,137.0,53.0,12,False,3,True,45.0,16.0,False,False,True,0,False,False,SYNTHETIC,61.7,High,61.7
ORG-00455,large,technology,3852,7856,730,95.0,61.6,151,82.0,True,True,5,56,True,73.6,68.3,13,True,False,100.0,True,True,71.1,82.2,True,True,27,19,6,2,12,True,16,True,90.2,True,357,True,True,True,42.0,1.0,12,True,6,True,6.0,6.0,True,True,True,1,True,False,SYNTHETIC,11.4,Low,11.4
ORG-00456,medium,education,476,753,48,58.9,46.8,13,24.7,False,False,2,165,False,26.1,24.1,50,False,False,30.1,True,True,5.5,50.1,True,False,72,62,68,32,12,True,8,True,35.7,True,118,True,False,False,155.0,101.0,72,False,0,False,55.0,22.0,False,False,True,1,False,False,SYNTHETIC,72.5,High,70.7
ORG-00457,large,education,9662,22642,4341,61.2,60.4,870,56.6,False,True,3,125,False,64.0,36.5,39,True,False,60.3,True,False,52.5,64.8,False,False,44,32,54,16,12,False,24,True,41.1,False,200,True,False,False,97.0,73.0,24,True,1,True,41.0,10.0,True,True,False,1,False,False,SYNTHETIC,50.8,High,50.7
ORG-00458,medium,healthcare,379,662,39,44.0,20.7,7,60.1,False,False,2,61,True,57.1,49.4,39,True,False,59.5,True,False,56.0,49.2,True,True,33,29,51,19,12,False,16,True,43.5,False,279,True,False,True,137.0,40.0,24,True,3,True,40.0,7.0,True,False,False,1,True,False,SYNTHETIC,49.6,Moderate,49.0
ORG-00459,medium,manufacturing,816,1462,160,22.6,19.2,36,39.6,False,False,3,135,True,24.0,20.0,44,False,False,38.4,True,True,51.3,27.4,False,True,64,52,59,20,12,False,16,True,29.0,False,176,False,False,True,135.0,102.0,12,False,3,False,64.0,15.0,False,False,False,4,True,True,SYNTHETIC,77.7,Critical,69.6
ORG-00460,small,government,10,10,1,96.0,48.6,4,56.6,True,True,2,74,True,41.5,46.5,42,False,False,57.5,True,False,45.7,67.0,False,True,47,49,36,21,0,False,0,False,41.8,False,179,True,True,False,110.0,94.0,12,True,6,True,19.0,16.0,True,True,True,1,False,False,SYNTHETIC,44.1,Moderate,45.7
ORG-00461,large,retail,11787,20494,3685,53.7,21.7,737,74.0,False,False,3,136,True,40.9,49.9,40,True,False,67.4,True,True,44.1,43.7,True,False,47,33,66,23,12,False,16,True,62.2,False,153,True,True,False,84.0,46.0,6,True,12,False,35.0,17.0,True,False,True,3,True,False,SYNTHETIC,47.9,Moderate,48.4
ORG-00462,small,education,36,41,2,75.1,43.8,2,0.0,False,False,2,126,False,31.8,20.0,47,False,False,34.9,True,False,25.1,32.1,False,True,80,55,52,26,0,False,8,True,5.6,False,164,True,False,False,138.0,86.0,6,True,3,False,51.0,22.0,False,False,False,1,False,False,SYNTHETIC,82.3,Critical,75.8
ORG-00463,small,retail,4,4,1,77.5,32.3,4,35.7,False,False,3,183,False,64.9,42.9,39,True,False,41.7,True,False,25.5,54.2,True,False,48,49,43,14,0,False,0,False,24.4,False,163,False,False,True,99.0,72.0,1,True,3,False,23.0,9.0,True,False,False,0,False,False,SYNTHETIC,60.0,High,60.1
ORG-00464,small,manufacturing,165,178,9,38.0,35.1,7,12.1,False,False,2,139,False,25.3,22.7,54,False,False,41.4,True,True,12.4,32.3,False,False,79,47,64,34,12,False,0,False,16.8,False,187,False,False,True,123.0,96.0,1,False,12,False,65.0,19.0,False,False,False,4,True,False,SYNTHETIC,97.5,Critical,82.8
ORG-00465,medium,manufacturing,1351,2022,177,40.4,42.0,38,57.5,False,False,3,146,True,40.4,51.5,33,False,False,66.6,True,True,45.8,55.7,True,True,48,32,51,22,6,False,16,True,32.4,False,268,False,False,False,85.0,63.0,6,True,12,False,25.0,14.0,True,True,False,0,False,False,SYNTHETIC,49.1,Moderate,51.5
ORG-00466,large,government,22440,54982,8188,62.8,53.9,1638,42.9,True,True,3,82,True,34.1,39.8,32,True,False,64.0,True,True,30.9,63.7,True,False,48,28,44,18,0,True,16,True,55.5,True,227,True,False,True,84.0,79.0,6,True,3,True,44.0,14.0,True,True,True,1,True,False,SYNTHETIC,30.2,Moderate,31.6
ORG-00467,medium,government,354,555,35,41.4,0.0,10,39.9,False,False,4,79,False,60.9,61.2,30,True,False,63.4,True,True,65.3,73.8,True,True,41,27,40,10,12,True,24,True,50.4,True,249,False,False,False,71.0,69.0,24,True,1,False,24.0,12.0,False,True,True,0,False,False,SYNTHETIC,44.6,Moderate,44.7
ORG-00468,small,manufacturing,50,63,1,51.5,55.3,3,27.9,False,False,3,123,True,29.1,46.8,37,False,False,54.6,True,False,51.5,37.7,False,True,51,44,61,28,6,False,24,True,28.4,False,150,True,False,False,132.0,75.0,1,False,3,False,39.0,17.0,False,True,False,6,False,False,SYNTHETIC,74.9,High,69.3
ORG-00469,large,finance,3120,7254,1301,71.8,72.0,260,45.1,False,False,3,95,False,27.2,78.6,37,True,True,55.4,True,True,40.1,53.0,True,True,44,31,36,16,12,True,24,True,75.4,True,246,False,False,True,82.0,49.0,1,False,0,True,29.0,8.0,False,True,False,1,True,False,SYNTHETIC,50.1,High,47.3
ORG-00470,small,education,71,100,3,89.9,2.3,3,46.7,False,False,3,125,False,35.8,24.6,41,False,False,40.9,True,False,52.3,36.7,False,True,58,41,63,30,6,False,0,False,30.3,False,209,False,False,True,110.0,79.0,12,False,12,False,49.0,14.0,False,False,False,2,True,False,SYNTHETIC,79.7,Critical,79.1
ORG-00471,medium,healthcare,156,189,10,59.3,0.0,2,71.4,False,False,4,65,True,85.6,68.8,26,True,True,72.8,True,True,60.5,95.6,True,True,35,30,2,11,6,True,8,True,76.3,False,317,False,False,True,46.0,27.0,12,True,6,True,27.0,11.0,True,True,True,0,False,False,SYNTHETIC,26.0,Moderate,25.3
ORG-00472,medium,education,235,339,25,26.8,11.4,7,71.0,True,True,3,68,True,67.8,73.6,27,True,True,79.7,True,True,74.0,71.2,True,False,18,14,20,4,12,True,16,True,92.5,False,309,True,True,True,38.0,27.0,6,True,12,False,22.0,0.5,False,True,False,0,False,False,SYNTHETIC,22.3,Low,22.4
ORG-00473,large,energy,12560,28980,5555,95.0,52.1,1115,67.2,True,True,4,61,True,74.3,92.4,22,True,True,80.9,True,True,100.0,82.1,True,True,4,9,20,1,6,True,24,True,62.3,True,364,True,True,True,30.0,27.0,6,True,0,True,13.0,5.0,True,True,False,0,False,False,SYNTHETIC,12.2,Low,12.9
ORG-00474,small,technology,15,20,1,63.1,28.1,3,1.6,False,False,1,179,False,15.5,20.0,52,False,False,10.0,True,False,7.8,23.1,False,False,101,69,81,30,0,False,8,True,1.2,False,111,False,False,False,173.0,124.0,72,False,6,True,73.0,31.0,False,False,False,3,False,False,SYNTHETIC,100.0,Critical,88.6
ORG-00475,medium,finance,1062,1703,154,58.6,47.4,33,63.2,False,False,3,94,False,50.8,56.0,31,True,False,62.7,True,True,75.6,66.2,True,True,34,24,35,17,6,True,0,True,54.6,True,241,True,True,True,49.0,29.0,6,True,3,False,26.0,8.0,True,True,False,0,False,False,SYNTHETIC,38.4,Moderate,38.7
ORG-00476,small,manufacturing,41,42,1,80.5,21.4,2,28.4,False,False,2,219,False,8.5,20.0,58,False,False,20.5,True,False,3.6,26.1,False,False,88,63,61,34,0,False,0,False,0.0,False,38,False,False,True,224.0,120.0,12,False,1,False,63.0,27.0,False,False,False,6,False,False,SYNTHETIC,95.9,Critical,86.5
ORG-00477,small,technology,201,245,17,68.9,16.0,6,52.8,False,False,3,101,True,48.6,64.5,29,True,False,68.0,True,True,78.1,84.3,True,True,22,24,35,6,0,True,16,True,51.3,True,219,True,True,False,77.0,16.0,24,True,6,True,28.0,10.0,True,True,False,0,False,False,SYNTHETIC,31.3,Moderate,32.0
ORG-00478,medium,government,528,641,67,42.0,43.4,21,22.8,False,False,2,193,True,11.5,43.1,49,False,False,43.4,True,False,12.1,55.4,False,True,58,48,61,25,24,True,0,True,50.0,True,115,True,True,False,176.0,71.0,6,True,6,False,54.0,11.0,False,False,True,5,True,False,SYNTHETIC,65.0,High,65.3
ORG-00479,medium,technology,592,848,47,20.5,21.9,13,27.9,False,False,1,182,False,0.5,20.0,59,True,False,21.6,True,False,0.0,30.9,False,False,93,48,70,28,0,False,24,True,0.0,False,83,False,False,False,158.0,91.0,12,False,6,False,66.0,29.0,True,False,False,1,True,False,SYNTHETIC,87.4,Critical,83.8
ORG-00480,small,education,8,11,1,65.0,13.3,3,53.5,False,False,3,128,False,39.5,44.5,50,False,False,31.6,True,True,7.5,57.4,True,False,50,58,68,23,0,False,8,True,31.0,False,179,False,False,True,145.0,74.0,6,False,1,True,56.0,14.0,False,False,False,1,False,False,SYNTHETIC,67.2,High,66.4
ORG-00481,medium,technology,253,355,33,48.8,4.7,10,43.7,False,True,2,90,True,15.2,59.6,44,True,True,67.1,True,False,32.8,64.4,False,False,41,45,24,14,0,True,16,True,68.6,True,200,False,False,True,96.0,58.0,6,True,1,True,51.0,12.0,True,True,True,2,False,False,SYNTHETIC,40.3,Moderate,36.9
ORG-00482,medium,finance,186,243,15,95.0,39.9,5,75.6,False,False,3,80,True,51.4,43.8,28,False,True,64.7,True,True,62.2,62.1,False,True,41,35,33,16,12,True,24,True,64.7,True,235,True,True,True,96.0,33.0,24,True,12,True,37.0,10.0,False,True,True,3,True,False,SYNTHETIC,34.2,Moderate,35.5
ORG-00483,small,finance,42,47,1,66.1,0.0,3,63.9,False,False,3,109,True,48.8,50.8,42,True,False,52.5,True,False,48.1,65.0,False,True,61,47,41,26,6,True,8,True,28.8,True,161,False,False,False,114.0,80.0,1,False,3,True,34.0,17.0,True,False,True,2,False,False,SYNTHETIC,58.4,High,59.6
ORG-00484,large,government,12481,26234,5160,87.2,33.1,1033,67.1,False,False,4,70,True,62.5,62.0,35,True,False,53.9,True,True,14.6,62.2,True,True,37,38,23,19,12,True,24,True,51.6,True,256,True,False,True,120.0,52.0,1,True,3,False,43.0,11.0,True,True,False,0,False,False,SYNTHETIC,37.6,Moderate,36.1
ORG-00485,small,manufacturing,5,6,1,67.9,0.0,5,49.3,False,False,3,126,True,24.2,27.3,42,False,True,54.8,True,True,31.6,47.0,True,False,70,42,58,22,0,False,16,True,45.8,False,196,False,False,False,113.0,74.0,72,False,6,False,55.0,15.0,True,False,False,0,False,False,SYNTHETIC,59.5,High,61.3
ORG-00486,small,energy,51,57,1,73.1,43.5,1,72.4,False,False,2,118,True,59.9,36.5,48,True,False,50.3,True,False,23.2,46.7,False,False,51,35,51,28,12,True,0,True,41.8,True,196,False,False,False,137.0,75.0,12,True,3,True,42.0,16.0,False,True,True,3,False,False,SYNTHETIC,57.4,High,56.8
ORG-00487,small,government,196,261,6,75.9,40.5,2,0.0,False,False,1,224,False,0.0,20.0,63,False,False,23.5,True,False,21.2,10.0,False,False,93,60,84,27,12,False,8,True,0.0,False,14,False,False,False,220.0,135.0,6,False,3,False,84.0,26.0,False,False,False,4,True,False,SYNTHETIC,99.8,Critical,90.8
ORG-00488,small,finance,31,37,1,77.6,28.7,4,15.7,False,False,2,125,True,46.1,20.0,53,False,False,25.8,True,False,23.2,54.1,False,True,58,49,55,32,12,False,8,True,46.1,False,80,False,False,True,128.0,70.0,12,False,3,False,54.0,25.0,False,False,False,2,False,False,SYNTHETIC,81.9,Critical,77.9
ORG-00489,small,technology,29,31,1,67.0,13.6,1,0.0,False,False,1,189,False,3.2,20.0,63,False,False,22.4,True,False,4.8,35.8,False,True,77,49,50,22,12,False,0,False,0.0,False,124,False,False,False,208.0,110.0,12,False,6,False,48.0,19.0,False,False,True,2,False,False,SYNTHETIC,100.0,Critical,87.3
ORG-00490,medium,healthcare,679,965,82,50.6,39.2,18,25.6,False,False,2,183,False,28.4,20.0,66,True,False,16.6,True,False,0.0,13.4,False,False,79,61,30,30,6,False,24,True,2.1,False,141,False,False,False,182.0,98.0,6,True,6,False,57.0,25.0,False,True,False,2,False,False,SYNTHETIC,74.1,High,73.5
ORG-00491,small,technology,148,160,7,50.2,29.6,6,67.0,False,False,3,129,True,58.9,33.5,46,False,True,64.6,True,False,46.6,62.0,True,True,42,49,59,17,6,True,0,True,43.5,True,192,False,False,False,129.0,77.0,6,True,12,False,44.0,17.0,True,False,False,5,True,False,SYNTHETIC,53.3,High,53.9
ORG-00492,medium,technology,941,1656,188,60.3,61.1,41,18.0,False,False,2,206,False,53.3,25.7,48,False,False,10.8,True,False,15.8,25.1,False,True,97,52,90,33,0,False,8,True,5.5,False,103,False,False,False,171.0,93.0,72,False,6,False,60.0,16.0,False,False,False,4,True,False,SYNTHETIC,100.0,Critical,87.9
ORG-00493,medium,education,1110,1709,101,71.2,21.0,21,0.0,False,False,1,194,True,10.9,20.0,60,True,False,34.8,True,False,0.0,31.8,False,False,93,61,79,34,12,False,16,True,16.3,False,84,False,False,False,146.0,94.0,24,False,12,False,70.0,26.0,False,False,True,3,False,False,SYNTHETIC,100.0,Critical,86.7
ORG-00494,medium,retail,780,952,103,29.7,37.9,23,35.2,False,False,3,132,False,41.6,43.9,33,True,False,51.9,True,False,60.4,61.2,True,True,43,52,34,26,12,True,16,True,51.5,False,260,True,True,False,137.0,61.0,6,True,3,False,28.0,13.0,True,False,True,2,False,False,SYNTHETIC,51.8,High,50.9
ORG-00495,medium,education,1567,1936,137,40.8,44.2,34,78.7,True,True,4,42,True,46.5,64.5,24,False,False,94.7,True,True,94.1,92.5,True,True,35,6,12,17,0,True,24,True,83.2,True,286,False,False,True,30.0,22.0,12,True,0,True,12.0,7.0,True,True,True,0,False,False,SYNTHETIC,22.8,Low,17.9
ORG-00496,small,healthcare,39,50,2,53.5,44.4,3,51.4,False,False,3,125,True,27.3,40.8,34,True,False,53.6,True,False,53.0,53.2,True,True,55,52,50,21,12,False,8,True,34.0,False,176,False,False,False,133.0,77.0,12,False,12,True,36.0,18.0,True,True,True,5,True,True,SYNTHETIC,64.1,High,63.0
ORG-00497,small,education,70,95,3,81.7,0.0,3,48.0,True,True,3,102,False,27.3,36.6,24,False,True,57.6,True,True,22.7,68.1,True,True,62,27,50,16,6,False,8,True,71.2,False,227,True,False,False,81.0,47.0,12,True,3,False,40.0,7.0,False,False,True,7,False,False,SYNTHETIC,44.1,Moderate,45.3
ORG-00498,small,healthcare,11,11,1,69.9,57.6,4,67.2,False,False,4,100,False,36.2,49.8,37,True,False,44.9,True,True,33.7,73.1,True,False,27,36,48,16,12,False,0,False,44.8,False,290,True,False,False,98.0,59.0,12,False,6,False,33.0,12.0,False,False,True,3,False,True,SYNTHETIC,61.9,High,61.1
ORG-00499,medium,energy,405,520,44,59.6,25.9,14,32.4,False,False,3,167,False,22.8,30.7,42,True,True,41.2,True,True,17.4,24.2,False,False,80,48,50,21,24,True,16,True,29.1,True,137,False,False,False,158.0,82.0,12,True,6,False,48.0,18.0,False,True,True,4,False,False,SYNTHETIC,61.5,High,61.5
ORG-00500,medium,manufacturing,878,1408,127,77.5,74.7,29,9.2,False,False,2,185,True,13.3,20.0,46,False,False,29.7,True,False,0.0,13.7,False,True,85,61,57,31,6,False,8,True,0.0,False,118,False,False,False,175.0,99.0,1,False,12,False,84.0,18.0,False,False,False,2,False,True,SYNTHETIC,97.9,Critical,87.1
ORG-00501,medium,energy,564,936,109,32.4,29.0,22,60.6,True,True,4,74,True,46.6,72.9,15,True,False,97.7,True,True,50.8,84.8,True,False,25,16,5,2,0,True,0,True,66.4,True,296,True,True,True,55.0,41.0,24,True,1,True,23.0,10.0,True,True,False,1,False,False,SYNTHETIC,17.2,Low,18.1
ORG-00502,small,manufacturing,46,54,4,86.8,0.0,3,41.1,False,False,1,179,True,26.7,37.1,50,False,False,24.7,True,False,28.0,44.7,True,True,77,54,69,28,6,False,8,True,39.4,False,164,True,False,True,135.0,106.0,12,True,3,False,54.0,20.0,True,False,False,2,True,False,SYNTHETIC,63.1,High,62.2
ORG-00503,medium,finance,741,942,82,59.7,41.3,19,71.8,True,True,5,56,True,100.0,77.8,14,True,True,90.8,True,True,98.0,90.0,True,True,16,19,4,5,6,True,0,True,98.3,True,310,True,True,True,19.0,21.0,12,True,12,True,30.0,11.0,True,True,False,2,True,False,SYNTHETIC,13.2,Low,14.4
ORG-00504,small,healthcare,65,81,1,63.1,74.1,6,23.9,False,False,1,196,False,0.0,35.3,51,False,False,29.4,True,False,42.1,22.8,False,False,81,71,73,37,12,True,0,True,30.9,True,59,False,False,True,203.0,104.0,6,False,6,True,50.0,25.0,False,True,False,2,True,True,SYNTHETIC,78.1,Critical,77.8
ORG-00505,medium,manufacturing,292,355,27,38.6,22.0,6,46.1,True,True,3,154,True,40.7,53.3,46,False,False,54.9,True,False,40.7,61.5,True,True,71,45,54,16,6,True,24,True,27.9,False,223,False,False,True,134.0,77.0,12,True,3,True,43.0,6.0,False,False,False,0,False,False,SYNTHETIC,46.2,Moderate,45.4
ORG-00506,medium,government,212,340,28,65.2,39.5,8,62.0,False,False,4,83,True,62.2,76.2,23,True,True,52.4,True,True,78.3,57.8,True,True,23,25,47,10,0,True,8,True,69.9,True,313,False,False,False,79.0,4.0,6,True,3,True,23.0,7.0,True,False,False,0,False,False,SYNTHETIC,34.9,Moderate,35.8
ORG-00507,small,manufacturing,78,96,2,84.7,0.0,6,15.9,False,False,2,163,False,5.0,34.8,63,False,True,37.5,True,False,21.5,17.0,True,False,81,49,47,30,0,False,8,True,19.1,False,104,False,False,True,126.0,100.0,6,False,3,False,59.0,17.0,True,True,False,1,False,True,SYNTHETIC,90.0,Critical,72.0
ORG-00508,small,government,33,46,1,80.4,0.0,3,48.5,False,False,4,77,False,64.5,37.7,30,True,True,68.7,True,True,47.1,64.1,False,True,46,44,71,17,12,False,0,False,34.6,False,232,False,False,False,109.0,66.0,12,True,6,False,29.0,10.0,False,True,False,1,False,False,SYNTHETIC,62.7,High,59.8
ORG-00509,small,healthcare,14,20,1,24.8,48.1,5,88.8,True,True,4,59,True,69.4,67.3,19,True,True,73.5,True,True,51.4,71.6,True,True,32,24,20,9,12,True,0,True,72.1,True,248,False,False,False,78.0,53.0,12,True,3,False,21.0,13.0,False,True,True,1,False,False,SYNTHETIC,28.3,Moderate,28.9
ORG-00510,small,retail,26,27,1,75.5,57.7,3,50.2,True,True,3,123,False,28.5,52.6,52,False,True,58.3,True,False,61.4,53.1,True,True,60,34,22,28,12,False,0,False,26.9,False,175,True,True,True,79.0,44.0,168,True,1,False,43.0,12.0,False,True,False,1,True,False,SYNTHETIC,47.4,Moderate,48.9
ORG-00511,small,finance,63,64,2,45.0,28.0,4,42.8,False,True,3,129,False,36.6,39.6,50,True,True,67.5,True,False,20.6,59.3,True,True,49,44,48,24,12,False,8,True,35.6,False,253,True,True,False,156.0,80.0,6,False,6,True,60.0,23.0,True,True,True,1,True,False,SYNTHETIC,58.5,High,57.5
ORG-00512,medium,retail,344,503,47,15.0,38.5,10,94.2,True,True,4,60,True,64.0,53.3,37,True,True,71.4,True,True,63.2,86.5,True,True,26,22,32,14,12,True,0,True,78.0,False,253,True,True,True,36.0,38.0,6,True,3,True,24.0,7.0,True,True,True,0,False,False,SYNTHETIC,20.2,Low,19.1
ORG-00513,small,manufacturing,44,44,1,63.9,43.4,2,38.2,False,False,1,217,False,0.0,21.1,70,True,False,25.8,True,False,19.8,18.5,False,False,64,52,79,36,0,False,24,True,21.9,False,42,True,False,True,178.0,109.0,1,False,0,False,68.0,18.0,False,True,False,2,True,True,SYNTHETIC,85.0,Critical,77.1
ORG-00514,small,technology,76,79,2,70.8,30.3,1,55.9,True,True,3,136,True,76.6,52.3,40,True,True,45.4,True,True,53.1,56.5,False,True,44,28,27,20,12,False,0,False,66.4,False,210,False,False,True,78.0,42.0,12,False,0,False,32.0,17.0,True,False,False,3,False,False,SYNTHETIC,48.3,Moderate,49.2
ORG-00515,large,government,25552,60163,10850,87.8,32.6,2178,67.0,False,False,4,75,True,43.7,68.7,35,False,True,48.6,True,False,54.7,57.1,True,False,37,21,62,13,12,False,24,True,46.4,False,231,True,True,True,64.0,44.0,6,True,6,True,23.0,15.0,True,True,True,0,False,False,SYNTHETIC,38.7,Moderate,39.0
ORG-00516,small,finance,30,43,2,74.5,11.3,1,40.8,False,False,4,139,True,35.6,65.5,35,True,True,65.1,True,False,40.3,36.9,False,False,42,37,52,9,12,True,0,True,50.0,True,228,False,False,False,93.0,65.0,72,False,12,True,43.0,11.0,True,False,True,0,False,False,SYNTHETIC,57.0,High,57.8
ORG-00517,medium,energy,1120,1487,94,44.9,44.9,21,33.8,False,False,4,136,True,29.5,42.2,50,False,False,60.7,True,False,27.6,45.1,False,True,71,49,53,31,24,True,8,True,69.6,True,198,True,True,True,167.0,60.0,12,False,3,True,31.0,16.0,True,True,False,2,True,False,SYNTHETIC,59.4,High,56.9
ORG-00518,small,finance,33,48,2,34.4,27.8,2,88.4,True,True,4,135,True,19.0,50.2,33,True,False,69.1,True,False,82.4,64.2,False,False,59,31,48,11,0,True,0,True,35.6,True,265,False,False,True,83.0,34.0,6,True,0,True,26.0,14.0,False,True,False,1,False,False,SYNTHETIC,39.0,Moderate,39.0
ORG-00519,medium,technology,452,550,31,17.9,0.0,9,40.5,False,False,2,126,False,16.4,35.8,55,False,True,45.3,True,False,58.4,82.8,False,False,63,41,70,23,12,False,16,True,52.1,False,160,False,False,False,102.0,71.0,12,False,6,False,44.0,14.0,False,True,True,1,True,False,SYNTHETIC,70.7,High,71.2
ORG-00520,small,technology,10,12,1,39.0,4.3,4,65.1,False,False,3,146,True,37.2,38.7,42,False,False,48.8,True,False,25.4,57.8,True,False,62,37,64,26,0,False,0,False,33.9,False,245,False,False,False,123.0,70.0,6,False,12,True,33.0,13.0,False,True,False,2,False,False,SYNTHETIC,67.2,High,67.7
ORG-00521,medium,government,361,505,26,49.6,29.0,9,29.9,False,False,2,142,True,71.3,56.2,33,False,False,45.2,True,True,36.1,42.2,False,True,47,40,58,22,24,True,8,True,36.2,True,182,False,False,True,118.0,58.0,24,True,0,False,56.0,11.0,False,True,False,2,True,False,SYNTHETIC,55.8,High,57.2
ORG-00522,medium,healthcare,308,416,33,29.1,73.8,11,24.1,False,False,3,127,False,0.0,20.0,45,False,True,42.3,True,False,13.5,35.6,False,False,70,49,53,26,12,False,0,False,22.6,False,151,True,False,False,108.0,74.0,6,False,3,False,64.0,19.0,False,False,True,1,True,True,SYNTHETIC,81.8,Critical,77.5
ORG-00523,large,education,16504,30535,5964,50.3,39.4,1194,75.4,True,True,4,52,True,64.1,83.6,12,True,True,73.7,True,True,56.1,82.0,True,True,28,12,4,13,6,True,24,True,85.0,True,341,True,True,True,72.0,28.0,6,True,3,True,22.0,12.0,True,True,True,0,False,False,SYNTHETIC,12.4,Low,12.8
ORG-00524,small,technology,36,48,3,40.7,67.7,6,42.5,False,False,3,167,True,50.9,36.5,51,False,False,52.8,True,False,34.3,67.2,False,True,68,61,43,22,6,False,0,False,23.4,False,162,True,False,False,153.0,72.0,24,False,6,True,40.0,14.0,False,False,True,1,True,True,SYNTHETIC,70.4,High,68.9
ORG-00525,medium,finance,370,649,54,60.9,21.6,11,79.1,True,True,5,74,True,78.4,95.2,18,True,True,100.0,True,True,79.2,91.9,True,True,21,19,10,9,12,True,8,True,86.3,True,336,True,True,True,35.0,31.0,12,True,12,True,32.0,1.0,True,True,True,0,False,False,SYNTHETIC,12.1,Low,14.4
ORG-00526,medium,education,1683,2528,171,60.5,4.8,37,66.6,False,False,3,123,True,60.4,46.2,36,False,False,67.0,True,True,48.5,50.4,False,True,46,31,43,12,0,True,8,True,54.5,False,208,False,False,True,123.0,50.0,168,False,6,True,26.0,16.0,True,True,True,1,False,False,SYNTHETIC,47.2,Moderate,46.2
ORG-00527,small,manufacturing,53,61,3,86.2,62.8,2,43.7,False,False,3,134,True,56.3,51.7,44,True,True,68.1,True,True,29.1,56.4,True,False,32,54,59,23,0,False,0,False,76.4,False,178,False,False,False,126.0,50.0,24,False,6,True,46.0,21.0,False,True,False,1,False,False,SYNTHETIC,58.6,High,58.8
ORG-00528,medium,manufacturing,507,736,60,24.9,48.0,15,39.1,False,False,3,148,False,64.1,23.3,57,True,True,49.5,True,False,27.8,51.7,False,False,68,49,65,29,24,False,8,True,22.1,False,208,True,False,False,149.0,58.0,12,True,6,True,57.0,13.0,False,False,False,3,False,False,SYNTHETIC,67.4,High,69.4
ORG-00529,small,technology,33,35,1,72.2,6.8,5,31.1,False,True,2,125,False,42.7,64.9,36,True,True,67.2,True,False,56.4,49.4,True,False,65,33,52,31,12,True,0,True,49.8,True,163,True,True,False,112.0,29.0,12,False,1,True,45.0,19.0,False,False,False,1,False,False,SYNTHETIC,60.9,High,60.7
ORG-00530,small,energy,65,82,4,80.4,13.5,1,37.0,False,False,3,143,False,42.7,37.6,38,True,False,44.8,True,True,36.5,36.5,True,False,67,47,58,22,12,False,0,False,55.6,False,140,True,True,False,119.0,96.0,72,False,1,False,38.0,17.0,True,True,True,1,False,False,SYNTHETIC,62.6,High,62.4
ORG-00531,small,finance,20,23,1,60.1,0.0,6,44.3,False,False,3,141,True,38.8,33.5,42,False,True,43.4,True,True,55.7,42.2,True,True,66,46,52,27,0,False,0,False,3.7,False,159,False,False,True,140.0,76.0,24,True,12,True,47.0,22.0,True,False,False,3,True,False,SYNTHETIC,58.5,High,57.8
ORG-00532,small,finance,126,147,8,49.2,62.5,5,56.5,False,False,2,112,True,56.0,41.4,49,False,False,36.9,True,True,23.3,43.0,True,True,62,51,65,23,12,False,24,True,27.1,False,113,False,False,False,140.0,66.0,6,False,6,True,40.0,15.0,True,False,False,3,True,False,SYNTHETIC,73.0,High,63.1
ORG-00533,small,healthcare,26,36,1,54.2,19.9,5,0.9,False,False,2,195,False,1.4,20.0,54,True,False,10.3,True,False,10.8,36.8,False,False,95,75,75,43,6,False,0,False,4.8,False,26,False,False,False,228.0,116.0,6,False,12,False,67.0,33.0,False,False,False,3,False,True,SYNTHETIC,100.0,Critical,92.9
ORG-00534,small,finance,109,123,4,49.2,33.2,5,43.0,False,False,3,145,False,38.2,34.8,44,False,True,42.0,True,False,19.2,58.5,False,True,74,39,39,27,24,False,8,True,33.5,False,172,False,False,True,123.0,72.0,24,False,0,True,53.0,16.0,False,False,False,4,False,False,SYNTHETIC,73.4,High,72.4
ORG-00535,medium,government,359,519,31,94.6,0.0,14,35.2,False,False,2,131,False,48.9,37.5,31,True,False,52.0,True,True,49.1,51.1,False,True,58,37,35,20,12,False,16,True,51.6,False,113,False,False,False,151.0,63.0,1,False,1,True,46.0,14.0,True,True,False,2,False,False,SYNTHETIC,63.6,High,62.5
ORG-00536,large,finance,11447,27948,5216,69.3,43.4,1046,91.8,True,True,5,114,True,49.3,66.9,28,True,True,70.4,True,True,63.2,77.4,False,False,23,28,45,16,12,True,24,True,67.6,False,237,False,False,False,99.0,55.0,6,True,3,True,28.0,10.0,True,False,True,0,False,False,SYNTHETIC,28.9,Moderate,29.1
ORG-00537,small,education,29,35,2,62.2,56.4,1,35.6,False,False,2,102,False,36.4,48.0,48,False,True,43.4,True,True,50.8,61.5,True,False,76,34,47,25,6,True,8,True,28.5,False,192,True,False,False,109.0,108.0,12,True,1,True,50.0,12.0,True,False,False,2,False,False,SYNTHETIC,54.5,High,52.0
ORG-00538,small,healthcare,76,93,4,46.7,57.7,3,29.6,False,False,3,154,False,23.3,37.7,50,False,True,52.5,True,True,50.3,45.1,True,False,67,41,70,25,0,False,8,True,28.2,False,186,True,False,False,123.0,72.0,6,True,6,False,55.0,16.0,False,False,True,3,False,False,SYNTHETIC,60.5,High,61.2
ORG-00539,medium,education,1865,3295,169,35.8,52.2,37,12.2,False,False,1,169,True,28.3,20.0,63,False,False,10.0,True,False,26.9,22.8,False,False,77,61,67,38,12,True,24,True,0.0,True,93,False,False,False,149.0,94.0,24,False,3,False,77.0,24.0,False,False,False,0,False,False,SYNTHETIC,87.8,Critical,80.5
ORG-00540,small,manufacturing,80,106,2,97.0,36.1,3,21.1,False,False,2,227,False,18.7,20.0,64,False,False,28.3,True,False,12.5,31.8,False,False,78,67,59,39,12,False,0,False,6.9,False,83,False,False,False,217.0,102.0,24,False,12,False,71.0,21.0,False,False,False,0,False,True,SYNTHETIC,96.4,Critical,91.2
ORG-00541,medium,energy,574,852,89,42.2,23.5,17,57.4,False,False,2,162,False,44.1,35.7,54,False,False,48.3,True,True,12.7,52.0,False,False,87,50,62,30,0,False,0,False,19.1,False,200,False,False,False,112.0,74.0,6,True,6,False,61.0,19.0,True,False,False,1,False,False,SYNTHETIC,65.1,High,68.2
ORG-00542,small,technology,33,40,2,56.8,20.9,3,3.2,False,False,2,182,False,7.9,20.0,60,False,False,24.4,True,False,10.1,24.4,False,False,82,63,78,33,12,False,0,False,0.0,False,51,False,False,False,155.0,141.0,12,False,3,False,70.0,22.0,False,True,False,2,True,False,SYNTHETIC,100.0,Critical,88.8
ORG-00543,small,finance,12,16,1,59.8,47.1,2,40.8,False,False,2,161,False,49.5,22.6,46,True,False,50.9,True,True,15.1,45.1,False,True,84,55,28,29,6,False,0,False,31.6,False,188,True,True,False,146.0,93.0,24,False,3,True,41.0,13.0,True,True,False,2,True,False,SYNTHETIC,64.5,High,63.7
ORG-00544,medium,manufacturing,1375,2029,212,58.3,23.5,45,11.8,False,False,2,155,False,17.6,25.6,50,False,False,25.9,True,False,0.0,21.9,False,False,74,49,56,35,6,False,0,False,11.5,False,79,False,False,False,186.0,101.0,6,False,1,False,74.0,28.0,False,False,True,0,False,True,SYNTHETIC,100.0,Critical,87.0
ORG-00545,medium,education,1479,2029,169,49.6,35.3,35,2.9,False,False,3,184,False,43.6,30.4,43,True,False,39.4,True,True,0.0,37.8,False,False,66,58,63,38,12,False,24,True,31.5,False,104,False,False,False,146.0,105.0,12,False,6,False,64.0,25.0,False,False,False,1,False,True,SYNTHETIC,85.2,Critical,80.2
ORG-00546,medium,education,466,722,75,36.3,32.6,18,46.5,False,False,3,149,True,60.6,31.7,52,False,False,37.0,True,False,31.8,46.8,True,False,50,42,54,28,12,False,8,True,21.6,False,134,False,False,False,129.0,58.0,24,False,3,True,52.0,15.0,False,True,True,2,True,False,SYNTHETIC,75.1,Critical,67.4
ORG-00547,medium,energy,1343,1947,178,16.9,55.4,40,83.5,True,True,5,80,True,51.6,64.9,22,True,True,75.1,True,True,71.7,81.6,True,False,24,28,25,14,24,True,8,True,59.3,True,325,True,True,False,74.0,34.0,12,True,12,True,19.0,5.0,True,True,False,3,True,False,SYNTHETIC,25.8,Moderate,24.9
ORG-00548,medium,manufacturing,364,522,32,49.7,51.9,9,75.2,True,True,3,143,True,61.4,70.6,27,True,False,60.1,True,False,41.6,76.5,True,True,13,30,26,8,12,True,0,True,60.4,True,303,True,True,True,89.0,49.0,6,True,6,True,29.0,13.0,True,True,False,0,False,False,SYNTHETIC,30.8,Moderate,29.0
ORG-00549,medium,finance,423,550,37,37.6,27.6,11,38.3,True,True,3,137,True,28.1,41.3,39,False,True,53.7,True,True,35.2,66.4,False,True,59,43,58,12,0,True,8,True,53.3,True,257,False,False,False,108.0,79.0,24,False,6,True,45.0,15.0,False,True,False,1,False,True,SYNTHETIC,49.4,Moderate,50.4
ORG-00550,large,healthcare,5023,8338,1494,71.1,44.8,299,96.5,True,True,5,21,True,100.0,89.3,10,True,True,87.5,True,True,97.5,99.5,True,True,11,12,14,9,12,True,16,True,90.7,True,329,True,True,True,35.0,1.0,12,True,6,True,1.0,3.0,True,True,True,0,False,False,SYNTHETIC,9.9,Low,9.5
ORG-00551,medium,energy,1270,1583,102,35.6,43.6,24,52.2,False,False,2,167,False,15.9,31.5,44,False,False,77.7,True,False,35.2,52.1,False,False,53,42,52,22,0,True,16,True,42.6,True,145,True,False,False,116.0,80.0,12,False,0,True,26.0,19.0,True,False,False,1,True,True,SYNTHETIC,63.7,High,61.5
ORG-00552,large,energy,10153,25257,2280,68.8,14.5,460,60.6,True,True,4,82,False,52.3,62.8,30,False,False,76.4,True,False,60.6,79.5,True,False,58,27,35,13,12,True,24,True,53.0,True,348,True,False,False,63.0,30.0,24,True,12,True,19.0,7.0,True,True,True,0,False,False,SYNTHETIC,34.1,Moderate,34.9
ORG-00553,small,technology,43,46,2,59.0,33.8,5,39.6,False,False,3,155,True,38.9,58.6,47,False,False,32.8,True,False,26.3,47.1,False,True,60,40,52,19,12,False,0,False,55.2,False,145,False,False,False,165.0,78.0,12,False,6,True,53.0,11.0,False,True,False,1,False,False,SYNTHETIC,72.8,High,70.4
ORG-00554,medium,energy,260,314,26,65.9,19.1,11,97.3,True,True,5,59,False,67.4,91.7,11,True,True,82.5,True,True,78.6,73.8,True,True,8,13,32,1,0,True,8,True,84.4,True,366,True,True,True,27.0,17.0,12,True,6,True,15.0,0.5,True,True,True,1,True,False,SYNTHETIC,13.7,Low,13.5
ORG-00555,large,energy,12251,20294,2760,77.0,21.3,552,76.3,True,True,5,15,True,93.9,100.0,7,True,True,96.7,True,True,78.9,88.8,True,True,3,6,3,7,12,True,24,True,100.0,True,418,True,True,True,4.0,2.0,6,True,1,True,13.0,2.0,True,True,True,0,False,False,SYNTHETIC,4.3,Low,5.9
ORG-00556,medium,education,569,718,69,95.0,22.6,19,59.6,True,True,3,72,True,82.3,75.0,30,True,True,79.2,True,True,67.7,75.5,True,True,35,23,31,5,12,True,8,True,77.4,True,329,True,True,True,79.0,37.0,1,True,0,True,11.0,8.0,True,True,False,1,True,False,SYNTHETIC,20.7,Low,20.4
ORG-00557,medium,retail,1839,2576,153,88.8,31.4,31,39.2,True,True,2,130,False,43.1,48.7,33,True,False,65.9,True,True,46.1,67.3,True,False,56,32,54,16,0,True,8,True,54.3,True,202,True,False,True,89.0,75.0,24,False,3,True,30.0,16.0,False,True,True,0,False,True,SYNTHETIC,43.4,Moderate,46.0
ORG-00558,small,manufacturing,11,11,1,78.6,0.0,3,46.0,False,False,1,155,True,17.7,21.7,50,False,False,20.4,True,True,32.3,39.2,False,False,91,60,72,24,24,False,0,False,2.2,False,125,False,False,True,160.0,94.0,24,False,3,False,62.0,21.0,False,False,False,4,False,False,SYNTHETIC,87.7,Critical,78.3
ORG-00559,medium,technology,1882,2986,157,54.4,40.3,36,66.2,True,True,4,89,False,75.1,50.9,22,False,True,54.7,True,True,58.3,77.8,True,True,40,24,20,13,12,True,16,True,50.0,False,279,True,False,True,80.0,29.0,24,True,0,False,26.0,13.0,True,True,False,0,False,False,SYNTHETIC,28.9,Moderate,29.0
ORG-00560,medium,finance,644,996,110,87.5,50.9,27,62.6,False,False,4,95,True,40.8,65.9,24,True,True,79.0,True,True,51.9,86.7,True,False,48,29,44,8,12,True,0,True,56.6,False,253,False,False,True,106.0,58.0,6,True,12,True,36.0,14.0,True,True,False,1,False,False,SYNTHETIC,37.6,Moderate,37.9
ORG-00561,small,retail,32,37,1,51.8,0.0,1,15.4,False,False,1,212,False,8.3,20.0,54,False,False,18.7,True,False,18.5,10.0,False,False,109,63,66,35,0,False,8,True,16.1,False,24,False,False,False,192.0,99.0,1,False,6,False,77.0,20.0,False,False,False,5,False,False,SYNTHETIC,100.0,Critical,89.2
ORG-00562,large,technology,6844,11782,2071,93.1,42.5,416,97.8,False,False,4,94,True,30.9,53.8,31,True,True,70.2,True,True,53.8,64.5,True,False,42,21,34,5,12,False,8,True,34.9,False,241,False,False,True,49.0,39.0,6,True,0,True,34.0,6.0,True,True,True,1,True,False,SYNTHETIC,34.6,Moderate,33.4
ORG-00563,small,government,6,6,1,67.0,45.0,3,36.8,True,True,3,130,False,52.6,48.3,31,True,True,45.6,True,True,51.9,59.8,True,True,56,36,59,19,12,True,24,True,52.1,True,223,True,False,False,133.0,48.0,72,True,12,True,41.0,9.0,True,True,False,0,False,False,SYNTHETIC,40.1,Moderate,41.2
ORG-00564,medium,finance,1129,1770,170,55.8,26.1,37,38.7,False,False,3,124,False,38.6,44.7,49,True,True,30.3,True,False,43.7,45.9,False,False,67,51,48,24,24,True,8,True,32.7,True,191,False,False,True,106.0,82.0,12,False,6,False,48.0,22.0,False,True,True,0,False,False,SYNTHETIC,66.6,High,68.2
ORG-00565,small,manufacturing,15,18,1,73.2,42.8,1,24.4,False,False,3,124,False,26.3,44.2,39,True,True,32.6,True,False,42.0,60.8,True,True,58,29,41,15,6,False,8,True,59.5,False,203,False,False,False,104.0,71.0,6,True,12,False,30.0,16.0,True,False,True,0,False,False,SYNTHETIC,56.7,High,59.1
ORG-00566,large,government,7387,13539,2037,79.4,30.8,410,89.3,True,True,4,77,True,79.8,82.8,17,True,True,90.9,False,True,91.3,100.0,True,True,10,16,22,2,12,True,24,True,100.0,True,325,True,True,True,19.0,12.0,12,True,3,True,2.0,6.0,True,True,True,0,False,False,SYNTHETIC,9.0,Low,7.9
ORG-00567,small,energy,46,49,2,57.2,36.6,7,100.0,True,True,5,71,True,71.5,88.0,12,True,True,100.0,True,True,73.5,100.0,True,False,8,17,12,8,12,True,0,True,60.7,False,317,True,False,False,9.0,30.0,12,True,12,True,5.0,7.0,True,True,True,0,False,False,SYNTHETIC,19.6,Low,17.5
ORG-00568,small,manufacturing,72,95,2,100.0,26.8,1,47.4,False,False,3,130,False,54.7,66.2,46,True,True,55.0,True,False,41.7,40.2,True,True,69,35,56,20,6,False,0,False,35.4,False,217,True,False,False,107.0,83.0,1,False,1,False,37.0,5.0,True,True,False,2,False,False,SYNTHETIC,62.0,High,63.8
ORG-00569,medium,finance,1671,2241,236,60.9,22.4,51,36.4,True,True,3,141,False,39.9,44.2,45,True,False,51.6,True,False,46.4,66.7,True,True,50,28,54,26,12,True,8,True,48.8,True,227,False,False,False,120.0,67.0,12,True,6,False,36.0,17.0,True,True,False,0,False,False,SYNTHETIC,50.0,High,52.0
ORG-00570,medium,government,1378,2102,171,54.8,40.8,38,2.2,False,False,2,194,False,8.8,27.8,44,False,False,22.1,True,False,21.1,26.2,True,False,86,58,99,27,0,True,16,True,13.7,True,115,False,False,False,183.0,61.0,12,False,3,False,61.0,21.0,False,False,False,4,False,True,SYNTHETIC,90.3,Critical,78.7
ORG-00571,small,finance,27,38,1,39.3,21.5,2,74.3,False,False,3,61,True,60.9,56.4,29,False,True,83.7,True,True,77.8,75.0,True,False,26,29,29,16,12,True,0,True,67.2,True,296,False,False,False,93.0,50.0,12,True,6,False,15.0,11.0,False,True,True,2,False,False,SYNTHETIC,39.1,Moderate,39.6
ORG-00572,medium,retail,479,745,63,73.4,0.0,13,58.9,False,False,2,128,False,11.1,47.6,38,True,True,30.6,True,True,32.3,65.5,True,False,76,55,47,20,12,True,8,True,49.6,True,168,True,True,True,123.0,65.0,12,True,0,True,44.0,18.0,False,True,False,1,False,False,SYNTHETIC,47.0,Moderate,46.2
ORG-00573,medium,retail,734,1201,83,60.3,36.5,18,38.4,False,False,2,155,False,13.4,20.0,55,True,True,15.4,True,False,24.1,60.2,True,False,75,57,37,28,12,True,0,True,22.0,True,151,False,False,False,182.0,106.0,12,False,3,False,65.0,16.0,False,False,False,2,False,False,SYNTHETIC,74.8,High,74.9
ORG-00574,small,manufacturing,26,30,2,71.1,32.8,1,4.4,False,False,2,204,False,21.4,20.0,60,False,False,22.9,True,False,18.6,23.6,False,False,80,64,67,28,6,True,0,True,14.7,True,86,False,False,True,173.0,119.0,12,False,0,False,52.0,26.0,False,True,False,4,False,True,SYNTHETIC,90.5,Critical,80.4
ORG-00575,medium,retail,586,1004,61,91.2,23.2,14,63.4,False,False,4,60,False,100.0,49.1,18,False,True,81.9,True,True,67.9,80.9,True,True,1,22,26,15,12,False,0,False,43.8,False,284,False,False,True,96.0,24.0,24,True,12,True,9.0,10.0,False,True,True,2,False,False,SYNTHETIC,43.0,Moderate,43.4
ORG-00576,medium,healthcare,1774,2705,184,89.3,31.9,40,35.8,False,False,4,99,False,54.6,64.9,27,False,True,59.0,True,False,54.2,62.2,True,True,39,38,44,20,0,True,8,True,63.5,True,250,False,False,False,93.0,48.0,12,True,3,False,45.0,13.0,True,True,False,2,True,False,SYNTHETIC,50.3,High,49.4
ORG-00577,medium,technology,1111,1687,120,56.9,41.4,26,27.5,False,False,2,172,False,59.2,29.7,43,False,True,23.9,True,False,38.1,43.7,False,True,70,53,37,22,24,True,0,True,46.0,True,218,False,False,False,127.0,79.0,12,False,6,False,51.0,15.0,True,False,False,1,True,False,SYNTHETIC,71.9,High,72.4
ORG-00578,small,finance,31,36,1,65.6,40.8,6,19.8,False,False,2,203,False,14.5,28.0,46,False,False,26.9,True,False,30.0,39.2,True,False,64,56,51,19,12,False,0,False,6.6,False,112,False,False,False,130.0,95.0,72,False,0,False,52.0,15.0,False,False,False,3,False,False,SYNTHETIC,96.3,Critical,80.6
ORG-00579,medium,manufacturing,190,336,29,68.5,27.2,6,14.3,False,False,2,188,False,20.8,20.0,57,True,False,39.7,True,False,22.3,49.4,False,False,69,34,50,27,12,True,0,True,30.2,True,190,False,False,True,120.0,78.0,6,False,3,True,58.0,18.0,False,False,False,1,False,False,SYNTHETIC,81.4,Critical,74.5
ORG-00580,large,retail,10073,25154,4665,63.9,21.5,936,84.2,True,True,4,138,True,95.3,66.5,28,True,True,82.1,True,True,81.1,63.1,True,True,34,40,10,7,6,True,16,True,88.3,False,262,True,False,True,54.0,26.0,72,True,12,True,28.0,9.0,True,True,True,0,False,False,SYNTHETIC,15.9,Low,16.0
ORG-00581,small,energy,35,50,2,59.5,29.4,1,38.0,False,False,2,126,False,11.5,39.9,43,True,True,65.4,True,True,40.5,31.2,True,False,62,38,43,29,6,True,0,True,43.8,True,166,False,False,False,168.0,90.0,12,False,0,False,60.0,18.0,False,False,False,4,True,False,SYNTHETIC,68.0,High,67.2
ORG-00582,large,government,35532,86350,14566,54.7,21.0,2914,67.9,False,False,3,64,True,74.1,67.5,9,True,True,62.3,True,True,75.1,77.0,True,True,33,27,20,11,12,False,24,True,72.8,False,235,True,True,False,59.0,49.0,12,True,3,True,23.0,4.0,True,False,False,1,True,False,SYNTHETIC,33.6,Moderate,33.1
ORG-00583,medium,education,285,448,36,34.2,18.4,7,9.3,False,False,1,195,False,11.3,20.0,65,False,False,21.2,True,False,7.1,17.8,True,False,100,68,76,27,6,False,0,False,21.7,False,30,False,False,False,219.0,98.0,1,False,3,True,76.0,16.0,False,False,False,1,False,False,SYNTHETIC,95.6,Critical,84.4
ORG-00584,medium,education,3284,4466,495,68.2,36.0,101,81.9,True,True,3,103,True,67.1,63.8,16,True,False,76.1,True,True,74.3,72.2,False,True,52,30,17,10,24,True,0,True,67.9,True,309,True,True,True,87.0,34.0,12,True,3,True,23.0,8.0,True,True,False,2,False,False,SYNTHETIC,25.0,Moderate,26.6
ORG-00585,medium,education,1714,2632,144,62.1,47.6,31,16.2,False,False,3,173,False,8.2,35.5,35,False,False,33.5,True,False,25.4,40.9,False,True,67,45,62,17,12,False,8,True,42.5,False,171,True,False,False,150.0,57.0,12,True,3,False,41.0,15.0,False,False,False,0,False,False,SYNTHETIC,78.2,Critical,69.7
ORG-00586,medium,manufacturing,356,623,69,74.9,23.1,13,28.1,False,False,3,135,True,27.2,22.9,60,False,False,36.3,True,False,44.4,32.2,False,False,58,53,53,21,6,False,0,False,8.6,False,115,False,False,False,174.0,113.0,24,False,12,False,53.0,19.0,False,True,False,3,True,False,SYNTHETIC,84.5,Critical,78.4
ORG-00587,small,manufacturing,83,124,2,78.0,24.2,5,7.7,False,False,1,200,False,8.1,20.0,63,False,False,10.0,True,False,9.0,12.8,False,False,101,68,81,42,12,False,16,True,0.0,False,91,False,False,False,194.0,111.0,72,False,6,False,79.0,23.0,False,False,False,4,False,False,SYNTHETIC,100.0,Critical,90.4
ORG-00588,small,finance,31,32,1,60.9,19.2,1,72.6,True,True,3,77,True,100.0,71.1,34,True,True,77.4,True,True,64.9,75.1,True,True,30,28,29,17,12,True,0,True,60.5,True,262,True,False,False,43.0,68.0,24,False,12,True,20.0,11.0,True,True,True,0,False,False,SYNTHETIC,36.1,Moderate,35.5
ORG-00589,medium,technology,732,1294,136,59.3,9.6,28,30.6,False,False,1,163,False,17.7,20.0,43,False,False,30.0,True,False,4.1,52.1,True,False,72,55,73,27,12,False,0,False,37.3,False,113,False,False,True,166.0,89.0,12,False,12,True,48.0,15.0,False,False,False,5,True,False,SYNTHETIC,78.0,Critical,79.8
ORG-00590,small,technology,84,84,2,61.7,31.5,5,13.2,False,False,2,119,False,44.8,43.3,49,True,True,25.2,True,True,35.3,42.0,True,False,73,48,61,29,6,False,16,True,23.2,False,136,True,True,False,138.0,98.0,12,False,12,False,48.0,11.0,False,False,False,5,False,True,SYNTHETIC,84.2,Critical,73.6
ORG-00591,medium,government,583,986,56,54.6,0.8,14,53.1,False,False,3,168,True,14.3,24.8,41,False,True,60.8,True,True,36.0,50.6,False,True,60,48,75,23,12,True,8,True,35.9,True,161,False,False,True,129.0,88.0,24,False,3,False,39.0,8.0,False,True,False,1,False,True,SYNTHETIC,58.2,High,60.1
ORG-00592,medium,education,725,891,48,54.1,48.1,12,69.7,True,True,4,46,True,47.8,76.0,17,True,True,76.3,True,True,51.9,72.1,True,True,40,25,39,4,24,True,8,True,84.3,True,291,True,True,True,52.0,26.0,24,False,3,True,33.0,1.0,False,False,False,1,True,False,SYNTHETIC,29.3,Moderate,32.6
ORG-00593,small,retail,22,27,1,77.0,58.3,4,51.8,False,False,3,87,True,5.3,34.4,41,False,False,58.7,True,False,60.2,73.0,True,True,82,21,68,18,12,False,16,True,49.4,False,165,False,False,False,103.0,61.0,24,True,1,True,30.0,17.0,False,True,True,2,False,False,SYNTHETIC,53.9,High,55.0
ORG-00594,medium,technology,789,1042,58,69.3,32.6,13,37.7,False,False,3,146,False,10.5,37.4,36,False,True,38.5,True,False,65.4,36.8,False,True,61,38,43,30,12,False,24,True,19.3,False,125,False,False,True,168.0,78.0,12,False,3,False,54.0,16.0,False,True,False,1,True,False,SYNTHETIC,73.3,High,71.9
ORG-00595,large,education,12614,21677,1900,72.6,58.4,380,47.1,False,False,3,132,False,26.2,25.5,55,False,True,35.5,True,False,17.2,47.6,True,False,65,50,58,28,12,True,16,True,52.9,True,136,True,False,False,110.0,87.0,6,True,3,False,57.0,25.0,True,False,False,2,True,False,SYNTHETIC,58.2,High,58.2
ORG-00596,large,technology,33488,75217,8041,79.1,21.2,1609,64.5,True,True,3,109,True,39.8,61.5,30,True,True,70.2,True,True,68.6,50.1,True,True,56,29,26,18,12,True,0,True,55.4,True,236,False,False,True,128.0,83.0,72,True,12,False,29.0,5.0,True,True,True,0,False,False,SYNTHETIC,34.8,Moderate,35.2
ORG-00597,medium,healthcare,210,320,18,90.2,18.5,7,77.6,True,True,4,74,True,75.4,66.9,20,True,True,77.3,True,True,59.9,90.3,True,True,16,13,27,13,0,True,8,True,86.1,False,331,False,False,True,45.0,51.0,1,True,6,True,34.0,4.0,True,False,True,0,False,False,SYNTHETIC,23.9,Low,23.7
ORG-00598,medium,government,1783,2850,320,49.2,1.5,66,9.3,False,False,2,173,True,0.0,27.0,77,False,False,18.4,True,False,0.0,37.6,False,False,85,61,67,31,12,False,16,True,8.0,False,83,False,False,False,177.0,90.0,72,False,3,False,67.0,24.0,False,False,False,1,False,False,SYNTHETIC,94.7,Critical,84.7
ORG-00599,large,government,11058,26667,4319,45.6,25.6,865,67.9,True,True,4,70,True,100.0,79.7,17,True,True,87.9,True,False,66.5,88.2,True,False,35,3,26,2,6,True,24,True,81.2,False,242,True,True,True,53.0,3.0,168,True,0,True,17.0,11.0,True,True,True,0,False,False,SYNTHETIC,16.0,Low,15.9
ORG-00600,large,energy,13208,32479,3526,87.5,5.0,706,64.3,True,True,5,64,True,75.9,74.0,18,True,True,77.6,True,True,53.6,90.9,True,False,22,24,2,4,12,True,24,True,64.9,True,359,True,True,True,31.0,17.0,12,True,6,True,18.0,7.0,True,True,True,2,True,False,SYNTHETIC,14.5,Low,12.8
ORG-00601,medium,government,1511,1826,107,36.0,31.2,23,51.1,False,False,3,147,True,22.0,62.8,27,True,True,51.5,True,False,35.3,74.8,True,True,65,45,64,18,0,False,8,True,45.7,False,192,True,False,False,100.0,79.0,1,True,0,True,56.0,26.0,True,True,True,1,False,False,SYNTHETIC,49.1,Moderate,48.5
ORG-00602,small,government,59,80,2,62.4,11.4,2,82.4,True,True,4,84,True,53.3,62.8,36,True,True,73.6,True,True,50.0,67.4,True,True,39,20,6,8,12,False,0,False,62.2,False,310,False,False,False,75.0,20.0,6,True,1,True,30.0,10.0,False,True,False,0,False,False,SYNTHETIC,32.1,Moderate,30.9
ORG-00603,medium,finance,1399,2490,128,19.9,32.1,28,67.5,True,True,4,103,False,67.4,71.8,28,False,True,75.2,True,True,50.5,71.7,True,True,32,17,33,12,24,True,8,True,62.3,True,237,False,False,False,84.0,12.0,24,False,6,False,33.0,4.0,True,True,False,0,False,True,SYNTHETIC,42.5,Moderate,41.8
ORG-00604,small,technology,21,27,1,98.3,41.0,1,13.0,False,False,2,189,False,34.7,20.0,61,False,False,14.4,False,False,19.9,23.9,False,False,100,59,69,36,12,False,0,False,8.1,False,116,False,False,False,211.0,101.0,12,False,12,False,73.0,15.0,False,True,False,3,True,False,SYNTHETIC,100.0,Critical,89.8
ORG-00605,medium,technology,256,323,24,60.6,11.7,8,48.5,True,True,4,107,False,56.9,50.0,40,False,True,55.6,True,True,42.8,52.9,True,True,49,36,39,24,24,True,16,True,57.4,True,211,True,True,False,72.0,68.0,12,True,6,True,45.0,12.0,True,False,True,3,False,False,SYNTHETIC,36.8,Moderate,37.8
ORG-00606,small,finance,10,12,1,57.7,73.8,6,38.0,False,False,3,116,False,63.7,47.0,28,False,True,51.2,True,True,50.0,73.6,True,True,46,38,40,18,12,False,0,False,64.6,False,220,True,False,False,121.0,23.0,6,True,3,True,33.0,15.0,True,True,False,1,False,False,SYNTHETIC,46.2,Moderate,47.2
ORG-00607,small,finance,22,25,1,61.4,26.1,1,45.8,False,False,2,105,True,52.7,40.3,36,False,True,52.1,True,False,39.7,54.5,False,True,44,33,36,19,0,False,0,False,47.7,False,241,False,False,False,77.0,45.0,6,True,0,True,39.0,20.0,True,True,False,2,False,False,SYNTHETIC,54.8,High,52.8
ORG-00608,small,energy,12,15,1,64.5,54.4,1,54.6,False,False,3,136,True,74.6,38.4,45,True,True,58.6,True,False,40.8,43.1,False,True,64,45,46,19,12,False,0,False,27.4,False,195,True,True,True,173.0,78.0,24,True,6,False,35.0,13.0,False,False,False,1,True,False,SYNTHETIC,60.6,High,59.2
ORG-00609,medium,education,667,915,94,63.1,45.1,19,24.1,False,False,2,115,False,33.4,37.7,34,True,True,62.9,True,True,26.3,47.5,True,True,70,44,49,20,12,False,8,True,42.7,False,196,True,True,True,126.0,80.0,6,True,0,True,56.0,14.0,True,False,True,1,False,False,SYNTHETIC,50.9,High,51.0
ORG-00610,small,government,32,45,1,79.0,54.3,4,49.5,False,False,2,129,True,35.6,22.8,48,True,True,57.5,False,True,49.1,35.7,False,False,49,41,47,23,0,True,0,True,9.3,True,159,True,False,False,122.0,85.0,6,True,6,False,47.0,15.0,False,True,False,1,True,False,SYNTHETIC,57.4,High,56.2
ORG-00611,medium,finance,543,787,48,76.5,21.0,11,40.9,False,False,2,128,False,27.4,49.9,46,False,False,57.6,False,True,28.3,51.9,True,False,34,34,49,11,0,False,0,False,57.5,False,146,False,False,True,59.0,40.0,168,False,12,True,42.0,11.0,True,True,False,1,False,True,SYNTHETIC,57.1,High,57.8
ORG-00612,small,government,38,54,4,59.1,75.8,1,44.9,False,False,2,154,True,12.1,27.9,54,False,True,37.3,False,True,24.5,10.6,False,True,61,60,76,30,0,False,8,True,49.2,False,82,False,False,False,186.0,78.0,1,False,6,False,43.0,20.0,False,False,True,2,False,False,SYNTHETIC,70.8,High,72.1
ORG-00613,small,technology,10,10,1,100.0,57.0,1,15.4,False,False,2,137,False,11.6,20.0,62,True,True,39.8,True,False,9.7,45.5,False,False,78,44,78,30,6,True,0,True,20.0,True,106,False,False,False,134.0,77.0,6,True,12,True,66.0,17.0,False,False,True,4,False,False,SYNTHETIC,77.6,Critical,72.3
ORG-00614,small,retail,35,42,3,18.1,0.1,1,43.4,True,True,4,119,False,52.7,61.6,32,False,True,73.5,True,True,29.6,50.9,True,False,43,26,43,23,0,False,0,False,55.0,False,304,True,True,True,97.0,53.0,12,False,12,True,30.0,15.0,True,True,False,0,False,False,SYNTHETIC,47.8,Moderate,45.8
ORG-00615,small,manufacturing,58,60,4,56.6,53.4,4,10.0,False,False,2,171,True,11.3,20.0,69,True,False,31.5,True,True,47.1,21.1,False,False,84,53,38,31,12,True,16,True,31.3,True,70,False,False,False,126.0,81.0,24,False,6,False,55.0,24.0,False,False,False,2,True,True,SYNTHETIC,77.1,Critical,73.1
ORG-00616,large,manufacturing,27313,63823,7791,55.4,20.1,1559,18.5,False,False,3,170,False,11.0,51.9,55,False,False,41.5,True,True,46.2,43.5,False,False,68,39,62,25,12,True,16,True,31.1,True,191,False,False,False,105.0,61.0,12,False,0,False,49.0,0.5,False,True,False,4,False,False,SYNTHETIC,74.3,High,68.4
ORG-00617,large,government,15594,34887,3373,69.6,50.0,675,74.7,True,True,3,99,True,66.3,78.0,15,True,True,84.9,True,False,58.3,66.2,True,False,42,9,34,13,12,True,16,True,99.2,True,299,True,False,False,55.0,23.0,12,True,12,True,7.0,12.0,True,True,True,2,False,False,SYNTHETIC,25.8,Moderate,26.6
ORG-00618,small,manufacturing,55,74,5,47.3,55.0,4,13.4,False,False,1,207,True,0.0,22.7,59,False,True,17.4,True,False,64.2,42.5,False,False,76,48,66,27,12,True,0,True,6.2,True,84,False,False,False,176.0,119.0,6,False,6,False,60.0,24.0,False,False,False,4,False,False,SYNTHETIC,92.6,Critical,81.5
ORG-00619,large,technology,16492,40163,3402,37.8,45.4,685,36.7,False,False,3,94,False,17.3,32.1,33,False,False,55.7,True,True,21.5,68.5,False,True,64,46,32,21,12,False,24,True,38.2,False,208,False,False,True,128.0,49.0,24,False,3,False,49.0,15.0,False,False,False,3,False,False,SYNTHETIC,67.2,High,65.7
ORG-00620,large,government,14282,25044,2599,79.6,43.3,520,94.5,True,True,4,49,True,91.3,84.2,31,True,True,84.2,True,True,97.5,96.8,True,True,36,24,15,1,6,True,24,True,61.3,False,312,True,True,True,14.0,12.0,12,True,6,True,24.0,4.0,True,True,False,2,False,False,SYNTHETIC,14.0,Low,11.8
ORG-00621,medium,healthcare,642,862,76,49.1,5.7,18,84.9,True,True,5,94,True,56.9,65.9,12,True,True,94.5,True,True,55.2,71.5,True,False,10,16,33,10,6,True,8,True,76.7,True,350,True,False,True,24.0,26.0,72,True,6,True,19.0,3.0,True,True,True,0,False,False,SYNTHETIC,16.2,Low,16.8
ORG-00622,medium,retail,257,319,34,68.8,12.7,7,40.9,False,False,2,121,False,41.3,48.3,46,True,True,44.1,True,False,32.0,58.4,True,False,61,47,44,14,12,False,0,False,29.2,False,201,True,True,False,101.0,43.0,24,True,12,True,41.0,11.0,True,True,False,0,False,False,SYNTHETIC,54.6,High,55.1
ORG-00623,medium,technology,402,513,47,56.5,48.5,12,29.6,False,True,3,126,True,40.0,46.9,32,True,False,47.0,True,True,52.8,61.1,False,True,27,39,46,22,24,True,8,True,36.5,True,238,False,False,True,123.0,54.0,6,False,3,False,49.0,13.0,False,False,True,2,False,False,SYNTHETIC,58.9,High,58.9
ORG-00624,medium,technology,518,880,73,40.2,3.7,17,61.1,False,False,2,110,True,46.5,55.4,40,True,True,45.6,True,False,54.7,64.0,True,False,32,44,43,20,12,False,24,True,33.4,False,219,False,False,False,123.0,50.0,72,True,6,True,41.0,15.0,False,False,True,0,False,False,SYNTHETIC,51.5,High,53.0
ORG-00625,medium,technology,225,365,27,95.0,53.3,9,52.0,True,True,3,129,True,23.4,37.1,29,True,True,60.9,True,True,48.3,68.7,True,False,54,30,50,15,12,True,8,True,50.2,True,307,True,True,True,92.0,35.0,6,False,3,False,45.0,14.0,True,False,True,0,False,False,SYNTHETIC,40.9,Moderate,40.4
ORG-00626,medium,education,1129,1382,105,66.3,77.0,23,12.8,False,False,3,113,False,14.1,40.0,51,False,False,44.4,True,True,19.4,46.3,False,True,69,48,55,26,12,False,8,True,33.6,False,163,True,False,True,111.0,85.0,12,False,6,True,42.0,18.0,False,False,True,0,False,False,SYNTHETIC,77.5,Critical,70.4
ORG-00627,small,retail,93,97,5,65.4,38.9,4,17.3,False,False,2,155,False,26.1,36.5,50,False,False,26.4,True,True,11.1,31.6,False,False,79,39,74,31,0,False,0,False,44.3,False,151,False,False,False,138.0,95.0,72,False,3,True,55.0,19.0,True,False,True,3,False,False,SYNTHETIC,79.6,Critical,74.4
ORG-00628,medium,finance,989,1690,131,33.2,70.9,28,34.6,False,False,3,107,True,31.2,33.9,39,False,False,60.2,True,False,45.6,57.7,False,True,50,45,57,25,12,False,8,True,39.4,False,194,True,False,False,102.0,57.0,24,True,6,True,35.0,18.0,False,True,False,0,False,False,SYNTHETIC,60.0,High,60.1
ORG-00629,medium,finance,565,1008,64,68.2,56.6,14,79.0,True,True,5,110,False,74.2,62.3,24,False,True,60.5,True,False,88.2,69.9,True,True,38,19,21,9,12,False,8,True,59.3,False,271,False,False,True,67.0,35.0,72,True,0,False,33.0,9.0,False,True,False,0,False,False,SYNTHETIC,37.7,Moderate,38.5
ORG-00630,small,energy,41,58,2,84.6,44.9,6,75.9,True,True,5,75,True,42.5,82.9,16,True,True,84.3,True,False,71.0,81.3,True,True,13,19,22,1,24,True,0,True,53.1,False,324,True,True,False,25.0,21.0,24,True,3,True,6.0,7.0,True,True,False,1,False,False,SYNTHETIC,23.7,Low,23.2
ORG-00631,small,energy,30,31,1,48.6,44.9,1,16.1,False,False,2,152,False,10.3,20.0,62,False,False,57.7,True,True,35.0,35.6,True,False,71,40,61,23,0,False,8,True,10.7,False,145,False,False,False,172.0,103.0,12,False,12,False,40.0,14.0,False,True,False,2,False,False,SYNTHETIC,86.9,Critical,76.3
ORG-00632,small,technology,66,89,5,76.3,57.7,7,14.2,False,False,3,181,True,36.1,22.7,47,True,False,31.0,True,False,3.3,24.2,True,False,85,63,43,36,12,False,0,False,25.8,False,102,True,False,False,132.0,66.0,6,False,12,True,72.0,15.0,True,False,False,3,True,False,SYNTHETIC,79.2,Critical,74.1
ORG-00633,medium,finance,266,471,42,62.5,46.9,11,92.6,True,True,4,71,True,83.4,77.2,16,True,True,67.2,True,True,86.8,84.1,True,True,15,21,17,8,6,True,0,True,76.3,True,307,True,True,True,34.0,19.0,1,True,6,True,17.0,3.0,True,True,False,0,False,False,SYNTHETIC,16.5,Low,16.3
ORG-00634,medium,energy,605,1043,113,84.7,7.3,23,59.8,True,True,4,93,False,52.2,64.0,18,True,True,55.7,True,False,64.1,42.6,True,True,43,22,42,4,12,True,8,True,59.5,True,228,False,False,False,91.0,40.0,12,False,6,True,28.0,10.0,True,True,False,3,True,False,SYNTHETIC,41.4,Moderate,43.9
ORG-00635,medium,finance,1490,2103,133,63.5,0.0,31,33.0,True,True,4,74,False,25.6,60.6,31,False,True,59.0,True,False,9.3,51.6,False,False,51,40,50,22,0,True,8,True,38.5,True,179,False,False,False,126.0,47.0,6,False,3,False,32.0,9.0,True,False,False,3,True,False,SYNTHETIC,60.1,High,58.9
ORG-00636,medium,healthcare,331,505,57,30.8,25.5,14,62.8,True,True,4,103,False,77.6,49.3,19,True,True,84.7,True,True,83.6,84.2,True,False,52,35,47,16,0,False,0,False,80.6,False,327,True,True,True,78.0,34.0,1,False,3,False,31.0,5.0,True,True,True,1,False,True,SYNTHETIC,41.9,Moderate,39.1
ORG-00637,large,government,7890,12682,1271,57.5,49.9,254,30.6,False,False,2,156,True,33.8,32.1,63,False,True,40.0,True,False,47.2,43.4,False,True,79,48,57,19,12,True,24,True,10.9,True,171,False,False,False,129.0,62.0,24,False,12,True,39.0,21.0,False,False,True,3,True,True,SYNTHETIC,75.2,Critical,68.5
ORG-00638,large,retail,3757,6472,1143,67.3,43.9,233,37.4,False,True,4,133,True,12.4,49.6,44,True,False,67.9,True,False,13.4,53.4,False,False,49,49,42,23,12,False,8,True,61.5,False,102,True,True,True,107.0,56.0,12,True,6,False,30.0,6.0,False,True,True,3,True,False,SYNTHETIC,51.2,High,50.7
ORG-00639,small,retail,17,17,1,65.6,62.0,5,72.4,True,True,3,84,True,52.6,76.1,15,True,True,66.3,True,True,49.5,71.6,True,True,34,16,32,17,6,True,16,True,51.0,True,283,True,True,False,78.0,21.0,24,True,6,True,21.0,9.0,True,True,True,0,False,False,SYNTHETIC,27.3,Moderate,24.4
ORG-00640,small,government,35,38,2,42.3,18.5,2,74.8,True,True,3,53,True,80.1,64.4,13,True,True,58.4,True,True,57.5,72.0,True,True,39,12,41,7,6,False,16,True,77.6,False,275,True,True,False,71.0,23.0,6,True,6,True,27.0,9.0,True,True,True,1,False,False,SYNTHETIC,24.0,Low,25.7
ORG-00641,medium,manufacturing,409,551,28,70.9,32.4,11,12.9,False,False,2,228,False,10.8,20.0,45,False,False,19.1,True,False,3.0,22.5,False,False,93,65,39,33,0,False,16,True,0.0,False,68,False,False,False,213.0,126.0,6,False,12,False,70.0,18.0,False,False,False,2,False,False,SYNTHETIC,92.3,Critical,88.1
ORG-00642,small,manufacturing,16,21,1,52.7,12.7,2,35.2,False,False,2,151,False,17.8,23.3,56,True,True,54.1,True,False,17.1,42.3,False,True,48,34,59,19,24,False,0,False,32.1,False,148,False,False,False,115.0,94.0,12,True,12,False,50.0,21.0,False,False,True,4,True,False,SYNTHETIC,71.6,High,73.5
ORG-00643,small,manufacturing,167,229,17,48.7,26.9,5,0.0,False,False,1,238,False,14.2,20.0,57,False,False,10.0,True,False,9.1,19.8,False,False,105,65,75,37,12,False,0,False,4.9,False,42,False,False,False,208.0,102.0,12,False,1,False,73.0,20.0,False,False,False,5,False,False,SYNTHETIC,100.0,Critical,92.7
ORG-00644,medium,education,843,1281,101,40.9,48.0,24,47.2,False,False,2,124,True,2.3,34.2,41,False,True,39.9,False,True,36.8,37.7,False,False,56,38,40,21,24,True,8,True,37.5,False,177,True,False,False,151.0,85.0,12,False,3,True,46.0,21.0,True,True,False,4,False,True,SYNTHETIC,56.6,High,56.2
ORG-00645,small,government,74,105,4,18.3,32.7,2,68.0,False,False,5,88,True,87.2,62.0,25,True,False,80.4,True,True,76.3,69.6,True,False,19,20,29,9,0,False,0,False,98.9,False,323,True,False,False,43.0,23.0,12,True,12,True,7.0,9.0,True,True,False,1,False,False,SYNTHETIC,35.3,Moderate,33.7
ORG-00646,small,energy,38,40,1,58.9,95.1,3,49.3,False,False,3,137,True,45.0,31.4,51,True,True,46.5,True,False,26.4,50.5,False,False,60,53,56,29,12,False,8,True,0.0,False,191,True,False,True,131.0,78.0,12,True,3,True,50.0,9.0,False,False,False,2,False,False,SYNTHETIC,64.2,High,62.2
ORG-00647,small,government,52,72,4,60.1,0.0,6,0.0,False,False,2,194,False,15.5,20.0,53,False,False,18.8,True,False,0.5,32.2,False,False,86,50,77,54,0,False,0,False,0.0,False,31,True,False,False,194.0,122.0,6,False,6,False,65.0,21.0,False,False,False,1,False,False,SYNTHETIC,100.0,Critical,89.4
ORG-00648,medium,technology,558,746,65,44.5,16.4,16,14.0,False,False,2,173,False,30.0,30.4,48,False,False,27.9,True,True,20.0,41.3,False,True,72,48,49,30,12,True,8,True,38.5,True,104,False,False,True,152.0,89.0,12,False,3,False,63.0,19.0,False,False,False,0,False,False,SYNTHETIC,79.4,Critical,73.7
ORG-00649,small,technology,104,109,2,65.6,32.6,2,46.9,False,False,3,76,True,54.1,78.3,30,False,True,72.5,True,True,56.6,69.8,True,True,18,13,32,16,24,True,8,True,52.7,False,264,True,False,False,83.0,42.0,72,True,3,True,24.0,11.0,False,True,False,2,False,False,SYNTHETIC,39.9,Moderate,39.1
ORG-00650,medium,healthcare,773,1071,56,60.4,30.6,12,78.7,True,True,4,57,True,67.3,67.0,11,True,True,82.2,True,True,69.9,89.9,True,False,31,16,48,10,24,True,16,True,55.9,True,275,True,True,True,50.0,12.0,24,True,6,True,24.0,5.0,True,False,True,0,False,False,SYNTHETIC,24.8,Low,23.8
ORG-00651,small,retail,6,8,1,74.8,7.7,6,65.6,False,False,3,98,True,59.9,43.4,34,True,True,55.0,True,False,73.4,52.3,False,True,67,38,43,11,12,False,0,False,55.4,False,197,False,False,False,116.0,70.0,6,True,12,True,29.0,16.0,True,False,False,3,False,False,SYNTHETIC,54.7,High,54.9
ORG-00652,small,government,23,30,2,72.5,15.9,1,39.0,False,False,3,126,False,50.0,52.2,33,True,True,53.9,False,True,31.9,56.5,True,False,46,40,16,28,6,False,0,False,63.9,False,185,True,False,False,90.0,84.0,24,False,3,False,47.0,12.0,True,False,False,1,True,True,SYNTHETIC,55.1,High,58.3
ORG-00653,small,healthcare,19,26,1,58.1,31.8,2,59.9,True,True,4,109,True,57.6,64.4,29,False,True,68.3,True,True,55.4,78.1,True,True,54,32,35,16,12,True,0,True,66.6,True,287,True,True,False,62.0,29.0,24,False,6,True,30.0,17.0,False,True,True,2,False,False,SYNTHETIC,35.0,Moderate,36.9
ORG-00654,medium,manufacturing,381,581,41,54.0,27.0,10,27.6,False,False,2,124,False,40.9,20.0,52,True,False,51.6,True,True,2.8,49.2,False,False,69,39,51,33,12,True,8,True,22.6,True,200,True,True,False,131.0,101.0,24,True,1,False,50.0,16.0,False,False,False,1,False,False,SYNTHETIC,62.2,High,63.8
ORG-00655,small,energy,212,290,15,34.3,3.7,5,38.7,False,False,3,94,False,18.8,28.2,42,False,False,42.0,True,False,25.7,55.3,True,True,81,59,62,27,6,False,16,True,48.0,False,150,True,False,False,137.0,102.0,12,False,6,False,67.0,18.0,False,True,False,3,True,False,SYNTHETIC,73.0,High,72.4
ORG-00656,large,technology,11757,27833,2425,76.3,16.9,487,20.8,False,False,2,155,True,10.9,38.6,52,False,False,29.7,False,False,37.0,24.8,False,False,67,53,53,27,6,True,16,True,20.0,True,125,False,False,False,137.0,72.0,72,True,6,True,46.0,19.0,True,False,True,4,True,False,SYNTHETIC,62.5,High,61.6
ORG-00657,small,energy,46,67,3,68.1,64.0,3,32.9,False,False,2,148,False,31.9,20.0,43,False,True,44.8,True,False,45.4,13.6,True,False,77,57,60,32,0,False,0,False,38.8,False,174,False,False,False,153.0,63.0,12,False,3,False,59.0,15.0,False,False,False,0,False,False,SYNTHETIC,80.9,Critical,78.5
ORG-00658,medium,healthcare,2119,2915,259,30.8,29.0,51,68.7,True,True,4,99,False,40.9,85.9,29,True,True,56.6,True,True,68.3,84.9,True,False,40,15,15,11,12,True,0,True,65.9,True,323,True,True,False,66.0,33.0,24,True,6,True,36.0,3.0,True,False,True,0,False,False,SYNTHETIC,26.8,Moderate,28.2
ORG-00659,large,government,9296,19598,2058,95.0,27.9,413,71.6,False,False,3,82,True,53.3,76.7,14,True,True,71.1,True,True,45.9,85.8,True,False,33,27,20,6,12,True,24,True,55.7,True,265,False,False,True,89.0,53.0,6,False,12,True,22.0,6.0,True,True,True,1,False,False,SYNTHETIC,37.0,Moderate,36.5
ORG-00660,medium,energy,1058,1780,137,64.6,55.0,31,91.5,True,True,3,75,True,75.3,73.4,24,True,True,86.8,True,True,71.4,77.2,True,True,27,31,30,15,24,True,8,True,82.3,True,317,True,True,True,1.0,23.0,12,True,3,True,17.0,4.0,True,True,False,0,False,False,SYNTHETIC,20.2,Low,19.4
ORG-00661,small,energy,21,29,1,52.7,14.9,1,25.8,False,False,2,152,False,62.9,37.3,43,False,True,34.6,True,True,32.3,55.1,False,False,73,38,69,28,12,True,0,True,31.6,True,126,True,True,False,159.0,94.0,72,False,6,True,56.0,14.0,True,False,True,4,True,False,SYNTHETIC,67.9,High,66.1
ORG-00662,medium,technology,919,1201,78,35.9,0.0,17,42.0,False,False,3,120,False,44.2,58.6,46,True,False,52.8,True,False,61.1,49.7,True,True,63,36,41,21,6,True,0,True,43.2,True,225,True,False,False,118.0,55.0,12,True,6,True,49.0,16.0,True,True,False,3,False,False,SYNTHETIC,51.2,High,51.5
ORG-00663,small,technology,8,11,1,57.5,76.9,1,20.7,False,False,1,193,False,33.5,20.0,54,False,True,20.9,True,False,38.1,37.7,False,False,93,60,62,28,6,False,0,False,15.0,False,66,False,False,False,169.0,86.0,24,False,3,True,65.0,23.0,True,False,False,2,True,False,SYNTHETIC,87.4,Critical,81.5
ORG-00664,medium,healthcare,1291,1848,147,50.4,59.3,34,85.2,True,True,4,61,True,62.5,80.3,18,True,True,100.0,True,True,85.4,78.2,True,True,23,12,15,1,24,True,0,True,93.5,True,363,True,True,True,20.0,4.0,6,True,12,True,18.0,1.0,True,True,True,0,False,False,SYNTHETIC,13.6,Low,15.1
ORG-00665,small,healthcare,11,14,1,69.5,0.0,2,23.3,False,False,2,156,False,31.8,27.4,66,False,False,42.7,True,False,32.2,42.1,True,False,51,43,71,31,0,False,0,False,16.7,False,151,False,False,False,144.0,86.0,6,True,3,False,47.0,18.0,True,False,False,3,False,False,SYNTHETIC,70.4,High,71.4
ORG-00666,small,technology,34,36,1,47.0,36.7,4,54.7,False,False,3,68,True,68.7,74.2,39,False,True,69.7,True,False,62.0,67.7,True,True,50,20,11,8,12,False,8,True,75.4,False,320,True,False,False,50.0,49.0,12,False,3,False,15.0,6.0,True,True,True,2,False,False,SYNTHETIC,42.1,Moderate,44.9
ORG-00667,medium,manufacturing,686,1123,89,38.2,62.1,19,60.5,True,True,2,134,False,42.1,49.4,36,True,False,44.6,True,True,62.6,44.1,False,False,44,29,35,17,0,True,0,True,36.2,True,208,False,False,True,89.0,64.0,72,True,12,False,48.0,10.0,False,True,False,5,True,False,SYNTHETIC,46.7,Moderate,49.0
ORG-00668,medium,manufacturing,408,672,57,54.3,41.4,13,60.2,False,False,3,97,False,81.4,51.1,24,False,True,52.8,True,False,58.6,75.1,False,True,39,32,43,2,12,True,0,True,37.7,True,224,False,False,False,86.0,53.0,12,True,0,True,36.0,13.0,True,False,True,2,False,False,SYNTHETIC,49.5,Moderate,48.9
ORG-00669,small,manufacturing,31,34,1,52.2,59.4,3,17.8,False,False,1,148,True,25.7,20.0,64,True,False,57.9,True,False,19.5,59.0,False,True,69,56,86,28,0,False,0,False,22.9,False,132,True,False,False,170.0,81.0,12,True,3,False,34.0,21.0,False,False,True,2,False,False,SYNTHETIC,75.0,Critical,70.7
ORG-00670,small,education,35,36,2,76.5,89.9,4,53.0,False,False,3,137,True,53.4,20.0,45,True,False,58.2,False,True,64.4,65.9,False,True,48,34,38,22,6,True,0,True,40.7,True,169,True,False,False,106.0,42.0,72,False,6,True,49.0,13.0,True,False,False,2,True,False,SYNTHETIC,55.8,High,56.2
ORG-00671,small,retail,18,26,1,67.4,37.3,3,47.2,True,True,3,84,False,55.4,62.3,31,True,False,52.5,True,True,44.9,85.5,True,True,58,37,25,18,0,False,0,False,59.9,False,288,True,True,False,93.0,53.0,6,False,6,True,24.0,10.0,False,False,False,0,False,False,SYNTHETIC,49.3,Moderate,50.8
ORG-00672,medium,government,788,1009,107,46.6,6.8,24,20.8,False,False,2,155,True,25.0,38.9,47,False,True,56.8,True,False,35.6,46.4,True,True,70,47,55,28,24,False,8,True,23.1,False,143,False,False,True,160.0,82.0,6,True,12,False,40.0,17.0,False,False,False,1,True,False,SYNTHETIC,69.3,High,69.1
ORG-00673,small,healthcare,260,374,18,36.8,58.6,4,33.4,False,False,2,152,False,39.9,23.6,58,False,True,42.0,True,False,22.9,49.9,False,False,85,49,70,25,12,True,16,True,54.2,True,133,True,True,False,153.0,108.0,24,False,3,False,49.0,21.0,False,True,False,3,False,False,SYNTHETIC,67.6,High,68.6
ORG-00674,medium,energy,307,516,43,26.8,22.7,10,53.1,False,False,3,102,True,41.2,41.6,38,False,True,64.2,True,True,87.7,67.5,True,False,48,32,29,18,0,False,16,True,49.2,False,205,True,False,True,57.0,25.0,12,False,3,True,29.0,3.0,True,True,False,3,False,False,SYNTHETIC,42.2,Moderate,42.8
ORG-00675,small,retail,10,10,1,65.7,0.0,1,74.2,True,True,4,121,False,100.0,52.3,30,False,True,58.6,True,False,48.6,57.9,True,True,43,29,62,19,12,True,0,True,57.1,True,223,False,False,False,74.0,44.0,12,True,12,False,28.0,10.0,True,True,True,0,False,False,SYNTHETIC,45.3,Moderate,44.7
ORG-00676,medium,manufacturing,1092,1549,88,70.9,33.5,17,14.0,False,False,1,216,True,10.0,20.0,56,False,False,21.2,True,False,0.0,10.0,False,False,96,47,75,36,0,False,8,True,0.0,False,32,False,False,True,232.0,125.0,12,False,1,False,79.0,18.0,False,False,False,1,False,False,SYNTHETIC,95.2,Critical,84.7
ORG-00677,medium,retail,783,1123,99,81.1,41.7,22,60.6,True,True,3,100,True,30.6,51.9,26,True,True,50.4,True,True,50.6,52.9,False,True,47,29,36,10,12,False,24,True,28.7,False,259,True,True,False,55.0,53.0,12,False,6,False,33.0,4.0,False,False,True,1,True,False,SYNTHETIC,48.8,Moderate,47.9
ORG-00678,small,energy,28,40,1,25.7,38.1,4,27.0,False,False,1,172,False,0.0,20.0,60,False,True,23.4,True,False,24.3,29.7,False,True,94,56,73,33,6,False,8,True,34.4,False,81,False,False,False,176.0,108.0,1,False,6,False,65.0,22.0,False,False,False,2,True,False,SYNTHETIC,86.0,Critical,85.0
ORG-00679,medium,retail,203,265,27,21.5,22.7,11,70.0,True,True,4,82,True,43.9,72.9,19,True,True,72.1,True,True,69.8,84.1,True,True,45,30,28,11,12,True,8,True,54.0,True,311,True,True,True,83.0,47.0,12,True,6,False,22.0,3.0,False,False,True,1,False,False,SYNTHETIC,29.6,Moderate,28.8
ORG-00680,medium,education,719,903,104,78.0,51.8,23,23.3,False,False,2,218,False,17.7,20.0,56,False,False,14.7,True,True,0.0,28.2,False,False,91,57,82,25,0,False,8,True,17.0,False,72,False,False,False,192.0,127.0,6,False,6,False,73.0,23.0,False,False,False,1,False,False,SYNTHETIC,93.0,Critical,83.6
ORG-00681,medium,government,262,431,39,45.9,40.7,12,72.5,True,True,3,88,False,60.0,77.3,23,False,True,62.1,True,False,31.5,70.1,True,False,28,28,16,15,24,True,16,True,79.5,True,307,True,True,False,81.0,31.0,6,True,6,True,27.0,11.0,True,True,False,0,False,False,SYNTHETIC,35.6,Moderate,31.0
ORG-00682,large,government,10977,18237,1608,73.5,49.9,325,51.5,True,True,4,144,True,59.3,48.5,25,True,False,81.8,True,True,54.7,90.5,True,False,39,25,53,12,12,True,24,True,56.8,True,292,False,False,False,67.0,34.0,12,True,0,True,29.0,15.0,True,True,True,0,False,False,SYNTHETIC,31.4,Moderate,30.5
ORG-00683,small,government,34,41,2,81.4,38.7,3,25.4,False,False,2,171,False,13.9,23.9,58,False,False,31.1,True,False,37.4,34.4,False,False,88,67,69,29,6,False,0,False,9.4,False,103,False,False,True,170.0,110.0,12,False,6,False,49.0,26.0,False,True,False,0,False,False,SYNTHETIC,87.8,Critical,82.5
ORG-00684,large,education,8982,20338,3258,92.2,12.5,653,56.1,True,True,4,76,False,47.7,51.2,32,True,True,46.3,True,True,46.7,44.8,True,True,53,28,53,17,12,True,8,True,47.5,False,258,True,True,True,114.0,63.0,12,True,0,True,45.0,16.0,True,True,False,2,False,False,SYNTHETIC,32.3,Moderate,34.4
ORG-00685,small,government,57,59,1,80.8,6.0,3,3.0,False,False,1,167,False,4.8,20.0,64,False,False,10.0,True,False,16.6,23.8,False,False,93,59,63,40,12,False,0,False,0.0,False,61,False,False,False,151.0,118.0,24,False,0,False,68.0,22.0,False,False,False,3,True,False,SYNTHETIC,100.0,Critical,92.2
ORG-00686,small,technology,59,77,4,69.8,18.5,4,10.8,False,False,2,157,False,7.5,28.1,54,True,True,24.0,True,False,46.1,36.6,False,True,69,67,65,29,12,False,8,True,17.6,False,111,True,False,True,93.0,79.0,6,False,12,True,49.0,13.0,False,False,True,2,False,False,SYNTHETIC,90.0,Critical,77.2
ORG-00687,medium,finance,2186,3797,346,64.5,51.6,72,51.6,True,True,3,117,True,58.2,62.0,25,True,True,66.0,True,True,62.9,64.8,True,True,62,48,40,24,12,False,0,False,73.3,False,291,False,False,True,74.0,57.0,6,True,6,True,33.0,10.0,True,False,False,2,False,False,SYNTHETIC,39.4,Moderate,40.6
ORG-00688,small,finance,13,13,1,89.0,8.2,6,63.9,True,True,4,126,False,53.5,54.2,26,False,True,61.2,True,True,54.8,70.1,True,True,28,29,46,5,12,False,24,True,53.7,False,255,True,False,False,52.0,45.0,24,True,12,False,13.0,19.0,True,False,True,1,True,False,SYNTHETIC,38.1,Moderate,37.0
ORG-00689,large,manufacturing,10098,24763,4436,91.3,42.3,891,55.0,False,False,4,73,True,51.0,75.6,19,True,True,68.2,True,True,69.4,73.0,True,True,26,30,24,14,12,True,24,True,58.9,False,288,True,True,False,41.0,32.0,1,True,6,True,28.0,7.0,True,False,True,2,True,False,SYNTHETIC,29.1,Moderate,30.5
ORG-00690,small,manufacturing,41,60,2,39.7,47.6,3,44.9,False,False,3,121,True,50.5,39.2,36,True,True,75.3,True,False,70.7,70.9,False,True,53,36,31,21,0,False,0,False,27.9,False,177,True,False,True,88.0,55.0,12,True,3,False,43.0,15.0,True,False,True,0,False,False,SYNTHETIC,51.7,High,52.3
ORG-00691,small,manufacturing,83,122,6,76.9,53.7,3,10.5,False,False,1,224,False,4.5,20.0,60,False,False,19.5,True,False,26.1,19.1,True,False,89,66,74,31,12,False,8,True,5.8,False,30,False,False,False,184.0,140.0,12,False,6,False,65.0,19.0,False,False,False,1,True,False,SYNTHETIC,98.3,Critical,88.5
ORG-00692,small,healthcare,15,16,1,51.3,40.9,4,40.1,True,True,3,87,False,35.7,44.0,38,False,False,52.5,True,False,82.5,68.8,True,True,50,44,47,18,6,False,8,True,56.5,False,178,False,False,True,115.0,36.0,24,False,12,True,39.0,12.0,False,True,True,1,False,True,SYNTHETIC,56.1,High,56.8
ORG-00693,medium,manufacturing,1079,1911,134,70.1,38.3,30,5.3,False,False,3,142,True,28.4,24.9,29,False,False,59.7,True,True,67.9,58.4,True,False,76,39,56,18,0,True,24,True,45.5,True,82,False,False,False,101.0,84.0,12,True,12,False,47.0,10.0,True,False,False,1,True,False,SYNTHETIC,58.7,High,56.4
ORG-00694,medium,education,1406,1844,211,46.3,54.7,47,35.3,False,False,3,158,True,44.0,33.4,51,True,True,31.9,True,False,22.4,25.5,True,True,74,43,65,24,12,False,24,True,12.3,False,97,False,False,False,139.0,81.0,72,True,6,False,62.0,18.0,False,False,True,2,False,False,SYNTHETIC,66.4,High,66.1
ORG-00695,medium,energy,473,610,48,61.6,70.4,14,31.3,False,False,3,163,True,24.9,20.0,41,False,True,34.5,True,True,19.9,52.1,False,False,61,54,63,17,12,False,16,True,31.2,False,124,True,True,True,153.0,102.0,12,False,6,False,50.0,14.0,False,False,True,1,False,False,SYNTHETIC,65.5,High,64.5
ORG-00696,small,energy,40,50,1,57.7,35.3,1,37.5,False,False,3,135,False,45.6,47.2,49,False,False,43.1,True,True,28.5,50.5,True,False,57,40,60,23,0,False,0,False,41.4,False,216,False,False,False,112.0,75.0,72,False,0,False,59.0,9.0,True,True,True,0,False,True,SYNTHETIC,65.1,High,65.2
ORG-00697,small,energy,30,38,1,79.0,36.7,2,82.2,True,True,4,41,True,46.6,76.6,18,True,False,61.7,True,True,79.5,100.0,False,True,28,19,7,11,0,True,8,True,79.5,True,289,True,True,False,58.0,29.0,6,True,3,True,20.0,12.0,True,True,True,1,False,False,SYNTHETIC,18.7,Low,20.3
ORG-00698,small,manufacturing,22,27,1,36.5,34.2,1,1.5,False,False,2,168,False,26.6,20.0,56,False,False,42.8,True,False,29.1,40.6,False,False,68,60,44,26,6,False,0,False,21.0,False,137,False,False,True,120.0,104.0,12,False,6,False,66.0,21.0,False,False,True,1,False,False,SYNTHETIC,85.9,Critical,81.2
ORG-00699,medium,healthcare,502,742,54,39.1,36.2,12,39.3,False,False,2,149,False,46.5,32.7,47,False,False,68.3,True,True,0.0,41.4,False,True,60,46,50,29,12,False,8,True,37.7,False,121,False,False,True,134.0,93.0,12,False,6,False,62.0,13.0,True,True,False,0,False,False,SYNTHETIC,69.4,High,69.8
ORG-00700,small,healthcare,16,18,1,86.0,13.0,4,31.5,False,False,2,124,False,56.2,24.8,44,False,False,54.4,True,True,14.4,35.0,False,False,47,45,43,13,12,True,16,True,32.0,True,156,False,False,False,87.0,78.0,12,True,12,False,40.0,16.0,True,True,False,2,False,False,SYNTHETIC,56.0,High,57.2
ORG-00701,medium,energy,1245,2235,198,58.0,19.1,40,78.6,True,True,4,84,True,94.8,70.5,18,False,True,87.5,True,True,71.8,72.5,True,True,11,31,35,11,24,True,0,True,63.8,True,291,True,True,True,24.0,41.0,6,True,6,True,11.0,4.0,True,False,True,1,True,False,SYNTHETIC,24.8,Low,23.4
ORG-00702,medium,government,502,798,69,52.7,21.9,16,35.8,False,False,2,125,False,2.4,20.0,48,True,False,23.4,True,False,18.6,27.7,True,True,74,61,60,22,24,True,0,True,37.9,True,121,False,False,True,159.0,91.0,1,True,6,False,47.0,20.0,False,True,False,1,True,False,SYNTHETIC,68.3,High,67.6
ORG-00703,small,energy,22,31,1,66.3,24.7,6,59.5,False,False,3,180,True,37.2,20.0,45,False,True,53.0,True,False,42.3,48.9,False,False,67,40,63,33,24,True,0,True,21.8,True,131,False,False,False,150.0,62.0,12,False,12,False,51.0,12.0,False,False,False,2,False,False,SYNTHETIC,84.2,Critical,75.2
ORG-00704,small,technology,13,18,1,32.0,70.7,5,64.1,False,False,2,194,False,28.8,20.0,48,True,True,24.9,True,False,32.7,50.1,False,False,70,50,52,21,12,False,8,True,15.6,False,96,True,False,False,181.0,94.0,6,False,3,False,48.0,17.0,True,True,False,4,False,False,SYNTHETIC,77.8,Critical,70.4
ORG-00705,small,government,15,18,1,52.4,66.2,3,50.6,False,False,1,188,False,1.7,20.0,45,True,False,43.5,True,False,14.9,37.7,False,True,75,63,79,35,24,False,16,True,15.3,False,71,False,False,False,162.0,98.0,168,False,3,False,59.0,17.0,True,False,False,6,True,True,SYNTHETIC,90.9,Critical,82.3
ORG-00706,medium,healthcare,381,534,62,76.7,54.3,14,72.2,True,True,4,43,True,74.2,70.2,19,True,True,95.7,True,True,95.8,85.3,True,True,22,20,30,1,12,True,0,True,74.6,True,301,True,True,False,6.0,30.0,6,True,3,True,12.0,3.0,True,True,True,0,False,False,SYNTHETIC,17.7,Low,17.7
ORG-00707,medium,finance,647,856,69,35.7,57.6,14,100.0,True,True,4,53,True,95.5,77.2,19,True,True,85.7,True,True,77.4,89.4,True,True,2,24,2,10,12,True,8,True,80.1,True,337,True,True,True,24.0,31.0,12,True,1,True,37.0,3.0,True,True,True,0,False,False,SYNTHETIC,10.5,Low,11.5
ORG-00708,medium,manufacturing,480,729,42,68.0,18.4,12,50.9,True,True,3,126,False,34.6,53.2,54,True,False,38.8,True,False,32.7,49.3,False,False,70,27,39,22,12,False,8,True,47.2,False,203,False,False,True,63.0,61.0,12,True,12,True,41.0,15.0,False,True,False,0,False,False,SYNTHETIC,58.3,High,55.0
ORG-00709,medium,finance,574,909,55,78.9,43.6,13,100.0,False,False,4,115,True,74.3,73.1,17,True,True,69.5,True,False,90.0,77.8,True,True,34,23,19,11,24,False,0,False,74.4,False,285,True,False,True,46.0,26.0,72,True,6,True,39.0,13.0,True,True,True,0,False,False,SYNTHETIC,35.6,Moderate,34.0
ORG-00710,small,healthcare,23,25,1,57.9,26.8,2,40.2,True,True,3,125,False,55.5,31.7,31,True,True,45.0,True,True,52.8,58.4,True,True,41,46,59,21,12,True,0,True,45.7,True,241,True,True,True,120.0,45.0,24,False,12,True,29.0,6.0,True,True,False,1,False,False,SYNTHETIC,48.0,Moderate,47.3
ORG-00711,medium,retail,291,459,53,29.7,32.0,11,5.9,False,False,2,192,False,22.3,20.0,50,False,False,22.6,True,False,15.5,15.5,False,False,111,57,64,35,24,False,8,True,4.9,False,72,False,False,False,186.0,106.0,6,False,1,False,69.0,22.0,False,False,False,6,False,False,SYNTHETIC,100.0,Critical,91.0
ORG-00712,medium,energy,619,905,96,69.5,37.0,24,81.5,True,True,4,44,True,75.1,94.7,28,False,True,85.5,True,True,73.5,88.4,False,False,14,25,25,17,12,False,24,True,67.3,False,256,True,False,False,57.0,28.0,12,True,1,True,20.0,11.0,True,False,False,0,False,False,SYNTHETIC,26.5,Moderate,28.5
ORG-00713,small,manufacturing,11,15,1,54.9,28.8,1,25.0,False,False,2,132,False,44.1,31.2,50,True,False,55.6,True,False,26.8,46.1,True,False,80,39,77,32,0,False,0,False,23.8,False,99,False,False,True,147.0,72.0,6,False,3,False,37.0,18.0,False,False,False,0,False,False,SYNTHETIC,85.5,Critical,78.1
ORG-00714,medium,finance,338,578,52,41.8,49.1,11,9.5,False,False,3,167,False,0.0,28.0,53,True,False,41.3,True,False,30.1,42.5,False,False,82,56,64,18,24,False,8,True,13.8,False,123,False,False,True,151.0,69.0,12,False,12,False,64.0,18.0,True,False,False,2,True,True,SYNTHETIC,94.9,Critical,81.1
ORG-00715,medium,healthcare,1191,1963,199,47.0,51.4,39,73.2,False,False,3,115,True,56.5,47.1,27,False,True,65.5,True,True,48.8,85.0,True,True,55,34,39,17,0,True,16,True,71.5,True,254,False,False,True,61.0,51.0,24,True,3,True,31.0,10.0,True,False,True,1,True,False,SYNTHETIC,32.3,Moderate,34.3
ORG-00716,medium,government,633,866,80,37.5,52.1,19,84.4,True,True,5,54,True,77.6,72.8,11,True,True,85.6,True,True,84.2,100.0,True,False,23,14,13,7,24,True,24,True,55.5,True,364,True,True,True,16.0,21.0,24,True,3,True,11.0,9.0,True,True,True,0,False,False,SYNTHETIC,15.0,Low,13.0
ORG-00717,small,finance,25,30,1,45.7,11.4,3,39.4,False,False,2,148,False,0.0,23.1,47,False,False,39.5,True,False,18.6,34.3,False,False,59,57,44,27,6,True,8,True,33.0,False,153,False,False,True,150.0,87.0,1,False,12,False,49.0,15.0,True,False,True,5,False,False,SYNTHETIC,73.0,High,70.9
ORG-00718,small,retail,65,95,1,83.5,3.9,6,19.1,False,False,2,153,True,0.0,20.0,54,False,False,30.7,True,False,16.8,13.0,False,True,52,53,57,22,12,True,16,True,0.0,True,92,False,False,True,147.0,91.0,12,False,3,True,55.0,19.0,False,True,True,4,True,False,SYNTHETIC,79.2,Critical,68.6
ORG-00719,medium,government,663,811,64,15.1,48.1,14,22.0,False,False,2,159,False,23.3,50.3,53,False,True,25.6,True,False,50.7,58.1,False,False,65,42,51,23,0,True,8,True,36.1,False,235,False,False,False,129.0,51.0,6,True,0,False,53.0,17.0,True,False,False,1,False,False,SYNTHETIC,65.3,High,62.5
ORG-00720,large,manufacturing,6169,13028,1043,95.0,28.6,209,76.4,False,False,3,82,True,35.1,41.7,35,False,False,73.7,True,False,35.1,57.0,True,False,36,22,27,6,6,True,8,True,57.5,True,181,True,True,True,85.0,45.0,12,True,6,True,24.0,5.0,True,True,False,0,False,False,SYNTHETIC,36.4,Moderate,33.7
ORG-00721,small,energy,36,45,2,49.8,72.4,4,56.3,False,False,4,87,True,70.0,38.8,22,True,True,63.7,True,True,52.0,68.4,False,False,46,35,17,21,12,False,0,False,23.0,False,219,True,True,False,63.0,67.0,24,True,6,False,34.0,7.0,True,False,False,0,False,False,SYNTHETIC,50.2,High,49.0
ORG-00722,large,retail,12737,27745,5320,66.9,37.3,1068,60.7,True,True,4,51,True,43.5,61.1,20,False,True,78.1,True,True,66.9,83.1,False,False,27,33,7,14,0,True,16,True,45.6,False,255,True,True,True,70.0,28.0,72,True,0,True,21.0,8.0,False,True,False,6,False,False,SYNTHETIC,23.1,Low,24.3
ORG-00723,large,healthcare,7469,17697,3042,71.5,25.1,609,84.9,True,True,3,82,True,67.3,68.1,30,True,False,75.0,True,True,48.0,71.6,True,True,16,25,13,11,0,True,24,True,64.2,True,241,True,True,True,57.0,46.0,12,True,1,True,20.0,9.0,False,False,False,1,False,False,SYNTHETIC,24.3,Low,22.5
ORG-00724,small,retail,37,40,2,61.6,42.5,5,40.8,False,False,3,111,False,46.2,33.2,40,False,True,53.3,True,True,26.1,40.1,False,False,46,41,41,21,12,True,0,True,31.2,True,237,False,False,False,122.0,50.0,12,False,3,True,40.0,17.0,True,True,True,0,False,False,SYNTHETIC,56.9,High,57.6
ORG-00725,medium,finance,415,607,46,35.2,25.4,15,59.3,False,True,4,108,True,53.5,58.5,33,True,True,60.7,True,True,26.9,77.0,True,True,35,48,20,8,24,True,16,True,67.7,True,298,True,False,False,85.0,23.0,12,True,6,False,43.0,3.0,False,True,False,1,True,False,SYNTHETIC,32.1,Moderate,34.6
ORG-00726,small,finance,19,22,1,53.4,34.8,1,59.1,True,True,4,150,True,36.1,45.1,42,True,True,59.3,True,True,67.6,48.6,False,True,53,41,44,14,24,False,8,True,70.6,False,272,True,True,False,132.0,59.0,6,False,6,True,54.0,17.0,True,False,False,0,False,False,SYNTHETIC,45.7,Moderate,47.3
ORG-00727,medium,government,1534,2541,289,23.8,88.3,58,59.2,True,True,3,83,True,82.7,79.4,31,True,True,62.1,True,False,72.3,68.4,True,False,25,31,43,13,0,True,24,True,59.0,True,297,True,True,True,94.0,66.0,6,True,6,True,34.0,10.0,True,True,True,2,False,False,SYNTHETIC,28.3,Moderate,27.1
ORG-00728,medium,finance,203,332,23,34.9,4.8,8,24.6,False,False,3,122,False,20.8,37.4,48,True,False,40.6,True,False,27.7,32.8,True,True,51,36,52,27,12,False,24,True,51.9,False,199,True,False,True,106.0,96.0,6,False,6,False,50.0,8.0,False,False,False,2,False,True,SYNTHETIC,70.0,High,70.1
ORG-00729,small,education,22,22,1,86.9,11.7,3,37.0,False,False,1,193,False,17.0,20.0,59,False,False,32.5,True,False,12.8,39.7,False,False,74,57,86,32,12,False,0,False,9.5,False,141,False,False,True,184.0,70.0,6,False,0,True,69.0,20.0,False,False,True,1,True,False,SYNTHETIC,85.8,Critical,80.9
ORG-00730,medium,finance,200,305,21,57.7,62.2,5,43.8,False,False,3,155,True,26.8,37.2,28,True,True,37.6,True,True,53.4,74.9,True,False,38,41,41,18,12,True,8,True,58.3,True,258,False,False,True,101.0,55.0,6,True,3,True,38.0,17.0,True,False,False,2,False,False,SYNTHETIC,43.1,Moderate,42.4
ORG-00731,medium,finance,462,709,80,40.0,26.0,19,100.0,True,True,4,27,True,84.4,100.0,13,True,True,97.5,False,True,64.5,86.4,True,True,23,9,4,1,12,True,0,True,100.0,False,338,True,True,True,18.0,1.0,12,True,6,True,7.0,2.0,True,True,True,0,False,False,SYNTHETIC,5.6,Low,8.9
ORG-00732,medium,retail,1400,2084,187,58.2,68.0,39,26.6,False,False,3,127,False,34.9,20.0,28,True,True,40.2,True,False,59.8,42.4,False,True,56,48,53,32,12,True,16,True,40.7,True,187,False,False,False,164.0,40.0,24,True,12,False,25.0,18.0,False,False,False,2,False,False,SYNTHETIC,65.6,High,67.2
ORG-00733,small,technology,42,54,3,62.8,49.0,5,19.5,False,False,2,167,True,15.1,20.0,52,True,True,20.1,True,False,12.9,53.1,False,True,67,56,56,34,12,True,8,True,15.8,True,128,False,False,False,124.0,95.0,12,False,1,True,55.0,18.0,False,True,False,0,False,False,SYNTHETIC,84.6,Critical,72.1
ORG-00734,small,manufacturing,60,67,2,80.0,20.4,1,5.6,False,False,2,201,False,21.0,20.0,65,False,False,10.0,True,False,22.0,26.1,False,False,102,63,57,44,0,False,8,True,0.0,False,14,False,False,False,147.0,114.0,12,False,12,False,74.0,23.0,False,False,False,5,False,False,SYNTHETIC,100.0,Critical,91.3
ORG-00735,medium,retail,1606,2879,170,32.2,50.8,38,63.9,True,True,4,94,True,67.9,54.5,33,True,True,82.2,True,False,31.0,66.5,True,False,35,30,31,12,0,True,8,True,76.3,True,325,False,False,True,107.0,55.0,24,True,6,True,26.0,8.0,True,True,True,1,False,False,SYNTHETIC,28.3,Moderate,28.9
ORG-00736,medium,government,463,734,46,53.4,0.0,15,74.3,True,True,4,123,False,55.0,69.2,26,True,True,69.6,True,True,67.9,53.5,True,True,25,40,33,11,12,True,16,True,69.6,True,236,True,True,True,77.0,64.0,72,False,0,True,15.0,16.0,True,True,True,3,False,False,SYNTHETIC,26.4,Moderate,28.9
ORG-00737,medium,education,864,1234,64,51.0,55.1,14,49.5,False,False,2,118,False,31.1,22.5,44,False,False,49.0,True,False,35.3,43.4,True,False,55,47,58,17,0,False,24,True,35.1,False,195,False,False,True,89.0,82.0,24,False,3,False,55.0,13.0,False,True,False,3,True,False,SYNTHETIC,65.8,High,66.6
ORG-00738,medium,energy,460,693,72,37.0,33.5,17,52.0,False,False,3,108,False,25.5,47.0,40,True,False,50.3,True,True,39.3,52.8,True,False,70,48,51,25,6,False,16,True,17.3,False,212,False,False,False,96.0,99.0,6,False,12,True,42.0,22.0,False,False,True,3,False,False,SYNTHETIC,75.1,Critical,67.3
ORG-00739,medium,retail,256,357,26,31.7,39.4,9,38.2,False,False,2,137,True,66.8,35.0,59,True,True,40.6,True,False,31.3,48.3,False,False,68,45,66,25,6,False,8,True,29.8,False,134,True,True,True,130.0,78.0,6,False,6,False,50.0,16.0,True,False,False,2,False,False,SYNTHETIC,71.7,High,67.3
ORG-00740,small,government,21,28,1,28.9,8.0,4,22.4,False,False,1,172,False,20.5,36.0,56,False,False,20.3,True,False,19.1,10.0,False,True,98,63,62,28,6,False,0,False,35.0,False,90,False,False,True,201.0,123.0,1,False,6,False,79.0,22.0,False,False,False,3,True,True,SYNTHETIC,86.6,Critical,85.0
ORG-00741,medium,retail,617,992,99,38.2,20.1,19,56.3,False,False,4,91,True,53.9,50.4,23,False,True,72.5,True,True,60.9,54.3,True,False,31,26,14,15,0,True,8,True,46.9,True,257,True,False,False,81.0,40.0,12,True,6,True,29.0,10.0,True,True,True,2,True,False,SYNTHETIC,28.8,Moderate,31.9
ORG-00742,small,education,15,16,1,58.9,3.7,2,27.0,False,False,2,161,False,30.4,20.0,60,False,False,35.0,False,False,66.9,39.0,False,False,78,68,57,35,12,False,0,False,35.6,False,112,False,False,False,155.0,84.0,24,False,0,True,60.0,21.0,False,False,True,3,False,False,SYNTHETIC,82.4,Critical,80.2
ORG-00743,medium,manufacturing,451,648,39,51.3,10.4,12,52.0,False,False,3,141,True,36.4,20.3,45,False,False,43.9,True,False,51.7,43.2,True,True,69,54,57,31,12,False,8,True,41.1,False,235,False,False,False,111.0,67.0,12,False,6,False,31.0,11.0,False,False,False,1,False,False,SYNTHETIC,71.4,High,72.0
ORG-00744,small,manufacturing,45,50,2,30.9,16.8,1,8.2,False,False,1,190,True,0.0,20.0,59,False,False,10.0,True,False,44.7,27.1,True,False,94,59,76,37,12,False,0,False,0.0,False,86,False,False,True,186.0,80.0,12,False,6,False,77.0,19.0,False,False,False,1,True,False,SYNTHETIC,94.8,Critical,84.9
ORG-00745,small,energy,42,51,2,72.7,0.0,3,1.9,False,False,2,173,False,27.1,20.4,45,False,False,33.9,True,False,6.0,26.3,False,False,89,32,66,29,0,False,0,False,10.1,False,84,False,False,False,141.0,85.0,6,False,6,False,65.0,11.0,False,False,False,1,False,False,SYNTHETIC,99.7,Critical,89.6
ORG-00746,medium,finance,266,438,37,66.7,6.8,11,24.0,False,False,2,111,False,65.7,33.3,36,False,True,50.8,True,False,21.9,37.3,False,False,49,45,40,27,12,True,8,True,24.6,False,211,False,False,False,114.0,86.0,12,True,3,True,53.0,19.0,True,False,False,1,False,False,SYNTHETIC,63.4,High,61.4
ORG-00747,medium,energy,968,1564,167,56.2,52.4,34,82.2,True,True,3,15,True,42.7,63.1,17,True,True,77.2,True,True,62.7,88.3,True,True,15,15,22,8,0,True,24,True,59.1,True,291,True,True,True,32.0,20.0,72,False,6,True,31.0,3.0,True,True,True,0,False,False,SYNTHETIC,21.7,Low,22.7
ORG-00748,medium,retail,1331,2352,207,46.3,20.6,45,56.8,True,True,2,98,True,24.9,64.7,37,True,True,46.2,True,True,16.8,64.0,True,True,35,39,25,19,24,False,16,True,45.4,False,284,False,False,True,84.0,51.0,12,True,3,False,41.0,11.0,True,False,False,1,True,False,SYNTHETIC,41.4,Moderate,41.0
ORG-00749,small,government,29,36,1,56.8,0.0,2,25.8,False,False,2,133,True,38.3,47.2,42,False,False,51.3,True,True,25.0,62.7,True,True,37,39,42,14,24,True,24,True,37.6,True,172,False,False,True,158.0,65.0,12,False,6,True,45.0,12.0,True,False,False,2,False,False,SYNTHETIC,53.6,High,55.2
ORG-00750,medium,retail,632,941,64,39.5,59.3,14,52.3,False,True,3,100,False,65.8,48.0,29,False,True,78.0,True,False,53.5,73.7,False,True,64,29,39,17,12,False,16,True,66.0,False,249,True,True,True,82.0,49.0,6,True,12,True,24.0,13.0,True,False,True,0,False,False,SYNTHETIC,44.4,Moderate,45.5
ORG-00751,small,energy,26,35,1,50.8,59.1,4,100.0,True,True,5,72,True,67.7,89.3,23,True,True,88.2,True,True,70.7,100.0,True,True,12,5,32,5,6,True,0,True,90.3,False,396,True,True,False,17.0,21.0,6,True,6,True,4.0,8.0,False,True,True,0,False,False,SYNTHETIC,17.5,Low,16.2
ORG-00752,small,government,35,50,1,56.5,2.5,2,1.5,False,False,1,193,False,36.1,25.0,61,False,False,15.1,True,True,0.0,11.3,False,False,75,53,102,32,12,False,8,True,13.0,False,57,False,False,False,178.0,116.0,72,False,3,True,63.0,22.0,True,False,False,3,True,False,SYNTHETIC,89.2,Critical,81.4
ORG-00753,small,healthcare,86,91,3,85.3,26.3,4,24.1,False,False,2,168,True,38.3,23.8,62,True,False,30.2,True,False,46.7,24.4,True,True,72,60,55,33,0,False,0,False,23.1,False,148,False,False,True,127.0,103.0,12,False,3,True,45.0,24.0,False,False,False,3,False,True,SYNTHETIC,80.5,Critical,73.9
ORG-00754,small,finance,9,9,1,53.7,24.2,3,59.4,False,False,4,94,True,33.2,63.3,37,True,True,73.1,True,False,67.4,62.4,False,False,35,28,53,10,24,False,16,True,77.2,False,301,True,True,False,68.0,73.0,6,True,6,False,17.0,13.0,True,True,True,2,False,False,SYNTHETIC,43.0,Moderate,44.6
ORG-00755,medium,finance,1042,1704,180,40.5,14.9,36,50.3,False,False,3,146,True,54.4,58.9,46,True,True,48.6,True,True,48.7,63.8,True,False,41,46,56,21,0,False,0,False,45.6,False,210,True,False,True,104.0,55.0,72,True,6,True,49.0,13.0,False,False,False,2,False,False,SYNTHETIC,51.2,High,50.0
ORG-00756,small,education,32,45,2,51.9,25.8,1,2.9,False,False,2,189,False,25.1,20.0,72,False,False,12.0,True,False,13.0,37.3,False,False,78,59,93,36,12,False,0,False,12.5,False,110,False,False,False,185.0,120.0,6,True,1,False,74.0,23.0,False,True,False,7,True,False,SYNTHETIC,83.9,Critical,80.8
ORG-00757,medium,government,1532,2087,159,48.0,21.6,32,29.6,False,False,2,143,False,46.7,34.8,48,False,False,45.7,True,False,16.6,45.5,False,True,74,52,65,27,0,False,0,False,34.7,False,100,False,False,False,179.0,77.0,12,False,3,False,58.0,18.0,False,False,False,3,True,False,SYNTHETIC,80.7,Critical,82.0
ORG-00758,large,government,7440,13044,1303,63.2,68.7,261,70.6,False,False,3,88,True,49.8,67.7,31,True,True,70.9,True,False,71.6,50.1,True,True,54,33,36,21,0,False,0,False,50.7,False,243,True,True,True,91.0,61.0,12,False,1,False,34.0,18.0,True,True,False,3,True,False,SYNTHETIC,53.4,High,50.6
ORG-00759,medium,retail,353,569,52,56.9,24.9,13,14.2,False,False,2,197,False,19.1,20.0,53,False,False,47.1,True,False,1.7,20.6,False,False,68,42,54,32,6,False,24,True,31.2,False,83,False,False,False,176.0,103.0,1,False,1,False,67.0,23.0,False,False,False,3,True,False,SYNTHETIC,85.5,Critical,82.7
ORG-00760,small,energy,28,41,2,84.5,74.1,6,58.5,True,True,3,150,False,75.4,34.7,35,True,True,43.7,True,True,44.5,48.9,True,True,48,38,21,15,12,False,0,False,70.0,False,202,False,False,False,103.0,45.0,12,True,6,True,47.0,14.0,False,True,False,1,True,False,SYNTHETIC,42.3,Moderate,44.1
ORG-00761,small,manufacturing,6,6,1,61.0,71.4,3,12.7,False,False,2,197,False,18.7,20.0,58,False,False,13.6,True,False,0.0,35.4,False,False,99,50,71,40,6,False,8,True,24.0,False,35,False,False,True,190.0,96.0,12,False,12,False,62.0,21.0,False,False,True,1,False,False,SYNTHETIC,95.7,Critical,86.5
ORG-00762,small,finance,110,148,6,70.6,35.3,1,43.4,False,False,3,138,True,44.2,24.3,39,True,False,15.1,True,True,44.7,51.5,False,True,69,46,11,35,24,False,8,True,22.1,False,189,True,False,False,121.0,75.0,24,False,6,False,46.0,10.0,False,False,False,1,True,False,SYNTHETIC,68.3,High,68.9
ORG-00763,small,manufacturing,8,10,1,95.3,35.2,7,0.0,False,False,1,186,False,0.0,20.0,49,False,False,18.8,True,False,0.0,17.3,False,False,100,61,75,29,12,False,8,True,0.0,False,115,False,False,True,219.0,125.0,12,False,3,False,67.0,26.0,True,True,False,3,True,False,SYNTHETIC,94.9,Critical,83.7
ORG-00764,medium,manufacturing,541,958,86,20.2,24.0,18,29.5,False,False,2,157,True,24.2,20.0,41,False,False,43.0,True,True,0.0,44.7,True,False,73,53,70,20,12,False,8,True,21.3,False,117,False,False,False,128.0,84.0,12,True,3,False,59.0,13.0,False,False,False,2,False,False,SYNTHETIC,64.1,High,65.5
ORG-00765,small,education,30,33,2,72.1,42.2,3,40.8,False,False,2,192,False,19.3,39.4,59,False,True,35.8,True,True,19.9,46.2,True,True,78,59,82,38,6,False,0,False,31.0,False,102,False,False,False,163.0,85.0,24,True,6,False,49.0,11.0,False,False,True,2,False,False,SYNTHETIC,68.8,High,67.7
ORG-00766,small,healthcare,22,26,1,80.3,13.3,3,80.2,True,True,4,74,True,58.4,59.1,22,True,True,73.2,True,True,69.4,60.9,True,True,41,35,34,3,6,False,8,True,44.6,False,260,True,False,False,88.0,46.0,12,True,3,True,34.0,9.0,True,True,True,1,False,False,SYNTHETIC,23.9,Low,26.9
ORG-00767,large,technology,15715,36965,6983,71.1,28.1,1397,80.4,True,True,4,71,True,83.7,93.6,8,True,True,100.0,True,True,82.5,84.5,True,False,17,13,43,8,6,True,24,True,91.3,True,337,True,True,True,74.0,35.0,1,True,12,True,20.0,12.0,True,True,True,1,True,False,SYNTHETIC,13.0,Low,15.6
ORG-00768,small,healthcare,47,49,3,80.0,11.6,3,72.5,True,True,4,70,True,73.3,70.0,17,True,True,88.1,True,False,74.8,84.3,True,True,27,28,28,16,0,True,0,True,87.9,False,328,True,True,False,67.0,46.0,24,False,3,False,28.0,13.0,True,True,True,1,False,False,SYNTHETIC,32.6,Moderate,33.6
ORG-00769,medium,manufacturing,810,988,110,84.9,35.8,26,45.2,False,False,4,133,True,27.8,43.8,40,False,True,64.0,True,True,32.3,59.9,False,False,58,48,63,20,6,True,0,True,39.4,True,196,True,False,False,131.0,74.0,24,True,3,False,38.0,15.0,False,False,False,1,False,False,SYNTHETIC,54.4,High,53.4
ORG-00770,small,retail,14,14,1,81.0,60.6,3,45.7,False,False,2,167,True,36.5,49.1,44,True,False,48.3,True,True,52.4,38.7,True,True,77,47,69,11,6,False,0,False,33.1,False,134,True,False,False,128.0,53.0,168,False,1,False,48.0,7.0,True,True,True,0,False,False,SYNTHETIC,59.3,High,58.7
ORG-00771,large,finance,8590,17414,2458,69.6,40.0,492,96.0,True,True,5,15,True,92.5,65.1,5,True,True,92.1,True,True,92.6,96.7,True,True,1,10,2,5,12,True,24,True,98.7,True,424,True,True,True,10.0,14.0,24,True,6,True,5.0,0.5,True,True,True,0,False,False,SYNTHETIC,5.6,Low,5.7
ORG-00772,small,government,48,53,2,21.4,70.9,3,0.0,False,False,3,203,False,0.0,20.0,64,True,True,15.0,True,False,0.0,18.9,True,False,89,62,62,28,12,False,0,False,13.5,False,134,False,False,False,197.0,122.0,12,False,12,False,60.0,29.0,False,False,False,3,False,True,SYNTHETIC,97.3,Critical,87.2
ORG-00773,medium,education,1061,1732,125,40.9,3.7,28,18.0,False,False,3,135,True,43.2,26.5,35,True,False,35.8,True,True,56.3,62.6,True,True,63,40,41,20,12,True,8,True,40.9,True,186,True,False,True,124.0,66.0,24,False,3,False,47.0,10.0,False,False,True,0,False,False,SYNTHETIC,65.7,High,57.6
ORG-00774,small,technology,49,59,3,49.9,12.0,3,29.7,False,False,2,127,True,10.8,20.0,47,False,False,54.5,True,True,0.0,36.5,True,False,49,35,39,25,12,False,8,True,39.8,False,90,False,False,False,94.0,94.0,12,False,0,True,49.0,14.0,True,False,True,4,False,False,SYNTHETIC,62.0,High,62.3
ORG-00775,medium,energy,1263,2124,249,93.4,55.4,51,30.3,True,True,4,123,False,50.0,43.0,28,True,False,61.0,True,False,68.4,52.3,True,True,40,23,52,9,24,False,24,True,48.9,False,251,True,True,True,80.0,36.0,6,True,0,False,31.0,15.0,True,True,True,0,False,False,SYNTHETIC,41.6,Moderate,41.9
ORG-00776,large,technology,17562,39649,7166,34.7,32.8,1437,91.7,True,True,5,29,True,78.8,91.9,9,True,True,100.0,True,True,84.4,93.9,True,True,6,6,2,11,12,True,24,True,63.8,True,437,True,True,True,9.0,13.0,6,True,3,True,1.0,0.5,True,True,True,0,False,False,SYNTHETIC,6.0,Low,7.5
ORG-00777,medium,retail,225,302,26,17.5,26.2,9,55.1,True,True,4,62,True,73.5,77.2,28,True,False,64.6,True,True,93.6,72.7,True,True,33,18,46,6,12,True,8,True,91.7,True,278,True,True,True,51.0,14.0,6,False,6,False,15.0,5.0,True,False,True,3,False,False,SYNTHETIC,34.1,Moderate,32.6
ORG-00778,medium,retail,1496,2219,136,56.1,18.6,31,25.2,False,False,2,152,True,30.0,38.6,38,False,False,33.1,True,True,8.7,32.0,False,True,60,52,29,23,0,False,16,True,35.7,False,88,False,False,False,137.0,92.0,6,False,3,False,52.0,18.0,False,False,True,1,True,False,SYNTHETIC,69.7,High,69.2
ORG-00779,large,energy,30096,52223,8375,63.4,25.9,1678,62.8,True,True,4,82,False,61.9,57.6,25,True,True,79.3,True,True,58.8,88.0,True,True,35,34,38,10,0,True,24,True,73.2,True,263,True,True,True,34.0,27.0,12,True,0,False,24.0,9.0,True,True,True,2,False,False,SYNTHETIC,23.3,Low,22.8
ORG-00780,small,energy,7,9,1,82.0,100.0,1,91.9,True,True,5,15,True,89.8,99.7,18,True,True,99.4,True,True,70.9,96.0,True,True,5,9,26,4,0,True,0,True,88.1,True,346,True,True,False,1.0,4.0,12,True,12,True,13.0,3.0,True,True,True,0,False,False,SYNTHETIC,16.1,Low,14.7
ORG-00781,large,education,10935,17275,2256,84.7,13.9,454,59.1,True,True,4,72,True,46.8,67.2,25,True,True,63.7,True,True,54.3,83.0,True,True,51,28,28,15,12,True,24,True,69.6,True,324,False,False,True,45.0,32.0,6,True,3,True,7.0,9.0,False,True,True,0,False,False,SYNTHETIC,25.5,Moderate,25.7
ORG-00782,large,manufacturing,5814,14233,2522,52.5,70.1,506,98.8,True,True,5,66,True,66.3,82.9,13,True,True,78.6,True,True,88.4,80.7,True,False,24,19,6,9,6,True,16,True,72.7,True,326,True,False,True,30.0,37.0,24,True,0,False,10.0,6.0,True,True,True,1,True,False,SYNTHETIC,12.0,Low,13.7
ORG-00783,small,government,137,180,11,87.2,0.0,7,61.3,True,True,3,93,True,88.6,85.7,38,True,True,63.4,True,False,54.8,62.8,True,False,41,38,38,15,6,True,0,True,67.6,True,276,True,True,False,65.0,62.0,6,True,6,True,34.0,3.0,True,True,False,1,False,False,SYNTHETIC,30.6,Moderate,32.4
ORG-00784,small,finance,45,53,1,66.5,34.1,3,65.4,False,False,4,88,True,71.5,75.6,31,True,True,59.2,True,True,57.5,67.2,False,True,45,33,28,13,6,False,0,False,43.1,False,253,True,False,False,52.0,53.0,12,True,3,False,25.0,15.0,False,False,True,2,False,False,SYNTHETIC,45.1,Moderate,46.1
ORG-00785,large,technology,6190,12797,1768,65.5,34.5,358,77.5,True,True,3,60,True,46.4,47.8,34,True,False,73.6,True,True,38.4,57.2,True,True,57,25,43,8,0,True,16,True,47.2,True,210,False,False,True,56.0,47.0,12,True,0,False,32.0,10.0,True,False,True,1,False,False,SYNTHETIC,29.4,Moderate,31.9
ORG-00786,medium,finance,178,215,22,61.3,56.2,8,61.8,True,True,4,84,True,68.3,47.3,25,True,False,79.7,True,True,48.1,80.7,True,True,32,31,32,22,12,True,0,True,65.2,True,245,False,False,False,71.0,1.0,12,True,6,True,23.0,14.0,True,False,False,1,False,False,SYNTHETIC,33.6,Moderate,35.6
ORG-00787,small,energy,38,47,2,83.6,42.4,2,84.1,True,True,4,59,True,48.8,68.9,13,False,True,100.0,True,True,79.8,82.8,True,True,22,16,18,19,0,True,8,True,72.6,True,321,True,True,False,45.0,32.0,6,True,6,False,17.0,4.0,True,True,True,0,False,False,SYNTHETIC,21.2,Low,21.3
ORG-00788,medium,retail,476,837,88,70.7,16.0,18,36.5,False,False,3,155,False,60.2,44.3,58,True,False,33.6,True,True,35.0,54.1,False,False,75,31,40,37,6,False,16,True,44.5,False,159,False,False,False,105.0,89.0,12,True,3,True,39.0,18.0,True,False,True,1,False,False,SYNTHETIC,59.6,High,58.9
ORG-00789,small,education,17,19,1,44.1,1.9,3,29.3,False,False,2,144,False,1.9,40.5,45,True,False,38.4,True,False,24.8,47.6,False,True,73,45,53,31,0,False,0,False,64.5,False,182,False,False,True,183.0,91.0,24,True,3,False,45.0,17.0,False,True,False,0,False,False,SYNTHETIC,68.4,High,68.4
ORG-00790,medium,energy,2623,4370,346,78.1,81.3,70,93.4,True,True,3,117,False,38.8,58.3,24,True,True,71.4,True,False,54.8,49.5,True,True,35,27,41,11,12,True,16,True,79.8,True,272,True,True,True,42.0,42.0,1,True,3,True,40.0,12.0,True,True,True,1,False,False,SYNTHETIC,27.2,Moderate,26.3
ORG-00791,small,finance,46,54,3,69.3,14.7,4,26.5,False,False,3,130,True,35.5,30.8,42,False,True,35.1,True,False,43.2,31.9,False,False,61,54,59,29,6,False,0,False,24.1,False,170,False,False,False,130.0,68.0,1,False,3,True,52.0,22.0,False,False,True,1,True,False,SYNTHETIC,75.9,Critical,73.6
ORG-00792,medium,finance,399,595,60,55.1,30.0,16,49.4,False,False,3,133,True,37.4,58.0,35,True,True,55.4,True,True,50.0,60.5,True,False,62,39,42,21,0,True,0,True,26.1,True,180,True,False,True,85.0,97.0,24,False,12,False,37.0,16.0,True,False,False,1,True,False,SYNTHETIC,55.3,High,54.5
ORG-00793,small,retail,101,113,5,51.2,50.3,1,53.6,True,True,4,100,True,59.2,51.8,38,True,True,80.5,True,True,53.4,57.8,False,False,62,40,35,16,12,True,0,True,55.5,False,312,False,False,True,109.0,54.0,12,False,12,True,37.0,15.0,False,False,False,1,False,False,SYNTHETIC,46.8,Moderate,48.3
ORG-00794,small,healthcare,35,49,3,69.0,4.6,2,23.4,False,False,2,192,False,12.5,20.0,53,False,False,30.1,True,False,9.5,22.9,False,False,80,44,38,30,24,False,0,False,30.7,False,61,False,False,False,184.0,69.0,1,False,6,True,64.0,14.0,False,False,False,3,False,False,SYNTHETIC,84.4,Critical,84.3
ORG-00795,medium,education,501,836,43,24.1,30.9,11,13.6,False,False,2,141,False,43.7,31.7,47,False,False,44.6,True,True,21.7,38.7,True,False,98,54,57,28,12,True,8,True,49.5,False,50,False,False,False,152.0,99.0,24,True,12,False,48.0,21.0,False,True,False,4,True,False,SYNTHETIC,72.4,High,67.0
ORG-00796,medium,retail,582,801,90,51.6,61.8,24,57.1,False,True,3,112,False,78.3,68.2,36,True,True,46.2,True,True,49.3,57.1,False,True,38,29,43,9,24,True,8,True,50.9,True,237,True,False,True,113.0,44.0,24,True,6,True,39.0,9.0,True,True,False,1,False,False,SYNTHETIC,41.1,Moderate,39.8
ORG-00797,small,finance,12,15,1,54.2,69.7,3,39.9,True,True,3,95,True,66.7,53.2,31,True,True,68.4,True,False,53.4,76.2,True,True,59,47,55,18,12,False,0,False,72.7,False,289,False,False,False,123.0,61.0,6,False,12,True,42.0,9.0,True,True,False,0,False,False,SYNTHETIC,54.2,High,54.5
ORG-00798,medium,finance,4321,6242,467,76.4,12.8,95,59.2,False,False,4,126,True,51.0,39.9,32,True,True,59.7,True,True,67.7,66.9,False,False,42,22,38,21,12,False,0,False,57.0,False,246,False,False,False,108.0,67.0,12,True,6,True,25.0,14.0,True,True,True,2,True,False,SYNTHETIC,48.2,Moderate,46.8
ORG-00799,large,education,15077,33459,3314,76.2,35.7,667,85.4,True,True,3,94,True,49.5,49.4,17,False,False,82.0,True,True,41.2,64.4,True,False,42,11,27,4,12,False,24,True,47.0,False,325,False,False,True,43.0,41.0,12,False,12,True,34.0,13.0,True,False,False,2,False,False,SYNTHETIC,41.8,Moderate,39.2
ORG-00800,medium,government,374,483,36,48.5,40.2,9,61.2,False,False,3,64,False,53.9,71.1,26,False,True,74.8,True,False,33.3,65.1,True,True,50,31,2,15,12,True,16,True,52.7,True,270,True,True,True,84.0,46.0,12,True,6,True,28.0,9.0,True,True,True,1,False,False,SYNTHETIC,33.0,Moderate,34.2
ORG-00801,medium,manufacturing,683,1111,92,80.5,10.9,23,44.2,False,False,1,162,False,19.2,48.1,35,False,False,12.4,True,False,2.1,42.6,False,False,68,57,29,26,12,False,0,False,45.7,False,188,False,False,False,131.0,103.0,24,False,6,False,37.0,16.0,False,False,True,4,False,False,SYNTHETIC,78.8,Critical,77.6
ORG-00802,small,healthcare,47,63,1,100.0,3.9,3,18.2,False,False,2,244,False,22.1,20.0,60,False,False,17.8,True,False,22.3,33.7,False,False,103,68,55,35,6,False,16,True,10.5,False,89,False,False,True,181.0,126.0,1,False,12,False,61.0,18.0,False,False,False,4,True,True,SYNTHETIC,100.0,Critical,86.0
ORG-00803,small,manufacturing,32,39,2,10.0,1.9,3,13.3,False,False,1,221,False,2.8,20.0,71,False,False,20.9,True,False,0.0,10.0,False,False,80,61,92,40,12,False,0,False,12.9,False,53,False,False,False,166.0,136.0,24,True,3,False,65.0,17.0,False,False,False,5,False,False,SYNTHETIC,87.9,Critical,83.4
ORG-00804,small,government,45,45,2,87.0,59.3,1,8.4,False,False,2,159,False,35.5,20.0,60,True,False,28.8,True,True,5.3,36.9,False,False,82,63,49,21,12,False,16,True,13.8,False,82,False,False,False,154.0,104.0,1,False,3,False,66.0,22.0,False,False,False,1,False,False,SYNTHETIC,90.8,Critical,80.8
ORG-00805,small,technology,36,40,3,68.6,32.8,3,25.5,False,False,2,128,True,55.8,33.1,43,True,True,33.9,True,False,65.5,54.2,True,False,48,47,42,27,0,False,8,True,67.3,False,177,True,True,False,115.0,105.0,72,False,0,False,52.0,11.0,False,False,False,2,True,True,SYNTHETIC,64.1,High,65.5
ORG-00806,medium,government,970,1503,76,59.6,58.9,19,51.2,False,False,4,69,True,74.7,51.6,24,True,True,62.6,True,True,69.8,68.3,True,False,48,32,40,9,12,True,24,True,64.5,False,201,False,False,True,92.0,61.0,12,False,6,True,29.0,12.0,True,True,False,3,True,False,SYNTHETIC,40.1,Moderate,41.2
ORG-00807,large,energy,8483,15867,1763,70.0,40.5,356,94.7,True,True,5,45,True,80.6,83.3,14,True,True,94.1,True,True,59.4,100.0,True,True,8,11,26,5,6,True,24,True,86.2,False,361,True,True,True,39.0,10.0,6,True,12,True,7.0,6.0,True,True,True,0,False,False,SYNTHETIC,9.4,Low,10.6
ORG-00808,medium,retail,334,581,59,64.8,12.9,14,46.5,False,False,3,192,False,13.2,45.1,41,True,False,35.6,True,True,9.4,28.2,False,False,73,50,55,33,12,True,0,True,0.0,False,109,True,False,True,146.0,109.0,24,True,1,False,50.0,16.0,True,False,False,2,False,False,SYNTHETIC,61.1,High,62.3
ORG-00809,small,energy,124,185,14,80.7,18.7,6,23.3,False,False,3,150,True,44.7,21.2,59,False,False,34.1,True,False,32.5,50.8,False,False,75,42,45,23,12,False,0,False,22.9,False,156,False,False,False,156.0,106.0,12,False,12,False,55.0,20.0,False,False,False,1,True,False,SYNTHETIC,83.7,Critical,80.9
ORG-00810,small,manufacturing,24,24,1,36.3,9.4,3,25.4,False,False,1,204,False,3.6,20.0,54,False,False,22.2,True,False,5.2,34.3,True,True,73,62,66,27,12,False,0,False,12.4,False,52,False,False,False,152.0,101.0,6,True,3,False,62.0,21.0,False,False,False,3,False,False,SYNTHETIC,78.9,Critical,78.7
ORG-00811,medium,retail,350,425,42,65.7,43.0,8,95.3,True,True,5,92,True,47.2,63.7,18,True,True,72.8,True,True,56.1,77.1,True,True,28,20,13,6,6,False,8,True,56.9,False,222,False,False,False,99.0,62.0,6,False,6,False,20.0,9.0,False,False,False,0,False,False,SYNTHETIC,39.2,Moderate,40.2
ORG-00812,medium,retail,691,972,107,64.2,44.5,24,60.5,False,False,4,65,True,48.4,72.8,23,True,True,79.2,True,True,37.5,79.9,True,False,43,26,24,17,12,True,0,True,52.6,False,283,False,False,False,72.0,25.0,24,True,6,True,17.0,6.0,False,True,False,1,False,False,SYNTHETIC,39.2,Moderate,39.7
ORG-00813,medium,finance,210,360,32,41.7,57.7,10,57.4,True,True,4,23,True,79.4,73.0,13,True,True,80.6,True,True,100.0,77.9,True,True,30,13,16,1,12,True,8,True,62.6,False,371,True,True,True,66.0,1.0,12,True,12,True,19.0,0.5,True,True,True,0,False,False,SYNTHETIC,14.2,Low,17.5
ORG-00814,medium,manufacturing,1411,2271,123,60.6,20.3,28,36.5,False,False,2,182,False,5.0,20.0,54,True,False,56.8,True,False,27.6,46.4,False,True,84,44,59,26,6,False,8,True,48.4,False,62,True,True,False,111.0,83.0,6,False,3,False,53.0,10.0,True,True,False,2,False,False,SYNTHETIC,71.4,High,71.2
ORG-00815,small,retail,15,16,1,70.6,38.2,3,6.7,False,False,2,144,False,14.4,20.0,63,False,False,21.2,True,False,21.3,24.3,False,False,91,69,74,40,12,False,16,True,8.6,False,115,False,False,False,172.0,122.0,6,False,0,False,63.0,21.0,False,False,False,5,False,False,SYNTHETIC,98.1,Critical,87.4
ORG-00816,large,healthcare,13158,26738,4155,89.0,42.4,834,60.2,True,True,3,74,True,48.6,57.9,34,True,True,69.8,True,True,40.4,66.8,True,False,73,43,22,16,24,True,24,True,57.5,True,235,False,False,False,93.0,19.0,72,True,12,True,21.0,7.0,False,True,True,1,True,False,SYNTHETIC,33.7,Moderate,34.2
ORG-00817,small,energy,23,31,2,88.3,50.6,2,64.8,False,False,4,118,False,51.9,49.9,39,True,True,51.1,True,True,50.9,54.7,False,True,41,38,59,15,24,True,0,True,58.2,True,264,True,True,False,98.0,52.0,12,True,0,True,38.0,12.0,True,True,False,3,False,False,SYNTHETIC,42.9,Moderate,45.1
ORG-00818,medium,healthcare,619,993,51,77.9,12.9,16,45.2,False,False,3,155,True,18.8,40.9,38,False,False,42.5,True,False,61.9,67.0,True,True,58,49,60,9,6,True,0,True,23.4,False,185,True,False,False,101.0,83.0,1,False,6,True,51.0,11.0,False,False,False,0,False,True,SYNTHETIC,68.9,High,61.5
ORG-00819,medium,manufacturing,2915,4741,350,53.8,42.7,76,66.1,False,False,4,81,False,81.6,60.0,27,True,True,53.5,False,False,53.7,55.8,False,True,50,24,17,8,0,True,8,True,77.7,True,267,True,False,True,95.0,54.0,12,True,1,True,51.0,7.0,True,False,False,3,False,False,SYNTHETIC,41.4,Moderate,39.9
ORG-00820,medium,education,604,758,45,15.0,65.1,11,55.9,False,True,3,94,False,60.8,50.2,42,True,True,36.6,True,True,56.4,59.2,True,True,53,20,50,21,12,False,0,False,57.1,False,212,True,True,False,116.0,74.0,12,False,0,False,44.0,10.0,False,False,False,1,True,False,SYNTHETIC,60.3,High,59.2
ORG-00821,medium,government,510,865,77,60.8,52.2,20,57.2,False,False,3,120,True,16.1,44.1,43,False,True,48.6,True,False,9.0,58.0,False,False,52,38,46,28,12,True,0,True,48.5,True,172,True,False,True,108.0,54.0,6,False,1,True,53.0,15.0,False,False,False,0,False,False,SYNTHETIC,61.7,High,60.9
ORG-00822,medium,retail,1802,3233,253,36.4,38.2,54,48.8,False,False,3,68,True,32.6,44.6,39,False,True,51.0,True,True,61.6,56.3,True,True,50,24,30,14,6,False,0,False,35.3,False,222,True,False,True,95.0,52.0,12,True,6,False,31.0,14.0,True,True,False,0,False,False,SYNTHETIC,40.7,Moderate,43.8
ORG-00823,small,education,57,83,4,69.4,6.7,3,18.5,False,False,2,192,True,0.0,20.0,57,False,False,34.1,False,False,0.0,37.4,False,False,72,55,94,27,12,False,0,False,31.8,False,134,False,False,False,120.0,94.0,72,False,6,False,54.0,17.0,False,True,True,0,False,True,SYNTHETIC,87.7,Critical,79.2
ORG-00824,medium,manufacturing,552,870,95,46.9,26.0,23,10.3,False,False,2,199,False,21.7,23.4,40,True,False,25.0,True,False,39.7,41.2,True,True,73,66,68,36,12,True,24,True,35.7,True,141,False,False,False,124.0,101.0,12,False,3,False,68.0,11.0,True,False,False,3,True,True,SYNTHETIC,75.5,Critical,74.1
ORG-00825,medium,government,556,826,66,39.8,34.6,18,78.7,True,True,5,45,True,70.5,94.2,36,True,True,74.1,True,True,72.6,76.5,True,True,12,20,5,14,24,True,8,True,74.8,True,327,True,True,True,71.0,18.0,24,True,6,True,11.0,7.0,True,False,True,1,False,False,SYNTHETIC,19.8,Low,18.3
ORG-00826,large,technology,10812,17470,1867,68.2,62.7,380,68.2,True,True,4,33,True,85.1,77.9,20,True,True,96.7,True,True,81.7,96.6,True,True,27,26,33,7,12,True,8,True,75.9,True,343,True,True,True,31.0,39.0,72,True,12,True,11.0,2.0,True,True,True,0,False,False,SYNTHETIC,19.3,Low,19.0
ORG-00827,small,finance,33,45,1,74.6,50.2,1,30.4,False,False,2,159,True,55.7,27.6,36,False,True,47.5,True,True,37.7,49.9,True,True,73,33,55,22,12,True,8,True,32.6,False,188,False,False,False,100.0,48.0,1,True,3,False,46.0,8.0,True,True,True,2,True,False,SYNTHETIC,52.7,High,50.6
ORG-00828,small,education,37,50,2,35.6,13.5,1,22.4,False,False,1,157,False,29.5,20.0,65,False,False,26.2,True,False,0.0,12.8,False,False,73,55,67,33,12,True,8,True,22.2,False,88,False,False,False,152.0,75.0,1,False,3,False,63.0,20.0,False,False,False,4,False,False,SYNTHETIC,88.3,Critical,83.0
ORG-00829,small,energy,63,63,4,55.3,47.5,2,24.7,False,False,2,189,False,20.3,32.1,54,False,False,18.8,True,False,21.8,42.6,True,False,70,55,57,30,12,True,8,True,23.6,True,135,False,False,True,151.0,97.0,72,False,6,False,64.0,15.0,False,False,False,3,True,False,SYNTHETIC,86.2,Critical,77.2
ORG-00830,medium,education,822,1137,72,60.0,48.9,18,26.8,False,False,2,173,False,16.4,26.1,46,False,False,36.1,True,False,19.5,31.0,False,False,96,48,34,27,0,False,16,True,29.9,False,129,False,False,False,134.0,85.0,1,False,6,False,50.0,18.0,False,True,False,3,True,False,SYNTHETIC,77.1,Critical,77.4
ORG-00831,small,government,26,38,1,69.9,46.4,3,28.4,False,False,2,168,False,19.0,26.0,39,False,True,37.2,True,True,44.1,54.1,True,True,73,62,71,23,0,False,0,False,18.8,False,131,False,False,False,173.0,81.0,1,False,3,False,41.0,11.0,False,True,True,3,True,False,SYNTHETIC,75.3,Critical,71.1
ORG-00832,small,technology,16,23,1,98.1,59.7,2,67.2,True,True,3,70,True,54.8,79.0,29,True,True,75.1,True,True,64.5,83.9,True,False,38,19,27,11,0,False,8,True,68.9,False,263,True,True,False,54.0,27.0,6,True,6,True,33.0,10.0,True,True,True,0,False,False,SYNTHETIC,25.1,Moderate,26.3
ORG-00833,medium,energy,312,516,54,50.4,64.1,15,34.7,True,True,3,134,False,57.6,62.5,29,True,True,69.3,False,True,33.7,48.7,False,False,45,29,32,18,12,True,8,True,40.8,True,235,True,True,True,90.0,60.0,6,True,12,False,32.0,18.0,False,False,False,1,True,False,SYNTHETIC,45.2,Moderate,45.2
ORG-00834,medium,finance,337,579,59,36.2,17.4,15,62.8,False,False,3,110,True,68.5,44.3,46,False,True,74.3,True,True,61.2,50.5,True,True,38,35,39,24,0,True,0,True,47.8,True,191,True,False,True,86.0,61.0,12,True,12,True,23.0,10.0,True,False,True,2,True,False,SYNTHETIC,39.3,Moderate,39.8
ORG-00835,small,retail,13,13,1,28.8,30.2,4,0.0,False,False,2,194,False,29.1,20.0,51,False,True,12.5,True,False,10.5,54.9,False,False,86,57,86,37,24,False,0,False,13.1,False,119,False,False,False,155.0,84.0,12,False,12,False,54.0,27.0,True,False,False,4,False,True,SYNTHETIC,100.0,Critical,88.2
ORG-00836,small,manufacturing,5,6,1,35.2,62.1,3,9.2,False,False,2,177,False,26.3,20.0,56,False,False,25.3,True,True,8.2,25.2,False,False,89,50,70,35,12,False,0,False,33.0,False,65,False,False,False,146.0,128.0,6,False,12,False,60.0,20.0,False,False,False,2,True,False,SYNTHETIC,90.1,Critical,87.0
ORG-00837,large,finance,7915,16386,1688,70.5,48.4,341,70.7,True,True,5,42,True,67.9,99.9,17,True,True,91.5,True,True,97.3,100.0,True,True,16,4,25,7,12,True,24,True,98.3,False,366,True,True,True,25.0,1.0,6,True,3,True,1.0,6.0,True,True,False,0,False,False,SYNTHETIC,13.2,Low,10.2
ORG-00838,medium,energy,1916,3262,315,89.4,14.5,66,49.5,False,False,3,125,True,49.8,50.3,30,True,True,48.8,True,True,80.3,62.1,False,True,45,39,48,20,0,True,8,True,47.1,True,173,True,True,True,58.0,62.0,12,True,0,False,39.0,12.0,False,True,False,1,True,False,SYNTHETIC,46.3,Moderate,44.3
ORG-00839,small,healthcare,26,31,1,50.6,78.0,2,44.2,False,False,2,153,False,21.9,27.6,34,False,True,31.6,True,False,0.0,32.9,True,True,79,38,50,31,24,False,0,False,55.0,False,123,True,False,False,149.0,100.0,1,False,6,False,57.0,18.0,False,True,True,2,True,True,SYNTHETIC,76.9,Critical,74.5
ORG-00840,small,retail,57,82,2,70.5,31.4,2,88.5,True,True,3,57,False,82.2,73.2,21,True,True,69.0,True,True,64.9,77.4,True,False,31,30,11,5,6,False,0,False,56.4,False,340,True,False,True,25.0,12.0,6,False,12,True,16.0,10.0,True,True,False,0,False,False,SYNTHETIC,33.0,Moderate,34.1
ORG-00841,small,energy,15,16,1,68.0,50.5,3,23.2,False,False,2,173,True,25.6,28.8,45,True,False,54.0,True,False,9.5,43.7,True,True,79,49,36,32,6,True,8,True,26.7,True,118,False,False,False,130.0,89.0,6,True,0,True,51.0,19.0,True,False,False,1,True,False,SYNTHETIC,61.1,High,59.0
ORG-00842,large,healthcare,5111,12360,1476,95.0,43.6,300,98.9,True,True,5,74,True,57.4,75.6,19,True,True,77.0,True,True,71.8,94.6,True,False,25,13,34,8,12,True,24,True,78.6,False,345,True,True,True,55.0,1.0,12,True,12,True,10.0,0.5,True,True,True,0,False,False,SYNTHETIC,12.3,Low,14.4
ORG-00843,small,education,169,196,6,36.2,28.8,5,13.2,False,False,2,235,False,15.2,38.1,51,False,False,19.1,True,False,45.1,16.7,False,False,102,53,76,35,12,False,0,False,11.1,False,52,False,False,False,164.0,132.0,1,False,3,False,69.0,20.0,False,True,False,3,True,False,SYNTHETIC,100.0,Critical,87.1
ORG-00844,medium,retail,755,1047,125,52.7,50.0,31,19.2,True,True,3,106,False,56.5,54.3,43,True,False,54.5,True,False,45.6,56.7,True,False,37,41,29,19,0,False,16,True,35.8,False,253,False,False,False,99.0,56.0,12,True,0,True,28.0,11.0,True,True,False,1,False,False,SYNTHETIC,45.9,Moderate,47.7
ORG-00845,medium,healthcare,2228,3543,375,62.9,0.0,77,65.0,True,True,4,93,True,44.0,62.0,30,True,True,63.1,True,False,55.7,82.0,False,False,41,39,38,19,0,True,8,True,69.3,True,253,True,True,False,81.0,55.0,24,False,6,True,29.0,8.0,False,True,True,2,False,False,SYNTHETIC,39.6,Moderate,41.7
ORG-00846,medium,energy,447,679,36,48.0,12.3,9,100.0,True,True,5,78,True,58.1,74.3,14,True,True,96.3,True,True,91.9,89.8,True,True,49,26,20,8,12,True,16,True,67.8,True,339,True,True,True,71.0,1.0,24,False,12,True,10.0,11.0,True,True,True,1,False,False,SYNTHETIC,20.9,Low,20.9
ORG-00847,medium,education,923,1637,106,43.2,29.8,26,22.3,False,False,2,120,False,22.0,29.9,50,False,False,44.1,True,True,70.5,35.1,True,True,66,47,54,18,12,False,8,True,22.2,False,176,True,True,False,120.0,65.0,168,True,0,False,50.0,21.0,True,False,True,1,True,False,SYNTHETIC,60.4,High,58.7
ORG-00848,medium,technology,516,628,45,69.1,51.8,10,82.4,True,True,5,101,False,75.5,68.6,28,True,True,82.5,True,True,83.5,80.2,True,True,37,24,7,5,0,True,8,True,63.5,True,305,True,True,False,63.0,1.0,6,True,3,True,13.0,1.0,True,True,False,0,False,False,SYNTHETIC,19.0,Low,18.6
ORG-00849,large,finance,12596,20159,2910,84.7,56.2,586,47.6,False,False,3,130,False,30.9,49.0,29,False,False,48.8,True,True,74.5,70.4,False,True,51,57,58,22,6,True,24,True,58.6,True,223,True,False,True,122.0,88.0,12,True,12,True,41.0,14.0,True,True,True,4,False,False,SYNTHETIC,45.7,Moderate,46.6
ORG-00850,medium,technology,573,698,44,22.5,21.5,11,62.6,True,True,4,105,True,62.2,69.2,28,True,True,54.1,True,True,43.0,65.1,True,False,36,40,31,10,6,False,0,False,87.0,False,227,False,False,True,107.0,37.0,6,False,3,True,33.0,12.0,False,True,True,3,True,False,SYNTHETIC,37.6,Moderate,38.1
ORG-00851,small,finance,26,29,1,78.4,76.3,3,66.1,False,False,3,140,True,42.4,47.4,35,False,False,56.0,True,False,37.3,66.6,True,True,56,39,24,14,12,False,8,True,60.6,False,175,True,True,True,75.0,57.0,168,True,6,False,41.0,7.0,False,True,False,1,False,False,SYNTHETIC,46.9,Moderate,47.7
ORG-00852,small,education,83,97,4,48.7,51.8,1,45.4,False,False,1,144,True,49.9,53.7,47,False,True,56.2,True,False,54.6,57.9,True,True,40,33,46,26,24,False,0,False,38.9,False,182,False,False,True,138.0,60.0,1,True,6,False,43.0,17.0,False,True,True,4,True,False,SYNTHETIC,58.8,High,59.5
ORG-00853,small,healthcare,43,49,1,56.8,51.8,5,8.9,False,False,1,226,False,0.6,20.0,44,False,False,19.5,True,False,9.2,34.2,False,False,96,60,71,34,12,False,16,True,30.6,False,14,False,False,False,208.0,125.0,24,False,6,False,64.0,23.0,False,True,False,3,True,False,SYNTHETIC,92.2,Critical,86.5
ORG-00854,small,education,52,70,5,69.2,29.7,4,26.6,False,False,2,155,False,20.6,21.9,44,True,False,34.5,True,False,15.3,26.2,False,False,66,49,56,32,12,True,0,True,12.7,False,81,False,False,False,171.0,99.0,6,True,3,False,53.0,28.0,False,False,False,3,False,False,SYNTHETIC,75.1,Critical,76.1
ORG-00855,small,education,47,69,4,100.0,46.6,3,23.5,False,False,3,106,True,30.3,47.5,45,False,False,49.1,False,True,45.0,46.9,False,True,46,47,76,16,12,True,0,True,29.1,True,204,True,True,False,144.0,64.0,24,True,12,True,61.0,9.0,True,False,False,7,False,False,SYNTHETIC,55.5,High,54.8
ORG-00856,small,technology,29,32,2,89.8,0.4,7,87.0,True,True,5,90,True,50.3,75.6,25,True,True,51.7,True,True,43.8,69.8,True,True,31,13,29,14,12,False,0,False,68.0,False,286,True,True,True,54.0,41.0,6,True,6,True,6.0,7.0,True,True,False,0,False,False,SYNTHETIC,25.5,Moderate,25.6
ORG-00857,large,technology,13156,21456,3681,93.3,29.7,739,68.4,True,True,4,56,True,67.4,71.3,23,True,True,87.1,True,True,69.9,73.0,True,True,23,21,31,16,12,True,0,True,75.1,True,345,True,True,True,39.0,13.0,12,True,6,True,9.0,0.5,True,True,False,1,False,False,SYNTHETIC,19.2,Low,22.0
ORG-00858,small,finance,41,50,3,62.2,11.8,1,24.3,False,False,1,155,False,0.0,22.4,42,False,False,36.1,True,False,43.2,30.6,False,True,62,47,43,31,0,False,0,False,8.9,False,111,False,False,False,144.0,74.0,12,True,12,True,58.0,18.0,False,False,False,0,False,False,SYNTHETIC,75.7,Critical,76.6
ORG-00859,medium,healthcare,261,427,33,71.0,30.4,7,74.5,True,True,4,83,False,59.1,57.7,19,True,False,53.5,True,True,57.2,76.8,True,True,31,20,32,10,6,False,16,True,47.7,False,325,True,False,False,83.0,56.0,24,True,3,True,41.0,11.0,True,False,True,0,False,False,SYNTHETIC,34.9,Moderate,35.0
ORG-00860,small,manufacturing,133,190,13,84.2,20.8,5,43.4,False,False,2,168,False,50.6,32.3,54,False,False,36.2,True,False,26.2,19.3,False,True,81,54,68,40,6,False,8,True,52.5,False,126,False,False,True,194.0,90.0,12,False,1,False,54.0,17.0,False,True,False,3,False,False,SYNTHETIC,77.7,Critical,76.3
ORG-00861,small,manufacturing,40,44,3,74.3,42.2,1,16.1,False,False,2,198,False,9.1,20.0,63,False,False,13.8,True,False,0.0,22.0,False,False,88,64,83,32,12,False,0,False,10.7,False,14,False,False,False,192.0,121.0,12,False,1,False,76.0,23.0,False,False,False,4,False,False,SYNTHETIC,99.9,Critical,90.3
ORG-00862,small,finance,137,189,12,39.6,16.7,8,54.4,False,False,3,133,False,39.9,27.1,22,False,False,42.5,False,False,43.1,57.3,True,False,72,42,48,26,6,False,0,False,44.9,False,174,True,False,True,122.0,52.0,12,False,12,True,40.0,18.0,False,True,True,1,False,False,SYNTHETIC,68.6,High,65.5
ORG-00863,medium,finance,1209,2012,218,53.1,66.0,47,45.3,False,True,2,109,True,42.3,31.7,49,False,False,61.7,True,False,68.1,67.2,False,True,60,32,29,20,6,False,8,True,39.7,False,179,False,False,False,71.0,25.0,12,True,6,True,37.0,14.0,False,False,False,2,True,False,SYNTHETIC,55.3,High,56.0
ORG-00864,large,energy,8276,13696,2656,53.0,33.8,533,61.6,True,True,4,85,True,35.7,55.8,24,True,True,73.6,True,False,43.6,74.7,True,True,21,34,54,16,6,True,24,True,28.6,True,237,False,False,True,90.0,75.0,24,False,12,False,17.0,11.0,False,True,True,2,False,False,SYNTHETIC,53.3,High,46.0
ORG-00865,small,education,29,36,2,52.5,70.7,6,6.6,False,False,1,187,False,0.0,20.0,66,False,True,10.0,True,False,17.0,19.2,False,False,88,62,72,30,6,False,0,False,22.0,False,15,False,False,False,197.0,114.0,72,False,0,False,76.0,25.0,False,False,False,0,False,False,SYNTHETIC,99.3,Critical,88.8
ORG-00866,medium,retail,506,624,45,39.4,33.6,13,89.8,True,True,5,91,True,90.3,81.2,21,True,True,95.2,True,True,39.0,84.8,True,True,15,12,16,11,12,True,24,True,80.4,True,373,True,False,True,73.0,21.0,72,True,1,True,9.0,12.0,True,True,False,0,False,False,SYNTHETIC,11.5,Low,13.3
ORG-00867,small,retail,145,152,10,84.2,6.4,6,29.8,False,False,2,150,True,33.1,28.0,50,False,False,44.7,True,False,23.4,31.3,False,False,71,42,69,26,0,False,16,True,7.0,False,190,False,False,False,96.0,70.0,24,False,1,False,52.0,20.0,False,False,False,1,True,False,SYNTHETIC,85.1,Critical,76.7
ORG-00868,medium,education,328,401,29,50.5,27.2,6,53.9,False,True,3,125,True,52.6,50.4,42,False,True,71.3,True,True,50.6,58.7,True,True,45,24,34,22,0,True,8,True,63.6,True,302,True,True,False,88.0,65.0,6,True,12,True,40.0,11.0,True,True,False,0,False,False,SYNTHETIC,36.3,Moderate,35.1
ORG-00869,small,finance,25,33,1,70.7,58.2,4,43.3,False,True,3,97,True,61.7,55.7,28,True,True,62.2,True,True,58.1,68.9,False,False,48,28,45,19,0,True,0,True,43.7,True,281,False,False,False,69.0,68.0,24,True,6,False,57.0,11.0,False,True,False,0,False,False,SYNTHETIC,49.1,Moderate,49.1
ORG-00870,small,healthcare,18,22,1,42.1,6.5,4,60.3,True,True,4,123,True,43.1,47.9,31,True,False,88.4,True,True,63.2,73.7,False,False,52,30,33,20,12,False,0,False,53.3,False,234,False,False,False,92.0,59.0,6,True,6,False,34.0,13.0,False,True,True,0,False,False,SYNTHETIC,46.5,Moderate,45.5
ORG-00871,small,technology,73,74,5,46.3,35.5,3,47.2,False,False,2,141,True,40.3,22.3,44,False,False,49.1,True,False,41.0,46.4,False,False,50,45,61,35,6,False,0,False,38.3,False,158,False,False,True,153.0,73.0,6,False,3,True,50.0,17.0,False,True,False,3,True,False,SYNTHETIC,69.7,High,70.4
ORG-00872,small,government,214,217,9,60.2,27.1,5,35.2,False,False,2,141,False,42.0,20.0,44,False,True,38.3,True,False,35.3,27.1,True,True,63,55,50,29,6,True,0,True,20.6,True,144,False,False,False,159.0,92.0,6,True,1,True,51.0,15.0,False,True,True,1,False,False,SYNTHETIC,63.3,High,62.1
ORG-00873,large,government,5746,10134,1061,67.6,42.2,215,99.5,True,True,5,37,True,80.2,82.6,9,True,True,80.6,True,True,100.0,85.7,True,True,39,3,27,1,12,True,8,True,89.3,True,392,True,True,True,5.0,31.0,72,True,12,True,4.0,7.0,True,True,True,0,False,False,SYNTHETIC,11.1,Low,12.3
ORG-00874,small,healthcare,37,52,1,80.8,26.7,5,54.3,False,False,2,145,False,48.7,42.5,37,False,False,59.2,True,True,31.5,38.0,True,False,61,54,48,25,0,False,16,True,38.0,False,176,False,False,False,111.0,94.0,12,False,1,True,52.0,13.0,False,False,True,1,True,False,SYNTHETIC,65.1,High,65.1
ORG-00875,medium,energy,839,1435,107,68.1,30.0,22,79.1,True,True,5,32,True,87.1,75.8,12,False,True,82.8,True,True,97.9,76.7,True,True,15,17,10,13,0,True,0,True,83.1,True,302,True,True,True,52.0,20.0,6,True,12,False,13.0,2.0,True,True,True,0,False,False,SYNTHETIC,16.0,Low,18.4
ORG-00876,medium,technology,516,918,91,78.6,8.4,21,20.4,False,False,2,142,False,25.2,20.0,55,True,False,19.4,True,True,30.8,52.2,False,False,78,66,68,30,24,True,24,True,26.8,True,116,True,False,False,172.0,103.0,6,False,6,False,50.0,24.0,False,False,False,1,True,False,SYNTHETIC,81.2,Critical,75.9
ORG-00877,medium,energy,980,1446,99,52.0,61.7,19,16.4,False,False,2,148,False,37.9,36.1,42,False,True,22.1,True,True,38.8,45.6,False,False,50,51,75,26,12,False,0,False,39.5,False,133,False,False,False,125.0,89.0,12,True,3,False,51.0,23.0,True,True,True,3,True,False,SYNTHETIC,69.8,High,65.0
ORG-00878,medium,technology,2143,2966,215,36.9,45.3,47,60.9,True,True,4,88,False,35.3,63.9,37,False,True,64.7,True,True,24.4,77.3,True,True,51,31,36,16,12,True,24,True,57.5,True,225,True,True,False,112.0,30.0,12,True,12,True,14.0,12.0,False,True,False,3,False,False,SYNTHETIC,34.9,Moderate,33.8
ORG-00879,small,manufacturing,107,146,3,72.6,45.6,5,8.0,False,False,1,155,False,0.0,20.0,65,False,False,15.8,True,False,0.0,10.0,False,False,99,55,58,40,24,False,0,False,5.9,False,25,False,False,False,176.0,84.0,12,False,12,False,66.0,19.0,False,False,False,0,False,False,SYNTHETIC,100.0,Critical,95.1
ORG-00880,medium,finance,1618,2014,172,73.0,44.9,35,72.7,True,True,5,40,True,64.4,100.0,26,True,True,87.3,True,True,64.9,73.3,True,True,26,14,2,10,24,True,8,True,85.7,True,378,True,True,True,30.0,19.0,12,True,1,True,9.0,12.0,False,False,True,1,True,False,SYNTHETIC,16.9,Low,17.6
ORG-00881,small,energy,14,18,1,35.6,52.2,2,54.2,True,True,3,119,True,57.5,53.8,46,True,False,66.0,True,True,29.2,57.8,False,False,54,26,34,27,12,True,24,True,56.5,True,223,True,True,False,117.0,59.0,24,False,12,False,41.0,18.0,True,True,True,0,False,True,SYNTHETIC,48.0,Moderate,45.3
ORG-00882,medium,government,966,1408,130,40.5,46.6,31,16.7,False,False,3,135,False,39.0,20.6,53,False,False,55.3,True,False,54.4,52.4,False,False,87,30,44,20,12,False,8,True,42.4,False,104,False,False,False,153.0,60.0,12,False,3,False,41.0,19.0,True,True,False,1,False,False,SYNTHETIC,75.8,Critical,72.4
ORG-00883,small,retail,133,138,6,35.8,73.2,4,26.3,False,False,2,118,True,57.1,26.0,35,True,False,45.3,True,False,23.7,47.0,True,True,80,46,60,14,12,True,8,True,49.0,True,207,False,False,False,112.0,78.0,12,True,12,False,53.0,16.0,False,True,False,1,False,False,SYNTHETIC,60.4,High,61.6
ORG-00884,medium,finance,455,732,87,54.8,45.1,19,61.4,True,True,3,68,True,49.0,80.8,29,True,True,91.4,True,True,57.0,94.2,True,True,37,22,31,3,12,True,16,True,100.0,True,301,True,False,True,70.0,39.0,1,True,3,True,27.0,10.0,True,False,True,1,True,False,SYNTHETIC,19.7,Low,19.7
ORG-00885,small,retail,12,16,1,82.3,51.5,3,34.4,False,False,2,143,True,45.2,25.8,32,False,True,40.8,True,False,47.5,54.6,False,True,65,27,49,29,6,False,0,False,29.6,False,153,False,False,False,136.0,89.0,6,False,6,False,40.0,8.0,False,True,False,1,True,False,SYNTHETIC,77.4,Critical,74.7
ORG-00886,small,energy,49,59,2,38.7,22.7,2,46.8,False,False,2,127,False,27.6,30.2,44,False,False,48.8,False,True,36.2,38.5,True,False,91,56,66,27,6,False,0,False,36.9,False,157,False,False,True,116.0,97.0,24,False,3,True,41.0,14.0,False,True,True,3,True,False,SYNTHETIC,66.1,High,66.5
ORG-00887,medium,energy,1420,1706,122,92.6,85.0,26,66.4,True,True,4,104,False,55.5,36.5,24,True,True,70.3,True,True,69.4,70.7,True,True,27,14,19,6,6,True,16,True,82.4,True,324,True,False,True,82.0,39.0,1,True,6,False,13.0,13.0,True,True,True,1,True,False,SYNTHETIC,22.8,Low,23.9
ORG-00888,medium,education,410,503,35,58.9,37.9,9,11.1,False,False,2,180,False,26.6,40.9,51,True,False,33.6,True,False,38.5,43.8,True,False,74,60,74,32,0,True,16,True,21.7,True,107,False,False,False,149.0,101.0,6,False,3,False,53.0,17.0,False,False,False,0,False,True,SYNTHETIC,90.7,Critical,76.8
ORG-00889,large,government,8189,13239,2354,70.9,5.0,476,93.4,True,True,5,23,True,82.2,100.0,19,True,True,100.0,True,True,96.2,86.5,True,True,27,14,7,7,12,True,24,True,92.4,True,341,True,True,True,4.0,23.0,24,True,0,True,18.0,4.0,True,True,True,0,False,False,SYNTHETIC,6.1,Low,7.0
ORG-00890,medium,technology,587,962,62,41.5,50.5,16,74.6,False,False,3,126,False,34.7,42.6,44,True,True,67.8,True,True,43.6,73.5,True,False,50,26,49,16,6,True,16,True,35.9,True,267,True,False,True,92.0,57.0,6,True,6,True,41.0,14.0,True,False,True,1,False,False,SYNTHETIC,40.0,Moderate,39.9
ORG-00891,medium,manufacturing,580,731,59,38.6,25.3,18,35.9,True,True,3,120,False,49.1,22.2,40,False,False,44.8,True,True,58.0,71.8,True,True,40,42,57,12,6,False,8,True,35.7,False,218,True,True,False,101.0,82.0,1,False,6,True,41.0,12.0,True,True,False,2,False,False,SYNTHETIC,54.0,High,51.0
ORG-00892,small,manufacturing,154,166,5,10.0,5.7,3,26.8,False,False,2,155,False,26.8,26.5,56,False,False,33.8,True,False,19.2,39.9,True,True,64,50,73,27,12,False,0,False,14.5,False,102,True,False,False,92.0,95.0,6,False,3,False,55.0,19.0,True,False,True,1,True,False,SYNTHETIC,80.3,Critical,75.4
ORG-00893,medium,manufacturing,351,615,48,60.9,22.7,13,12.8,False,False,1,136,True,23.6,24.0,48,False,False,25.2,True,False,20.2,23.6,False,False,92,56,76,32,24,False,8,True,0.0,False,85,True,False,True,144.0,114.0,6,False,3,False,77.0,26.0,False,True,False,3,True,False,SYNTHETIC,93.5,Critical,81.8
ORG-00894,small,government,20,29,1,56.5,36.8,3,23.3,False,False,2,181,False,17.5,20.0,60,False,False,18.2,True,False,12.4,36.5,False,False,76,54,41,23,6,False,0,False,13.7,False,137,False,False,True,140.0,118.0,72,False,3,True,58.0,13.0,False,False,False,3,False,False,SYNTHETIC,79.3,Critical,78.4
ORG-00895,medium,technology,2297,2963,218,55.8,38.9,44,72.6,False,False,3,104,True,39.7,61.1,35,True,True,72.4,False,False,13.1,61.8,True,False,41,36,41,21,0,True,8,True,34.3,True,191,True,True,False,116.0,88.0,12,True,1,False,15.0,11.0,False,False,True,0,False,False,SYNTHETIC,46.2,Moderate,46.2
ORG-00896,large,government,6539,11995,1191,84.3,24.4,241,80.0,True,True,4,36,True,81.0,95.4,17,True,True,82.6,True,True,74.2,100.0,True,True,26,3,7,6,12,True,24,True,77.3,True,350,True,True,True,26.0,10.0,24,True,12,True,10.0,8.0,True,True,True,0,False,False,SYNTHETIC,11.6,Low,12.5
ORG-00897,small,energy,6,7,1,22.0,67.7,1,24.7,False,False,4,148,False,2.8,37.9,52,False,True,51.3,True,False,39.8,49.2,True,False,58,55,65,18,12,True,0,True,54.8,False,169,False,False,False,118.0,86.0,24,False,1,True,44.0,17.0,False,False,False,1,True,False,SYNTHETIC,67.9,High,66.9
ORG-00898,small,technology,66,94,2,55.8,52.1,4,30.8,False,False,1,136,False,41.1,20.0,57,True,False,32.5,True,False,13.4,35.2,False,False,48,50,57,28,12,False,8,True,24.7,False,101,False,False,False,145.0,100.0,6,False,6,False,56.0,16.0,False,False,False,3,True,True,SYNTHETIC,89.0,Critical,84.2
ORG-00899,medium,finance,774,1040,112,45.9,9.3,22,78.7,True,True,4,75,True,47.2,84.1,27,True,False,89.4,True,True,61.8,74.6,True,False,43,15,18,12,24,True,24,True,64.0,False,258,True,True,True,43.0,44.0,12,False,3,True,22.0,6.0,True,True,True,0,False,True,SYNTHETIC,23.6,Low,25.3
ORG-00900,small,government,49,70,3,74.2,3.6,1,45.6,False,True,4,155,True,15.7,35.7,54,True,True,36.0,True,True,47.5,58.0,True,True,49,33,49,18,6,False,8,True,37.3,False,224,True,False,False,107.0,72.0,12,False,3,False,39.0,18.0,True,False,False,0,False,True,SYNTHETIC,53.4,High,53.4
ORG-00901,medium,manufacturing,607,729,38,27.9,39.1,10,53.2,False,True,3,111,True,62.2,60.1,18,True,True,81.4,True,True,14.6,83.3,True,True,30,23,45,15,0,False,16,True,64.9,False,236,True,False,True,91.0,20.0,1,True,12,True,23.0,7.0,False,False,False,0,False,False,SYNTHETIC,39.6,Moderate,39.5
ORG-00902,small,healthcare,79,85,4,15.1,41.0,3,28.0,False,False,1,184,False,27.9,20.5,63,False,True,10.9,True,True,0.0,30.9,False,True,82,60,74,30,24,False,0,False,12.6,False,15,True,False,False,197.0,111.0,12,False,6,False,70.0,23.0,False,False,False,3,False,False,SYNTHETIC,91.7,Critical,84.5
ORG-00903,small,education,41,58,4,72.9,51.5,2,32.5,False,False,3,137,False,29.3,46.4,35,True,False,47.8,True,False,36.4,43.9,True,False,52,36,26,19,12,False,16,True,38.7,False,170,True,True,False,102.0,61.0,6,False,6,False,31.0,19.0,False,False,False,3,False,False,SYNTHETIC,64.8,High,66.3
ORG-00904,large,education,14811,26056,4169,95.0,16.9,837,37.7,False,False,2,141,True,27.2,30.0,57,False,False,39.9,True,True,54.8,43.9,False,False,65,42,80,31,0,True,24,True,55.4,False,158,True,False,True,121.0,56.0,6,False,3,False,39.0,15.0,False,False,False,2,True,False,SYNTHETIC,61.8,High,61.5
ORG-00905,medium,finance,1058,1459,148,40.6,55.0,33,81.5,True,True,3,115,True,48.8,58.9,37,False,True,45.7,True,True,49.3,78.2,True,True,46,45,34,13,0,True,0,True,76.8,True,244,False,False,False,75.0,67.0,6,True,6,False,34.0,14.0,True,True,False,2,False,False,SYNTHETIC,34.9,Moderate,33.2
ORG-00906,medium,energy,627,906,103,54.5,33.0,25,31.5,False,False,2,139,False,25.2,33.7,40,False,False,53.5,True,False,48.6,68.8,False,True,52,38,62,28,24,True,8,True,42.3,False,180,True,False,False,110.0,93.0,12,True,12,False,30.0,13.0,True,False,False,1,True,False,SYNTHETIC,65.1,High,66.1
ORG-00907,medium,manufacturing,3890,4988,464,53.5,21.9,97,53.1,True,True,3,139,True,75.3,39.7,24,True,False,55.4,True,True,53.4,61.3,False,True,34,46,24,21,0,True,24,True,55.6,True,167,False,False,False,124.0,71.0,72,True,0,True,42.0,13.0,True,False,False,4,False,False,SYNTHETIC,37.3,Moderate,38.6
ORG-00908,small,manufacturing,39,56,3,18.2,37.4,4,57.0,False,False,2,142,False,40.6,38.3,44,True,False,64.3,True,True,9.7,46.3,False,False,49,40,49,16,12,False,8,True,50.1,False,154,True,True,True,122.0,84.0,6,True,3,False,37.0,20.0,False,False,False,1,False,False,SYNTHETIC,57.0,High,56.7
ORG-00909,small,technology,68,98,4,54.9,0.0,3,31.4,False,False,1,179,True,17.1,20.0,48,False,False,28.5,True,True,17.9,46.0,False,False,76,48,53,35,12,False,0,False,24.6,False,86,True,True,False,165.0,89.0,12,False,3,False,50.0,27.0,False,False,False,3,True,False,SYNTHETIC,82.7,Critical,75.6
ORG-00910,small,education,12,17,1,61.0,20.9,3,55.7,False,False,4,135,True,48.1,56.2,41,False,True,61.3,True,True,39.5,47.0,False,True,35,27,65,17,12,False,0,False,51.5,False,246,False,False,False,117.0,59.0,6,True,1,True,50.0,13.0,False,True,True,4,True,False,SYNTHETIC,50.9,High,51.2
ORG-00911,medium,education,396,575,30,50.4,14.9,12,22.0,False,False,2,163,False,42.1,27.3,49,False,False,43.5,True,False,6.6,43.3,False,False,76,54,61,30,0,True,16,True,22.1,True,103,False,False,False,137.0,96.0,1,True,1,False,49.0,12.0,False,False,False,2,True,False,SYNTHETIC,70.7,High,71.6
ORG-00912,medium,education,469,721,60,50.2,41.8,14,52.6,False,False,3,120,True,74.2,56.6,36,True,False,56.5,True,False,64.2,65.4,True,False,44,37,64,19,12,False,8,True,63.5,False,239,False,False,False,68.0,91.0,12,True,6,False,48.0,12.0,True,True,False,1,False,False,SYNTHETIC,54.5,High,55.2
ORG-00913,small,healthcare,23,31,1,46.0,1.8,8,0.0,False,False,2,183,False,19.7,20.0,55,False,False,12.4,True,False,0.0,10.0,False,False,100,67,71,36,0,False,8,True,0.0,False,80,False,False,True,149.0,108.0,6,False,12,False,63.0,32.0,False,False,False,4,False,False,SYNTHETIC,99.4,Critical,89.9
ORG-00914,large,technology,10561,18303,3639,63.4,43.4,730,77.6,True,True,5,76,True,95.4,63.3,28,True,False,95.4,True,True,78.0,82.2,True,True,49,27,26,1,12,True,24,True,98.7,True,319,True,True,True,22.0,47.0,6,True,6,True,20.0,6.0,True,True,True,0,False,False,SYNTHETIC,14.5,Low,14.1
ORG-00915,small,manufacturing,8,11,1,80.2,40.1,1,29.7,False,False,2,148,True,6.4,25.4,41,False,True,43.3,True,False,36.3,53.9,False,True,67,38,56,22,12,False,0,False,20.0,False,184,True,False,False,156.0,75.0,12,True,12,True,43.0,18.0,False,False,True,3,False,False,SYNTHETIC,68.6,High,66.2
ORG-00916,small,manufacturing,29,36,2,27.9,34.5,3,0.0,False,False,1,143,True,21.4,20.0,50,False,True,29.0,True,False,35.5,35.7,True,False,66,49,45,18,6,False,8,True,21.2,False,115,False,False,False,164.0,81.0,12,False,3,True,73.0,22.0,False,False,False,2,False,False,SYNTHETIC,76.6,Critical,73.1
ORG-00917,medium,technology,253,422,33,32.0,16.0,10,37.9,False,False,3,103,False,49.6,27.5,47,True,True,60.0,True,True,17.9,50.4,True,True,50,33,52,25,0,False,8,True,31.5,False,218,False,False,True,116.0,55.0,6,False,6,False,42.0,9.0,True,False,False,1,False,False,SYNTHETIC,62.7,High,63.5
ORG-00918,medium,manufacturing,779,1205,78,69.8,58.5,21,14.5,False,False,1,174,False,0.0,25.4,74,False,True,31.9,True,False,28.2,27.5,True,False,82,54,70,25,12,False,0,False,9.4,False,73,False,False,False,134.0,97.0,1,True,6,False,62.0,20.0,False,False,False,0,False,False,SYNTHETIC,81.0,Critical,78.4
ORG-00919,medium,energy,572,686,52,56.1,0.0,12,92.6,True,True,4,44,True,81.0,78.0,12,True,True,89.9,True,True,73.4,86.9,True,True,13,24,10,3,6,True,24,True,92.8,True,349,True,True,False,4.0,1.0,12,True,0,True,18.0,8.0,True,True,False,0,False,False,SYNTHETIC,10.3,Low,9.9
ORG-00920,small,education,71,74,2,60.5,32.1,1,44.2,False,False,3,141,False,42.3,40.2,36,False,True,38.1,True,True,40.1,47.6,False,False,64,48,58,31,12,False,8,True,15.0,False,196,False,False,False,142.0,92.0,12,False,6,True,52.0,19.0,False,False,False,0,False,True,SYNTHETIC,78.6,Critical,73.6
ORG-00921,large,manufacturing,9049,17451,1747,73.0,39.0,349,86.8,True,True,3,77,True,69.6,68.1,25,False,True,78.6,True,True,84.4,88.0,True,True,36,28,37,15,12,True,24,True,64.6,True,309,True,True,True,63.0,23.0,6,False,3,True,27.0,7.0,False,True,True,1,False,True,SYNTHETIC,28.0,Moderate,28.1
ORG-00922,medium,healthcare,374,485,25,51.7,45.2,6,50.2,False,False,3,105,True,37.0,65.9,38,False,False,69.1,True,True,51.3,61.5,True,False,55,46,26,18,12,True,0,True,68.0,True,197,False,False,False,88.0,53.0,6,True,6,True,32.0,10.0,True,True,False,0,False,False,SYNTHETIC,41.4,Moderate,41.8
ORG-00923,small,healthcare,29,37,1,66.2,52.8,3,44.4,False,True,3,130,True,61.6,33.4,28,True,False,42.1,True,True,37.7,54.0,False,True,43,44,25,13,6,False,16,True,62.2,False,187,True,True,False,110.0,23.0,6,False,6,True,37.0,19.0,False,False,False,1,False,True,SYNTHETIC,50.3,High,51.3
ORG-00924,large,finance,11506,23406,2673,65.2,51.5,535,56.4,False,False,3,90,True,48.9,36.5,41,True,True,59.1,True,False,44.8,58.6,True,True,52,42,54,26,12,True,24,True,49.0,True,235,True,True,True,110.0,60.0,6,False,3,True,37.0,4.0,True,True,False,0,False,False,SYNTHETIC,47.7,Moderate,48.1
ORG-00925,large,government,21665,48560,8918,78.3,5.0,1784,64.4,False,False,4,99,True,41.6,61.2,22,True,False,65.9,True,True,59.5,71.8,True,False,30,32,9,13,12,False,16,True,81.2,False,277,True,True,False,52.0,40.0,12,True,3,True,32.0,7.0,False,False,False,0,False,False,SYNTHETIC,37.1,Moderate,36.7
ORG-00926,large,government,19883,31309,5365,86.6,20.1,1076,93.5,True,True,5,85,True,71.3,83.7,21,True,True,88.1,True,True,75.6,94.3,True,True,15,18,21,5,0,True,24,True,76.8,True,347,True,True,True,35.0,9.0,12,True,6,True,17.0,0.5,True,True,True,1,False,False,SYNTHETIC,11.4,Low,9.9
ORG-00927,small,education,11,11,1,74.6,81.8,4,2.6,False,False,1,190,True,18.8,20.0,51,False,False,10.0,True,False,6.3,29.4,False,False,85,63,78,36,0,False,8,True,14.1,False,80,False,False,True,198.0,107.0,6,False,6,False,62.0,19.0,False,False,False,3,True,False,SYNTHETIC,100.0,Critical,85.6
ORG-00928,medium,finance,1953,2453,191,58.1,39.3,43,63.1,True,True,5,107,True,52.7,58.4,20,True,True,64.5,True,True,43.1,65.6,False,True,49,30,30,12,0,True,0,True,62.9,True,289,True,True,True,76.0,35.0,12,True,6,False,17.0,5.0,True,True,True,1,True,False,SYNTHETIC,27.8,Moderate,27.5
ORG-00929,small,healthcare,10,11,1,71.9,26.9,1,21.2,False,False,2,149,True,55.1,37.4,37,False,False,31.1,True,True,36.1,54.4,False,True,56,30,48,25,12,False,0,False,38.3,False,170,False,False,False,117.0,73.0,6,False,6,True,33.0,18.0,False,True,True,2,False,False,SYNTHETIC,68.1,High,68.6
ORG-00930,small,government,11,14,1,71.4,34.5,6,15.6,False,False,2,184,True,10.0,20.0,65,False,False,26.2,True,False,23.4,35.3,False,False,73,62,69,27,12,False,16,True,7.6,False,102,False,False,True,159.0,108.0,6,False,6,False,62.0,17.0,True,False,False,2,True,False,SYNTHETIC,87.2,Critical,78.3
ORG-00931,small,government,93,126,9,27.5,49.0,7,0.0,False,False,1,199,False,31.8,20.0,67,False,False,24.5,True,False,7.1,20.7,False,False,94,47,63,29,12,False,0,False,21.2,False,32,False,False,False,187.0,100.0,12,False,6,False,61.0,19.0,True,False,False,4,False,False,SYNTHETIC,100.0,Critical,88.9
ORG-00932,medium,government,252,399,22,25.4,37.3,7,80.0,False,False,3,128,True,85.9,62.3,29,True,True,79.6,True,True,52.3,78.3,True,True,28,24,30,13,24,False,24,True,100.0,False,305,True,False,False,75.0,53.0,72,True,3,True,23.0,9.0,True,False,False,0,False,False,SYNTHETIC,34.5,Moderate,34.6
ORG-00933,medium,technology,1573,2408,204,81.0,14.5,44,63.3,True,True,4,114,True,77.4,52.5,28,False,False,63.1,True,True,81.3,86.7,False,True,50,24,48,20,12,True,8,True,68.7,True,283,True,True,False,54.0,26.0,72,True,3,True,32.0,2.0,True,True,False,0,False,False,SYNTHETIC,31.4,Moderate,32.1
ORG-00934,large,manufacturing,9409,22178,2667,76.5,30.1,536,39.2,False,False,2,131,True,26.8,20.0,47,False,False,50.9,True,False,30.4,34.4,True,False,76,47,77,23,24,False,24,True,29.4,False,168,False,False,True,128.0,78.0,12,True,3,False,56.0,16.0,False,False,False,0,False,False,SYNTHETIC,64.6,High,65.6
ORG-00935,medium,energy,1192,1658,136,32.6,15.6,31,66.4,True,True,3,87,True,61.2,65.5,19,False,True,77.1,True,True,52.0,86.0,True,True,25,22,15,9,0,True,0,True,69.7,True,272,True,False,True,102.0,27.0,24,True,12,True,25.0,7.0,False,False,False,1,False,False,SYNTHETIC,27.8,Moderate,28.7
ORG-00936,small,energy,207,207,5,57.2,37.2,4,36.9,False,False,3,118,False,44.8,48.7,50,False,False,42.8,True,False,22.6,54.4,False,True,72,45,43,22,0,False,0,False,53.7,False,143,False,False,True,126.0,83.0,168,True,1,True,51.0,16.0,True,True,False,1,True,False,SYNTHETIC,63.8,High,60.0
ORG-00937,small,energy,33,46,1,62.1,15.4,4,54.3,True,True,4,126,True,38.5,50.7,27,True,True,51.4,True,False,20.3,50.0,True,False,54,50,39,17,12,False,0,False,38.7,False,276,True,False,False,101.0,83.0,6,False,12,True,50.0,17.0,False,False,False,0,False,False,SYNTHETIC,57.1,High,56.9
ORG-00938,medium,technology,661,1093,100,49.1,94.7,23,77.9,False,False,3,93,True,58.7,64.5,36,False,True,64.4,True,False,42.3,50.3,False,False,40,33,50,26,6,True,0,True,46.4,True,318,True,True,True,65.0,49.0,12,True,6,True,38.0,8.0,False,True,True,2,False,False,SYNTHETIC,43.3,Moderate,44.7
ORG-00939,medium,finance,922,1445,124,59.7,14.7,27,42.2,True,True,3,75,False,89.7,83.1,32,True,False,64.8,False,True,37.9,83.4,True,False,56,15,25,14,12,False,8,True,55.4,False,303,True,True,True,61.0,32.0,6,True,6,False,30.0,12.0,True,False,False,2,False,False,SYNTHETIC,42.4,Moderate,39.4
ORG-00940,small,finance,36,51,1,51.1,0.0,3,34.3,False,False,2,153,False,0.0,46.5,47,False,False,25.3,True,True,23.3,31.8,False,False,78,45,64,23,24,False,0,False,26.7,False,169,False,False,False,188.0,71.0,12,True,6,False,66.0,21.0,True,True,True,1,True,False,SYNTHETIC,71.5,High,68.7
ORG-00941,medium,retail,464,818,85,27.4,47.6,21,77.7,True,True,4,103,True,90.2,50.9,15,False,True,77.6,True,True,44.7,79.8,False,False,34,30,23,9,12,True,0,True,89.1,False,333,True,True,True,56.0,38.0,12,True,0,True,24.0,2.0,True,True,False,2,False,False,SYNTHETIC,21.8,Low,22.0
ORG-00942,small,healthcare,23,29,1,86.9,41.4,1,39.1,False,True,3,110,True,74.1,56.4,26,True,False,49.7,True,False,70.2,50.7,True,False,70,41,45,19,12,True,0,True,35.4,True,240,True,False,True,85.0,53.0,6,True,6,True,53.0,11.0,False,True,False,2,False,False,SYNTHETIC,47.7,Moderate,48.0
ORG-00943,small,manufacturing,12,13,1,76.7,7.9,9,6.4,False,False,1,153,False,15.2,20.0,56,False,False,10.0,True,False,14.3,34.9,False,False,92,50,52,31,0,True,16,True,10.0,True,102,False,False,False,161.0,105.0,6,False,1,True,70.0,21.0,True,False,False,0,False,True,SYNTHETIC,91.6,Critical,78.1
ORG-00944,medium,manufacturing,627,1098,95,55.1,29.1,21,30.7,False,False,3,131,False,82.3,26.1,39,False,False,39.1,True,True,62.6,59.7,False,True,60,49,56,26,0,False,24,True,41.7,False,226,True,True,True,112.0,55.0,12,True,6,False,43.0,16.0,False,True,True,3,False,False,SYNTHETIC,53.7,High,56.0
ORG-00945,medium,healthcare,369,592,53,52.7,8.6,13,30.5,False,False,3,171,True,37.7,40.4,48,False,False,44.2,True,False,30.9,61.9,True,True,49,55,42,23,6,False,0,False,34.8,False,139,True,True,True,110.0,108.0,6,False,6,True,51.0,14.0,False,False,False,1,False,False,SYNTHETIC,66.1,High,64.5
ORG-00946,medium,technology,946,1278,119,48.0,7.3,25,18.2,False,False,2,168,False,44.3,20.0,49,False,False,22.7,True,False,16.3,26.7,False,False,85,45,78,34,6,True,8,True,11.5,True,100,True,False,False,162.0,100.0,6,False,6,False,45.0,25.0,False,True,False,2,False,False,SYNTHETIC,93.9,Critical,78.3
ORG-00947,medium,technology,1780,2421,126,38.3,15.1,27,87.6,True,True,5,47,True,95.9,87.2,22,True,True,91.9,True,True,59.0,91.0,True,True,21,8,2,2,6,True,8,True,72.9,True,323,True,True,True,44.0,16.0,24,True,3,True,17.0,0.5,True,True,True,0,False,False,SYNTHETIC,5.9,Low,9.1
ORG-00948,small,government,40,42,1,69.6,45.2,1,41.2,False,False,2,147,True,36.6,31.9,43,False,False,51.8,True,False,2.3,50.1,True,True,59,49,28,24,24,False,0,False,39.1,False,191,False,False,False,130.0,76.0,72,False,6,False,46.0,12.0,False,False,False,3,True,False,SYNTHETIC,73.8,High,72.7
ORG-00949,large,healthcare,8718,18537,3598,65.7,41.8,721,69.4,True,True,4,67,True,69.1,81.3,23,True,True,100.0,False,True,49.0,86.7,True,False,7,14,38,12,24,True,24,True,79.9,True,318,True,True,True,53.0,23.0,24,False,12,True,14.0,12.0,True,True,True,0,False,False,SYNTHETIC,26.4,Moderate,26.1
ORG-00950,medium,manufacturing,211,283,18,25.5,19.5,8,44.7,True,True,3,121,True,19.5,40.0,46,True,False,58.3,True,False,24.0,66.3,False,True,63,37,55,15,6,True,16,True,43.5,True,148,False,False,True,122.0,76.0,1,True,3,True,41.0,17.0,False,False,True,0,False,False,SYNTHETIC,45.8,Moderate,47.0
ORG-00951,small,government,136,171,8,90.9,0.0,3,1.4,False,False,1,171,True,16.1,32.8,59,False,False,36.0,True,True,32.5,40.7,False,False,72,57,75,30,6,True,0,True,27.5,False,40,False,False,False,158.0,80.0,24,True,0,True,65.0,12.0,True,False,False,3,False,False,SYNTHETIC,71.7,High,65.3
ORG-00952,small,healthcare,24,28,1,81.3,44.6,2,3.9,False,False,1,195,False,35.7,20.0,56,False,True,12.1,True,False,27.2,36.6,False,False,100,63,74,31,12,False,0,False,12.8,False,110,True,False,False,188.0,113.0,6,False,0,False,58.0,22.0,False,False,False,5,False,False,SYNTHETIC,99.3,Critical,86.5
ORG-00953,small,government,42,57,3,88.5,65.1,2,40.9,True,True,3,162,False,44.9,62.5,32,True,True,62.7,True,False,69.5,64.0,True,False,63,28,33,16,24,False,8,True,56.7,False,246,False,False,True,113.0,82.0,24,True,6,False,44.0,14.0,True,True,True,1,False,False,SYNTHETIC,46.3,Moderate,47.3
ORG-00954,medium,energy,767,951,97,63.9,25.6,21,80.1,True,True,4,59,False,59.4,76.3,20,True,True,74.5,True,True,72.8,88.9,True,True,21,21,20,20,24,True,16,True,69.7,True,344,True,True,True,39.0,8.0,12,False,1,True,28.0,2.0,True,True,True,0,False,True,SYNTHETIC,28.8,Moderate,28.3
ORG-00955,small,finance,15,17,1,84.6,43.2,6,47.5,False,False,3,100,False,55.5,54.3,47,False,False,49.1,True,False,42.8,36.7,True,True,52,35,42,24,0,False,0,False,45.6,False,202,False,False,False,113.0,75.0,24,False,3,False,50.0,11.0,True,True,False,1,False,False,SYNTHETIC,68.8,High,66.6
ORG-00956,large,healthcare,14033,29858,5492,94.3,37.0,1100,7.9,False,False,3,180,False,0.0,27.9,47,False,False,33.0,True,True,19.4,31.8,False,False,66,50,69,34,6,True,16,True,25.0,False,111,False,False,False,157.0,81.0,12,False,12,True,45.0,20.0,False,False,False,0,False,True,SYNTHETIC,92.0,Critical,75.1
ORG-00957,small,energy,16,19,1,42.5,18.5,4,47.1,False,False,3,113,True,63.3,71.8,36,True,True,32.9,True,False,44.6,47.0,True,True,49,33,27,11,0,True,0,True,34.8,False,259,False,False,False,98.0,50.0,6,True,12,False,33.0,14.0,True,False,False,1,True,False,SYNTHETIC,50.3,High,50.7
ORG-00958,medium,technology,193,340,23,77.0,36.9,7,54.6,True,True,3,93,False,37.6,43.0,33,True,True,56.7,True,True,54.7,61.1,True,False,48,44,60,15,0,False,16,True,42.1,False,244,True,True,False,74.0,46.0,12,True,6,False,22.0,15.0,False,True,True,3,False,False,SYNTHETIC,40.6,Moderate,42.6
ORG-00959,medium,government,339,606,35,45.3,11.5,8,57.2,True,True,3,122,False,39.5,51.5,35,True,True,69.6,True,True,47.7,46.0,True,True,42,38,26,22,0,True,8,True,34.8,False,183,False,False,False,32.0,81.0,12,True,12,False,29.0,12.0,True,True,False,4,True,False,SYNTHETIC,40.3,Moderate,40.8
ORG-00960,small,education,33,36,2,91.3,62.6,1,31.6,False,False,2,184,False,42.1,27.0,42,True,False,17.7,True,False,17.5,20.9,False,False,69,69,78,19,6,False,0,False,0.0,False,84,False,False,False,163.0,89.0,1,False,12,False,43.0,26.0,False,True,False,3,False,True,SYNTHETIC,93.3,Critical,84.7
ORG-00961,small,healthcare,94,116,6,62.2,8.8,7,54.4,False,True,3,122,False,51.5,60.4,42,True,True,59.5,True,True,58.7,71.7,True,True,48,36,17,20,24,True,0,True,50.8,True,238,True,True,False,103.0,67.0,12,True,3,False,40.0,19.0,False,False,True,0,False,False,SYNTHETIC,42.5,Moderate,43.8
ORG-00962,small,finance,20,21,1,67.7,40.7,5,16.1,False,False,2,167,True,56.5,40.1,53,False,False,34.1,True,True,19.9,41.5,False,True,73,39,58,23,12,True,16,True,44.8,True,159,False,False,False,156.0,54.0,6,False,6,False,49.0,19.0,False,False,False,2,False,False,SYNTHETIC,73.4,High,70.3
ORG-00963,medium,technology,161,241,25,35.4,13.7,10,15.6,False,False,1,153,False,31.8,33.9,52,True,False,10.0,True,False,31.1,13.3,False,False,87,57,70,48,12,False,16,True,2.5,False,14,True,False,False,183.0,109.0,12,False,6,False,65.0,22.0,False,False,False,3,False,False,SYNTHETIC,98.0,Critical,87.4
ORG-00964,small,education,19,25,1,26.1,64.8,1,14.0,False,False,1,228,False,0.0,20.0,67,False,False,24.4,False,False,0.0,18.6,False,False,94,68,87,45,24,False,16,True,2.3,False,84,False,False,False,194.0,89.0,1,False,6,False,74.0,24.0,False,False,False,3,False,True,SYNTHETIC,100.0,Critical,91.5
ORG-00965,medium,government,471,807,73,71.6,0.0,18,9.2,False,False,2,220,False,32.1,20.0,54,False,False,32.4,True,False,22.7,30.0,True,False,75,53,66,30,12,False,8,True,28.4,False,154,False,False,False,133.0,117.0,24,False,12,False,56.0,13.0,True,True,True,3,False,True,SYNTHETIC,90.1,Critical,79.0
ORG-00966,medium,manufacturing,496,764,74,54.5,23.9,17,12.5,False,False,2,227,False,29.1,20.0,61,False,False,15.4,True,False,11.5,21.0,False,False,93,51,70,36,0,False,8,True,26.1,False,88,False,False,False,176.0,107.0,24,True,3,False,59.0,17.0,False,False,False,1,False,False,SYNTHETIC,88.6,Critical,80.2
ORG-00967,large,energy,15565,30030,4859,74.8,19.2,976,73.2,True,True,4,27,True,90.4,81.3,20,True,True,81.0,True,True,75.9,91.3,True,True,13,10,16,13,12,True,16,True,86.8,False,333,True,True,False,57.0,16.0,6,True,3,False,21.0,0.5,True,True,False,1,True,False,SYNTHETIC,18.1,Low,19.8
ORG-00968,small,retail,12,14,1,43.9,32.2,5,78.3,True,True,3,104,True,63.7,62.6,18,True,False,60.8,True,True,42.3,68.2,False,True,41,27,11,8,6,False,8,True,55.7,False,285,True,True,True,87.0,46.0,24,False,12,True,25.0,9.0,False,True,True,1,True,True,SYNTHETIC,38.5,Moderate,38.3
ORG-00969,medium,retail,144,219,16,46.9,31.0,10,5.4,False,False,2,161,False,5.1,20.0,60,True,False,30.7,True,False,2.7,37.7,False,False,82,56,71,34,12,False,0,False,20.9,False,102,False,False,False,143.0,64.0,72,False,6,False,51.0,23.0,False,False,False,1,False,False,SYNTHETIC,100.0,Critical,87.8
ORG-00970,small,healthcare,40,43,2,75.5,60.2,4,37.4,False,False,2,206,False,4.7,20.0,57,False,False,47.3,True,False,9.8,46.5,False,True,70,62,57,25,24,False,0,False,41.6,False,95,False,False,False,152.0,62.0,6,True,3,False,36.0,14.0,False,False,False,1,False,False,SYNTHETIC,75.7,Critical,75.0
ORG-00971,medium,education,788,1388,161,68.4,20.6,37,80.8,True,True,4,81,False,53.9,76.8,16,True,True,88.0,True,True,73.6,84.5,True,True,21,19,12,8,24,True,8,True,72.7,True,323,True,False,False,30.0,41.0,6,True,6,True,3.0,0.5,True,False,True,1,False,False,SYNTHETIC,25.1,Moderate,24.7
ORG-00972,medium,government,271,361,32,38.4,36.7,13,50.6,False,False,4,121,True,38.7,43.9,33,True,True,52.2,True,True,28.6,62.0,False,False,51,26,40,20,0,False,0,False,48.2,False,198,True,False,False,91.0,80.0,24,False,6,False,27.0,15.0,False,True,False,1,False,False,SYNTHETIC,59.8,High,59.1
ORG-00973,small,finance,15,19,1,56.1,26.5,4,86.9,True,True,4,78,True,100.0,62.7,28,True,True,77.8,True,True,91.0,61.5,True,True,30,22,26,9,12,True,8,True,68.5,True,295,True,True,True,67.0,21.0,12,True,6,True,18.0,10.0,True,False,False,0,False,False,SYNTHETIC,19.5,Low,21.1
ORG-00974,small,finance,62,90,3,56.8,49.1,3,37.6,False,False,2,154,False,31.1,42.6,38,False,False,40.6,False,True,49.8,50.0,True,True,42,51,33,20,0,False,0,False,42.6,False,193,True,True,False,121.0,72.0,12,False,6,True,55.0,15.0,True,False,True,0,False,True,SYNTHETIC,57.2,High,59.2
ORG-00975,medium,retail,2383,3530,361,27.8,7.2,74,39.6,False,True,4,96,False,52.2,38.6,34,False,True,45.6,True,False,39.6,52.8,True,True,48,38,40,12,12,False,8,True,60.9,False,227,True,False,True,132.0,65.0,12,False,6,True,46.0,6.0,False,True,False,1,False,True,SYNTHETIC,55.9,High,54.9
ORG-00976,large,manufacturing,5573,8954,1574,62.4,39.2,318,90.4,True,True,4,51,True,73.4,84.4,18,False,True,84.1,True,True,79.9,62.0,True,True,28,30,2,12,12,True,24,True,56.7,True,298,True,True,False,56.0,1.0,6,True,1,True,35.0,3.0,False,True,True,1,False,False,SYNTHETIC,16.1,Low,17.7
ORG-00977,medium,healthcare,221,396,45,59.8,6.2,12,35.2,False,False,3,168,False,38.8,20.7,54,False,False,46.4,True,False,28.9,43.3,False,True,65,48,61,27,0,False,16,True,12.9,False,175,True,False,True,162.0,84.0,168,False,1,True,56.0,13.0,True,False,False,1,False,True,SYNTHETIC,72.3,High,70.9
ORG-00978,small,energy,104,131,9,33.0,39.5,3,41.7,False,False,2,187,False,43.4,39.3,55,False,True,66.6,True,True,33.0,50.6,True,True,54,48,40,21,12,True,8,True,53.4,True,161,False,False,False,124.0,93.0,6,False,12,True,48.0,26.0,True,False,False,2,False,False,SYNTHETIC,60.0,High,60.0
ORG-00979,medium,government,912,1553,123,45.2,38.1,26,66.8,True,True,3,79,True,54.4,46.9,40,True,True,58.3,True,True,70.3,67.3,True,True,19,25,32,20,12,True,16,True,51.7,True,213,True,False,True,59.0,67.0,12,True,12,True,21.0,11.0,True,True,True,0,False,False,SYNTHETIC,27.8,Moderate,27.8
ORG-00980,large,manufacturing,10274,15745,2222,64.3,34.1,446,47.2,True,True,3,125,False,33.1,52.1,29,True,True,54.2,True,True,57.6,49.2,True,True,64,52,63,18,12,True,24,True,39.6,False,251,True,True,False,83.0,62.0,6,True,6,False,40.0,21.0,False,True,False,3,False,False,SYNTHETIC,41.7,Moderate,42.7
ORG-00981,small,manufacturing,11,11,1,40.7,56.7,4,41.1,False,False,1,177,False,7.9,24.0,62,False,True,30.5,True,False,23.4,32.7,False,True,73,51,48,32,12,False,8,True,9.3,False,136,False,False,False,152.0,114.0,6,False,3,True,62.0,15.0,False,False,False,2,False,False,SYNTHETIC,88.0,Critical,79.9
ORG-00982,medium,technology,684,867,60,22.0,36.2,15,50.6,True,True,3,119,False,29.5,58.3,35,True,False,52.8,True,False,47.3,46.8,False,False,46,41,52,15,0,False,8,True,68.7,False,202,True,False,False,145.0,57.0,6,True,6,False,27.0,15.0,False,False,False,1,True,False,SYNTHETIC,55.0,High,54.7
ORG-00983,large,technology,3233,6556,618,66.2,58.6,129,51.8,True,True,3,125,False,71.8,25.0,45,False,True,42.9,True,True,24.6,61.2,True,False,32,35,60,18,12,False,8,True,51.1,False,223,True,True,True,117.0,68.0,6,True,1,False,45.0,13.0,False,False,True,1,True,False,SYNTHETIC,43.8,Moderate,46.3
ORG-00984,small,healthcare,19,24,1,28.3,21.0,2,53.8,False,False,3,105,False,2.0,46.5,36,True,False,42.5,True,False,54.4,58.3,True,True,56,30,61,16,0,True,0,True,65.7,True,219,True,False,False,97.0,64.0,12,True,3,False,42.0,9.0,False,True,False,3,False,False,SYNTHETIC,54.5,High,54.4
ORG-00985,medium,technology,608,993,72,42.9,72.1,19,24.3,False,False,2,176,False,29.4,44.9,64,False,True,34.6,True,True,25.0,39.3,False,False,55,38,55,18,6,True,8,True,30.1,False,167,False,False,True,157.0,53.0,12,True,0,True,58.0,18.0,False,False,True,5,False,False,SYNTHETIC,54.5,High,57.1
ORG-00986,medium,technology,708,1110,60,65.8,66.8,16,11.6,False,False,2,178,False,14.1,20.0,56,False,False,11.8,True,False,9.0,10.0,False,False,92,71,73,25,12,False,8,True,0.0,False,88,False,False,False,211.0,112.0,6,False,12,False,74.0,21.0,False,False,False,4,False,False,SYNTHETIC,100.0,Critical,91.6
ORG-00987,small,manufacturing,128,188,13,89.4,0.0,5,70.8,True,True,4,107,True,63.0,51.9,27,False,False,66.7,True,True,100.0,71.0,False,False,36,38,25,22,24,True,8,True,61.2,False,252,True,False,False,88.0,16.0,12,True,6,True,15.0,7.0,True,True,True,0,False,False,SYNTHETIC,33.0,Moderate,31.5
ORG-00988,small,retail,14,14,1,59.7,9.0,2,23.1,False,False,2,120,False,37.5,40.6,56,True,False,36.9,True,False,22.8,49.3,False,False,63,46,69,35,12,False,0,False,41.1,False,109,False,False,True,189.0,93.0,12,False,0,False,55.0,12.0,True,False,False,1,False,False,SYNTHETIC,79.5,Critical,78.8
ORG-00989,medium,manufacturing,1243,1828,136,70.1,78.9,32,58.9,False,False,4,137,False,46.3,53.7,43,True,True,58.5,True,True,61.0,65.8,True,False,60,37,43,16,0,True,8,True,51.0,True,178,False,False,False,94.0,59.0,6,True,3,True,30.0,7.0,False,True,False,1,False,False,SYNTHETIC,46.3,Moderate,45.6
ORG-00990,small,retail,12,13,1,89.8,22.0,4,8.6,False,False,3,177,False,17.2,20.6,59,True,False,21.5,True,False,11.3,32.2,False,False,94,65,60,33,0,True,8,True,3.0,True,71,False,False,False,174.0,96.0,12,False,3,False,76.0,18.0,False,False,False,6,False,False,SYNTHETIC,95.7,Critical,84.3
ORG-00991,medium,government,534,840,75,68.4,71.3,18,20.6,False,False,2,191,False,0.0,20.0,57,False,False,31.6,True,True,26.1,32.9,False,False,88,43,60,33,12,True,8,True,13.0,True,85,False,False,False,191.0,129.0,12,False,12,False,68.0,27.0,False,False,False,2,False,False,SYNTHETIC,90.0,Critical,82.4
ORG-00992,small,manufacturing,38,49,3,91.7,0.0,3,23.0,False,False,2,160,False,17.9,40.4,65,False,False,37.9,True,True,40.9,48.9,False,False,87,51,35,24,6,False,8,True,20.4,False,133,False,False,True,149.0,86.0,1,False,12,False,54.0,13.0,False,False,False,6,False,False,SYNTHETIC,73.6,High,75.7
ORG-00993,medium,education,1645,2604,228,77.8,54.9,47,20.7,True,True,3,109,True,43.7,55.2,23,True,True,74.1,True,True,68.1,63.7,True,True,48,30,48,15,0,True,8,True,53.3,True,307,True,True,False,54.0,36.0,24,True,6,False,40.0,11.0,True,True,True,0,False,False,SYNTHETIC,33.5,Moderate,33.9
ORG-00994,medium,healthcare,4407,7348,802,41.8,49.9,161,96.1,True,True,4,52,True,73.0,95.1,21,True,True,79.4,True,True,80.3,97.6,True,True,26,27,21,6,6,True,0,True,86.0,True,352,True,True,True,86.0,37.0,1,True,1,True,20.0,4.0,True,True,True,1,False,False,SYNTHETIC,14.6,Low,13.7
ORG-00995,large,technology,14606,24919,4886,92.8,65.7,984,69.3,True,True,4,73,True,57.7,69.7,12,True,True,62.9,True,True,78.2,66.8,True,True,52,17,20,17,12,True,8,True,76.0,False,286,True,True,True,45.0,19.0,1,True,3,False,24.0,6.0,False,True,True,1,False,False,SYNTHETIC,27.2,Moderate,25.1
ORG-00996,small,retail,18,23,1,64.1,41.7,2,36.6,False,False,2,174,False,21.2,32.8,64,True,False,26.7,True,False,0.0,35.8,False,False,61,50,64,39,0,False,0,False,26.9,False,64,False,False,False,142.0,98.0,24,False,3,True,60.0,20.0,False,True,False,1,False,False,SYNTHETIC,84.4,Critical,80.1
ORG-00997,medium,energy,535,875,43,50.7,27.1,10,48.7,False,False,2,124,False,50.6,39.0,37,False,False,47.7,True,False,14.7,39.0,False,True,63,36,39,26,12,True,16,True,3.8,True,197,False,False,False,97.0,100.0,6,False,6,False,46.0,24.0,False,True,True,2,True,False,SYNTHETIC,71.8,High,70.7
ORG-00998,medium,government,1197,1827,155,93.4,37.9,34,92.6,False,False,4,90,True,83.9,65.8,20,True,True,73.8,True,True,91.4,71.7,True,True,50,22,11,15,12,True,16,True,71.1,False,269,True,False,False,61.0,34.0,24,True,3,True,29.0,4.0,True,True,True,0,False,False,SYNTHETIC,29.3,Moderate,25.7
ORG-00999,small,energy,45,53,2,63.5,0.0,3,86.3,False,False,2,106,True,71.0,39.9,36,False,True,68.9,True,True,52.3,42.9,True,True,54,39,35,13,0,False,0,False,53.2,False,207,True,True,False,127.0,43.0,168,True,3,False,32.0,17.0,False,False,True,0,False,False,SYNTHETIC,41.8,Moderate,44.1
ORG-01000,medium,education,396,635,35,47.1,38.5,8,36.3,False,False,2,164,True,17.9,36.5,39,False,False,27.4,True,False,43.9,33.5,False,False,65,75,60,31,0,False,16,True,8.4,False,120,False,False,False,160.0,97.0,12,False,6,False,55.0,20.0,False,False,False,1,True,False,SYNTHETIC,87.2,Critical,80.0
ORG-01001,medium,education,1115,1843,205,53.9,67.2,43,23.9,False,False,2,137,True,19.6,20.0,51,False,True,21.3,True,False,20.7,40.1,True,True,70,55,65,40,0,False,24,True,17.8,False,120,True,False,True,164.0,80.0,6,True,6,False,50.0,20.0,False,False,False,0,False,False,SYNTHETIC,66.4,High,65.4
ORG-01002,large,government,10641,18112,1467,60.6,26.2,294,20.8,False,False,2,156,False,5.7,24.0,70,False,False,40.4,True,False,23.8,39.0,False,True,71,49,55,36,6,True,24,True,33.0,True,122,False,False,True,156.0,91.0,24,True,3,True,48.0,22.0,False,False,False,1,True,False,SYNTHETIC,63.7,High,65.4
ORG-01003,medium,government,1101,1427,151,43.5,53.7,34,20.5,False,False,2,137,False,29.8,20.0,49,False,False,33.9,True,False,17.6,26.2,True,False,89,56,59,38,6,False,0,False,3.1,False,91,False,False,False,186.0,102.0,6,False,12,False,54.0,20.0,False,False,False,3,False,False,SYNTHETIC,92.2,Critical,86.9
ORG-01004,large,technology,7034,10915,1224,70.0,8.5,250,97.9,True,True,4,45,True,100.0,92.6,14,True,True,95.6,True,True,99.1,85.6,True,True,14,3,10,1,6,True,24,True,86.5,False,389,True,True,True,4.0,7.0,12,True,6,True,7.0,0.5,True,True,True,0,False,False,SYNTHETIC,4.1,Low,5.5
ORG-01005,medium,manufacturing,1250,2056,231,62.5,0.0,46,11.9,False,False,1,169,False,9.2,20.2,72,False,False,10.0,True,False,0.0,14.3,False,False,79,62,75,29,0,False,16,True,21.8,False,99,False,False,False,196.0,111.0,1,False,6,True,70.0,22.0,False,False,False,1,False,False,SYNTHETIC,99.8,Critical,85.0
ORG-01006,medium,manufacturing,3046,4244,255,44.0,23.2,53,12.4,False,False,1,180,False,15.7,20.0,62,False,True,23.3,True,False,7.3,11.2,False,False,77,56,70,33,12,False,24,True,0.0,False,92,False,False,False,174.0,112.0,12,False,3,False,54.0,21.0,False,True,False,2,False,False,SYNTHETIC,89.9,Critical,83.0
ORG-01007,medium,retail,1251,2233,135,21.3,28.8,30,20.9,False,False,2,150,True,33.1,32.4,49,True,False,37.9,True,True,23.2,37.8,False,False,60,44,56,22,0,True,8,True,20.4,True,116,False,False,False,103.0,105.0,72,True,0,True,49.0,18.0,True,True,True,2,False,False,SYNTHETIC,56.9,High,54.8
ORG-01008,small,healthcare,40,47,1,36.9,0.0,5,42.0,False,False,3,149,False,46.9,65.6,37,False,True,51.7,True,False,38.8,36.0,False,True,43,49,54,24,6,False,8,True,55.0,False,194,False,False,False,144.0,65.0,24,True,3,False,40.0,22.0,False,False,True,0,False,False,SYNTHETIC,64.7,High,63.1
ORG-01009,small,energy,100,104,2,55.7,0.0,2,59.9,True,True,4,90,True,43.2,34.3,37,True,False,66.8,True,False,54.0,58.0,True,True,57,24,38,28,12,True,8,True,58.1,True,255,True,False,False,82.0,73.0,12,False,1,True,22.0,11.0,True,False,False,2,False,False,SYNTHETIC,46.4,Moderate,47.2
ORG-01010,small,retail,64,79,4,71.9,2.7,1,29.0,False,False,2,154,False,10.9,36.7,54,False,False,46.7,True,False,52.9,11.3,False,False,62,42,80,25,24,False,0,False,5.5,False,105,False,False,True,131.0,84.0,6,False,6,True,52.0,14.0,False,False,True,4,False,False,SYNTHETIC,89.4,Critical,80.1
ORG-01011,medium,energy,1385,1703,191,66.9,39.1,42,76.9,True,True,4,101,True,27.0,44.3,41,False,False,55.3,True,True,32.1,72.3,True,True,31,29,41,17,6,True,16,True,39.9,True,199,True,False,True,87.0,44.0,12,False,1,False,45.0,12.0,True,True,False,1,False,True,SYNTHETIC,39.6,Moderate,37.6
ORG-01012,small,healthcare,85,114,2,58.3,30.2,4,22.5,False,False,2,171,False,0.0,27.2,58,True,False,21.8,True,False,0.0,18.3,False,False,87,47,86,27,12,False,0,False,29.9,False,100,False,False,False,160.0,99.0,12,True,3,True,55.0,20.0,False,False,True,6,False,False,SYNTHETIC,75.3,Critical,75.7
ORG-01013,medium,healthcare,412,569,35,52.5,36.0,9,75.6,True,True,5,101,True,60.7,74.0,17,True,True,69.9,True,True,77.0,85.4,True,True,28,14,10,11,0,True,16,True,56.3,True,277,True,False,True,37.0,42.0,1,True,6,True,11.0,4.0,True,True,True,1,False,False,SYNTHETIC,13.0,Low,16.8
ORG-01014,small,retail,14,15,1,66.1,41.7,5,33.4,False,False,1,157,False,61.1,26.8,37,True,True,29.0,True,False,6.2,35.7,False,False,83,46,27,36,0,False,0,False,33.6,False,159,False,False,False,140.0,59.0,6,True,3,True,61.0,18.0,True,False,False,0,False,False,SYNTHETIC,67.5,High,67.3
ORG-01015,medium,energy,1610,2458,188,56.7,27.8,39,59.8,True,True,4,123,True,44.8,53.0,29,True,True,74.1,True,True,31.3,71.3,True,False,22,40,23,19,0,True,24,True,29.4,True,183,True,True,False,129.0,56.0,12,True,6,True,19.0,11.0,False,True,True,2,False,False,SYNTHETIC,27.9,Moderate,28.4
ORG-01016,small,healthcare,10,12,1,59.1,32.2,4,70.3,True,True,4,58,False,85.5,66.3,29,True,False,92.5,True,True,54.4,69.8,True,True,9,35,7,14,12,False,0,False,74.7,False,311,True,False,False,52.0,55.0,72,True,6,True,41.0,7.0,True,False,False,0,False,False,SYNTHETIC,32.1,Moderate,34.4
ORG-01017,small,healthcare,9,10,1,53.3,10.0,6,67.9,True,True,3,75,False,71.1,79.3,22,True,True,48.8,True,True,74.4,67.8,True,True,61,23,37,19,12,True,0,True,66.6,True,304,True,True,False,88.0,33.0,12,False,3,True,30.0,6.0,True,False,False,2,True,False,SYNTHETIC,39.1,Moderate,41.2
ORG-01018,small,government,187,215,12,71.3,34.3,3,30.7,False,False,2,141,False,42.8,43.5,41,True,True,60.6,True,True,56.9,52.4,True,True,67,42,36,14,6,True,8,True,54.2,True,207,False,False,False,88.0,71.0,12,True,0,False,41.0,15.0,True,False,False,1,True,False,SYNTHETIC,48.5,Moderate,49.9
ORG-01019,medium,manufacturing,78,93,7,92.5,20.8,3,94.1,True,True,5,58,True,77.9,73.0,15,True,True,88.2,True,True,91.0,100.0,True,True,14,22,26,6,12,True,8,True,92.7,False,359,True,True,True,28.0,28.0,12,True,3,True,6.0,13.0,True,False,True,1,False,False,SYNTHETIC,12.9,Low,13.4
ORG-01020,medium,retail,2322,3327,254,40.1,34.8,56,60.1,False,False,1,166,False,11.4,46.4,43,False,False,47.8,True,False,22.6,20.9,True,True,68,42,82,26,12,False,0,False,37.1,False,150,False,False,False,116.0,89.0,72,True,3,True,68.0,18.0,True,False,False,6,True,False,SYNTHETIC,67.5,High,66.4
ORG-01021,small,technology,86,111,2,76.6,64.2,4,43.6,False,False,4,113,True,84.7,62.2,32,True,False,65.9,True,False,43.5,64.2,False,False,38,38,30,9,12,True,8,True,67.1,True,232,True,False,False,102.0,35.0,24,True,3,True,38.0,18.0,True,True,True,0,False,False,SYNTHETIC,41.4,Moderate,40.6
ORG-01022,medium,retail,623,978,91,26.6,38.8,21,21.4,False,False,3,183,True,30.4,32.9,61,True,True,48.8,True,False,0.0,45.7,False,False,65,57,72,31,0,False,16,True,19.9,False,164,True,True,True,148.0,76.0,1,True,3,False,44.0,21.0,False,False,True,3,False,False,SYNTHETIC,60.0,High,62.5
ORG-01023,medium,education,415,535,45,61.0,39.9,12,30.7,False,False,3,170,False,25.0,20.0,47,True,False,24.5,True,True,0.0,43.9,False,False,81,51,61,34,12,True,0,True,17.0,False,113,True,False,False,154.0,77.0,12,False,12,False,41.0,16.0,True,False,False,1,True,False,SYNTHETIC,80.8,Critical,74.8
ORG-01024,large,education,14199,28714,4963,86.2,34.6,993,18.7,True,True,3,108,True,58.3,74.7,46,False,True,49.1,True,True,73.8,64.8,True,False,47,21,42,15,12,True,8,True,68.6,True,172,True,False,False,108.0,30.0,6,False,0,True,24.0,11.0,False,True,True,0,False,False,SYNTHETIC,42.3,Moderate,41.9
ORG-01025,small,energy,19,22,1,95.1,67.3,2,60.2,True,True,3,105,True,63.4,72.8,27,True,True,69.0,True,True,56.7,64.5,True,True,57,25,12,15,24,True,0,True,68.9,True,261,True,True,False,98.0,71.0,24,True,3,True,34.0,11.0,False,True,False,1,False,False,SYNTHETIC,33.1,Moderate,31.4
ORG-01026,small,technology,12,13,1,64.6,31.9,1,48.9,False,False,2,118,False,14.3,45.9,37,False,True,40.8,True,True,45.0,48.1,False,False,63,38,62,26,0,False,16,True,27.1,False,219,True,False,True,131.0,77.0,6,False,6,False,43.0,13.0,False,False,False,5,True,False,SYNTHETIC,76.9,Critical,68.0
ORG-01027,medium,healthcare,411,612,67,40.9,42.1,17,81.5,True,True,4,62,True,72.0,74.6,27,True,True,82.5,True,True,70.5,81.3,True,True,24,20,9,3,6,True,0,True,73.6,True,335,True,True,True,52.0,27.0,6,True,6,True,17.0,3.0,True,True,True,1,False,False,SYNTHETIC,16.2,Low,14.6
ORG-01028,small,finance,177,239,10,75.8,22.9,4,53.1,False,False,2,147,True,25.1,46.9,42,True,False,53.7,True,True,38.6,51.3,False,True,48,46,69,32,24,True,8,True,22.9,True,192,False,False,False,122.0,63.0,12,False,3,True,33.0,17.0,False,False,False,1,False,False,SYNTHETIC,72.7,High,66.0
ORG-01029,small,healthcare,17,19,1,59.1,88.9,5,21.7,False,False,2,120,False,25.6,34.9,38,False,False,40.7,True,False,28.2,17.5,True,True,62,51,73,22,6,False,8,True,39.9,False,134,False,False,True,122.0,70.0,72,False,6,False,50.0,5.0,True,True,True,0,False,False,SYNTHETIC,71.5,High,70.1
ORG-01030,medium,energy,741,937,81,77.8,28.8,20,64.9,True,True,4,110,False,58.7,81.2,28,True,True,40.4,True,True,77.4,65.2,True,False,33,31,28,13,0,False,0,False,47.6,False,321,False,False,True,99.0,56.0,24,False,6,True,19.0,11.0,True,True,True,0,False,True,SYNTHETIC,40.0,Moderate,41.6
ORG-01031,medium,government,1437,1763,192,16.7,24.8,40,53.2,False,True,4,124,True,42.6,55.2,37,False,True,47.1,True,True,41.7,70.0,True,False,23,35,33,27,0,False,0,False,41.9,False,202,True,False,False,106.0,44.0,24,False,6,True,36.0,4.0,True,False,True,2,False,False,SYNTHETIC,46.7,Moderate,48.9
ORG-01032,small,government,19,24,1,80.8,31.4,1,87.8,True,True,4,95,True,68.4,73.0,18,True,True,73.8,True,True,79.4,100.0,True,True,22,9,6,14,12,True,0,True,67.5,True,284,True,True,False,60.0,47.0,6,False,6,False,8.0,1.0,True,True,True,0,False,False,SYNTHETIC,27.6,Moderate,28.5
ORG-01033,medium,education,987,1574,137,84.7,0.0,34,36.4,True,True,4,84,True,85.9,44.7,34,False,True,56.6,True,False,49.4,78.1,True,False,59,35,42,28,12,True,0,True,48.4,True,265,False,False,True,78.0,37.0,6,True,6,True,28.0,11.0,False,False,False,1,False,False,SYNTHETIC,48.6,Moderate,46.1
ORG-01034,small,healthcare,16,23,1,37.3,39.2,4,46.0,False,False,2,138,False,56.6,37.0,56,False,True,50.5,True,False,13.4,47.4,False,True,62,52,60,28,0,False,0,False,28.8,False,136,True,True,False,144.0,86.0,6,False,6,False,43.0,19.0,True,False,False,0,False,False,SYNTHETIC,78.9,Critical,73.3
ORG-01035,medium,energy,400,583,30,62.5,57.8,10,37.0,False,False,3,145,True,33.6,37.1,57,False,True,53.8,True,True,45.3,40.8,False,True,58,40,36,24,24,True,0,True,40.8,False,216,False,False,False,131.0,92.0,12,True,6,False,43.0,9.0,False,True,True,3,False,False,SYNTHETIC,57.7,High,56.1
ORG-01036,large,energy,10226,22679,3852,76.7,48.1,771,99.4,True,True,5,40,True,43.2,84.0,8,True,True,89.8,True,True,65.6,100.0,True,True,19,8,2,1,6,True,24,True,84.1,True,416,True,True,True,16.0,13.0,24,True,6,True,13.0,6.0,True,True,False,1,False,False,SYNTHETIC,5.9,Low,6.6
ORG-01037,large,government,4913,9403,1331,32.0,19.4,269,65.3,True,True,3,96,True,44.4,67.3,24,True,True,77.4,True,False,66.5,88.7,True,True,43,31,36,17,6,True,24,True,38.8,True,314,True,True,True,127.0,46.0,12,False,6,False,20.0,11.0,True,True,True,2,True,False,SYNTHETIC,36.3,Moderate,36.2
ORG-01038,small,manufacturing,67,97,4,71.7,72.7,4,0.0,False,False,2,176,False,21.2,20.0,66,False,False,14.1,True,False,20.2,29.7,False,False,93,76,93,31,12,False,0,False,7.7,False,82,False,False,False,206.0,131.0,24,False,6,False,72.0,29.0,False,False,False,4,False,True,SYNTHETIC,100.0,Critical,92.6
ORG-01039,large,energy,8690,19988,3861,67.1,54.2,774,73.0,True,True,3,105,False,34.1,59.4,34,True,True,61.1,True,True,37.0,96.5,True,True,31,11,63,9,6,False,24,True,55.2,False,246,True,True,False,134.0,49.0,72,True,3,True,33.0,5.0,False,True,True,1,False,False,SYNTHETIC,35.5,Moderate,34.9
ORG-01040,large,government,14071,22353,4271,81.3,44.5,857,65.1,True,True,5,82,False,73.3,66.8,33,False,False,57.7,True,True,58.9,92.5,True,False,28,29,22,12,12,True,24,True,53.3,True,279,True,True,True,23.0,51.0,12,True,3,True,22.0,3.0,True,False,True,1,False,False,SYNTHETIC,26.8,Moderate,24.8
ORG-01041,medium,healthcare,4355,5542,316,54.7,43.9,68,44.0,True,True,3,96,True,31.4,50.9,37,True,False,43.3,True,False,60.4,59.4,True,True,54,25,55,26,0,True,16,True,60.2,True,184,False,False,False,152.0,96.0,72,False,6,False,44.0,11.0,True,False,True,2,False,False,SYNTHETIC,56.6,High,55.3
ORG-01042,medium,energy,391,637,63,35.8,37.1,12,48.9,False,True,3,124,False,38.7,43.2,40,False,False,72.2,True,True,45.8,42.1,True,True,67,45,49,20,0,False,8,True,39.3,False,251,True,True,False,106.0,46.0,12,True,3,False,33.0,10.0,True,False,False,3,False,False,SYNTHETIC,49.5,Moderate,49.2
ORG-01043,small,finance,24,32,1,54.8,12.0,3,52.8,False,False,2,115,True,35.0,50.3,36,False,True,80.5,True,True,54.2,56.9,False,True,44,16,35,19,6,False,8,True,57.3,False,270,True,True,False,66.0,66.0,72,True,12,True,33.0,13.0,True,True,False,2,False,False,SYNTHETIC,45.3,Moderate,44.0
ORG-01044,small,finance,12,15,1,74.9,30.1,4,45.4,True,True,2,104,True,28.3,24.4,42,True,True,59.1,True,True,37.3,52.8,True,False,62,26,62,8,0,False,0,False,43.6,False,190,True,False,False,91.0,60.0,6,False,12,False,43.0,18.0,False,True,True,3,True,False,SYNTHETIC,53.4,High,53.3
ORG-01045,small,education,84,91,6,73.2,71.3,1,0.0,False,False,2,178,False,0.0,20.0,68,False,True,20.0,True,False,7.6,23.5,False,False,97,55,92,30,6,False,0,False,16.8,False,69,False,False,False,213.0,120.0,24,False,3,False,74.0,24.0,False,False,False,3,False,False,SYNTHETIC,98.4,Critical,88.7
ORG-01046,small,manufacturing,28,35,1,68.4,26.6,1,0.0,False,False,2,164,False,15.2,20.0,55,False,False,29.9,False,False,8.0,26.9,False,False,84,49,65,31,12,False,8,True,8.9,False,98,False,False,False,134.0,103.0,6,False,3,False,42.0,19.0,False,False,True,2,False,False,SYNTHETIC,99.0,Critical,86.1
ORG-01047,medium,government,677,1126,125,34.0,33.6,30,64.0,True,True,2,97,True,43.4,47.9,41,False,False,87.2,True,False,52.8,85.6,True,False,56,28,53,15,0,False,8,True,27.8,False,212,True,True,False,104.0,59.0,12,True,1,True,40.0,1.0,True,False,True,0,False,False,SYNTHETIC,41.9,Moderate,41.8
ORG-01048,small,manufacturing,25,31,1,73.1,76.7,3,49.4,False,False,2,90,False,49.7,20.5,35,False,True,51.5,True,True,46.7,53.5,False,True,63,27,44,24,12,False,16,True,59.1,False,194,True,True,False,132.0,75.0,6,False,6,False,47.0,10.0,True,True,True,2,False,True,SYNTHETIC,60.1,High,59.8
ORG-01049,large,retail,16298,37626,6516,95.0,33.7,1307,80.5,True,True,5,86,True,46.7,77.2,22,False,True,85.6,True,False,68.9,65.8,True,False,16,20,6,18,6,True,16,True,63.7,True,335,True,True,True,45.0,60.0,24,False,6,False,25.0,8.0,True,True,True,1,False,False,SYNTHETIC,29.2,Moderate,28.6
ORG-01050,small,finance,54,59,4,75.3,15.9,3,53.4,True,True,3,116,True,28.8,51.0,34,False,True,54.4,True,True,24.8,45.0,True,True,34,32,36,15,0,True,0,True,54.8,True,194,True,False,False,61.0,29.0,6,False,1,False,32.0,22.0,False,True,True,4,True,True,SYNTHETIC,41.3,Moderate,41.7
ORG-01051,small,retail,40,55,3,76.6,38.1,2,15.8,False,False,2,175,True,36.5,33.1,42,True,False,34.4,True,False,28.6,21.0,True,False,69,54,67,18,12,True,0,True,38.3,False,135,False,False,False,169.0,104.0,6,False,3,True,60.0,19.0,True,False,False,6,False,False,SYNTHETIC,73.3,High,68.8
ORG-01052,small,government,16,20,1,84.4,42.4,1,59.3,False,True,3,105,False,53.2,54.7,30,False,True,43.4,True,True,34.8,62.6,True,False,35,40,41,13,12,True,8,True,58.4,True,223,True,True,True,107.0,69.0,6,True,0,False,52.0,10.0,True,False,False,1,False,False,SYNTHETIC,39.3,Moderate,39.3
ORG-01053,medium,retail,369,596,69,34.7,12.1,15,23.3,False,False,1,136,False,36.5,46.6,47,False,False,33.7,True,False,27.7,48.7,False,True,68,51,51,19,12,False,24,True,52.3,False,150,False,False,False,143.0,58.0,6,False,1,True,39.0,19.0,False,False,True,4,False,True,SYNTHETIC,72.6,High,72.4
ORG-01054,small,energy,28,39,2,69.7,16.1,7,37.3,False,False,2,188,True,30.6,20.0,51,True,True,44.3,True,False,0.8,27.1,True,False,83,44,65,23,6,True,24,True,0.0,True,74,True,False,False,161.0,70.0,12,False,12,True,40.0,22.0,True,False,False,2,False,False,SYNTHETIC,70.6,High,65.3
ORG-01055,small,healthcare,22,32,1,68.6,0.8,1,65.5,False,False,4,93,False,76.0,61.0,19,True,True,64.5,True,True,51.7,76.6,True,True,41,9,31,10,12,True,0,True,40.1,False,215,False,False,False,60.0,37.0,6,True,6,True,29.0,3.0,True,True,False,1,True,False,SYNTHETIC,40.8,Moderate,40.5
ORG-01056,medium,education,386,584,40,23.3,0.0,11,47.6,False,False,3,162,True,28.1,51.9,54,False,True,48.8,True,False,0.1,33.8,True,False,65,49,58,26,0,True,8,True,30.1,False,176,False,False,True,126.0,47.0,6,False,3,False,51.0,23.0,False,False,False,1,False,False,SYNTHETIC,65.6,High,63.8
ORG-01057,small,education,51,52,1,50.3,16.0,3,32.0,False,False,1,158,False,16.1,21.3,58,False,True,16.6,True,True,24.1,32.3,False,False,74,70,72,20,24,False,8,True,24.6,False,182,False,False,False,151.0,80.0,12,False,6,False,51.0,7.0,True,False,True,3,False,False,SYNTHETIC,78.5,Critical,74.9
ORG-01058,small,education,28,34,1,72.7,28.0,4,12.6,False,False,1,168,True,9.4,21.4,63,False,False,10.0,True,False,7.0,43.3,False,False,77,70,65,37,24,False,8,True,30.4,False,109,True,False,False,193.0,86.0,6,False,6,True,65.0,17.0,False,False,False,3,True,True,SYNTHETIC,84.6,Critical,81.9
ORG-01059,small,government,39,55,2,66.0,37.0,2,10.7,False,False,1,207,False,0.0,20.0,64,False,True,10.0,True,False,0.0,19.7,False,False,82,49,79,29,24,False,0,False,0.0,False,96,False,False,False,202.0,110.0,1,False,6,False,61.0,28.0,False,False,False,0,False,False,SYNTHETIC,100.0,Critical,91.3
ORG-01060,small,energy,15,21,1,50.3,22.3,1,13.7,False,False,2,178,False,22.0,35.6,51,False,False,17.7,True,False,12.8,27.9,False,False,63,47,61,33,24,False,0,False,29.2,False,92,False,False,False,167.0,104.0,12,False,6,False,40.0,14.0,False,False,False,2,True,False,SYNTHETIC,100.0,Critical,88.1
ORG-01061,small,manufacturing,80,92,3,50.9,31.3,1,0.9,False,False,2,194,False,32.1,20.0,63,False,False,26.9,True,False,35.4,30.2,False,False,72,71,83,40,24,False,8,True,0.0,False,56,False,False,False,206.0,116.0,6,False,1,False,72.0,24.0,False,False,False,1,True,False,SYNTHETIC,100.0,Critical,90.7
ORG-01062,medium,finance,249,413,43,38.8,0.0,9,47.7,False,False,2,104,True,41.6,47.3,47,False,True,41.5,False,True,39.9,44.0,False,True,67,48,34,26,6,True,8,True,33.7,True,155,True,False,True,102.0,109.0,6,True,12,False,36.0,18.0,False,False,False,1,False,False,SYNTHETIC,55.9,High,54.1
ORG-01063,small,government,16,20,1,100.0,11.2,3,24.7,False,False,2,188,True,15.9,20.0,51,False,True,17.7,True,False,10.1,42.4,True,False,65,43,58,29,12,True,8,True,23.3,True,104,False,False,False,156.0,90.0,12,False,3,False,42.0,20.0,False,False,False,5,False,False,SYNTHETIC,80.5,Critical,73.1
ORG-01064,small,manufacturing,106,144,9,53.9,37.4,4,30.3,False,False,2,188,False,25.9,20.0,56,True,False,19.1,True,True,24.1,25.2,False,False,67,59,62,32,0,False,0,False,6.8,False,73,True,False,False,153.0,97.0,72,True,6,False,62.0,25.0,False,False,False,6,False,False,SYNTHETIC,74.7,High,75.4
ORG-01065,small,technology,103,134,6,83.5,16.9,3,2.9,False,False,2,199,False,0.0,20.0,58,False,True,16.7,True,True,24.7,26.7,False,True,83,63,75,30,12,False,8,True,25.0,False,105,False,False,False,180.0,108.0,1,False,6,False,59.0,23.0,False,False,False,1,False,True,SYNTHETIC,93.1,Critical,83.0
ORG-01066,small,manufacturing,112,164,6,52.9,18.9,2,34.8,False,False,4,129,True,53.2,21.6,52,False,False,47.0,True,False,35.7,36.3,False,False,67,58,69,27,6,True,8,True,33.8,True,178,False,False,False,133.0,68.0,12,False,1,True,54.0,18.0,True,False,False,1,False,False,SYNTHETIC,67.6,High,66.5
ORG-01067,medium,finance,1288,1823,162,67.9,38.4,33,61.3,True,True,3,100,False,16.2,40.7,44,True,True,71.4,True,True,24.3,47.4,True,False,49,42,53,24,12,False,0,False,60.5,False,233,False,False,True,104.0,46.0,6,True,0,False,43.0,13.0,True,False,True,3,True,False,SYNTHETIC,47.3,Moderate,46.1
ORG-01068,large,retail,9333,21539,3879,84.1,54.4,779,13.2,False,False,1,146,False,31.1,22.3,46,False,False,31.1,True,False,17.8,40.6,False,False,80,45,80,23,12,True,24,True,13.0,False,113,True,False,False,150.0,95.0,24,False,3,True,47.0,14.0,False,False,True,1,False,True,SYNTHETIC,85.6,Critical,74.2
ORG-01069,medium,education,360,597,31,42.7,51.1,10,48.2,False,False,3,136,False,34.6,23.1,52,False,False,24.2,True,True,32.7,31.5,False,False,71,46,35,23,6,True,8,True,22.4,True,222,False,False,False,116.0,57.0,72,True,3,False,24.0,17.0,True,True,False,3,False,False,SYNTHETIC,57.9,High,55.3
ORG-01070,medium,technology,369,505,51,37.9,29.4,12,76.8,True,True,4,63,True,55.8,63.2,35,False,True,75.5,True,True,63.8,58.4,True,True,34,22,44,17,12,False,8,True,37.9,False,288,True,True,True,94.0,48.0,12,True,6,True,30.0,18.0,True,False,True,1,False,False,SYNTHETIC,31.5,Moderate,31.6
ORG-01071,small,energy,8,8,1,40.2,29.0,1,38.8,False,False,3,100,False,55.5,41.3,36,True,False,56.3,True,True,58.8,61.5,True,False,52,30,37,23,12,False,24,True,61.6,False,205,True,False,False,66.0,77.0,12,True,3,True,47.0,22.0,True,True,False,1,True,False,SYNTHETIC,45.0,Moderate,47.5
ORG-01072,small,government,10,12,1,43.8,46.7,2,37.4,False,False,4,108,False,40.4,52.9,30,True,False,68.7,True,True,81.5,47.2,True,True,31,26,41,21,12,False,0,False,60.5,False,242,False,False,False,65.0,87.0,24,False,6,True,33.0,6.0,True,True,True,0,False,False,SYNTHETIC,57.9,High,56.9
ORG-01073,medium,manufacturing,972,1190,108,48.4,0.0,27,43.9,False,False,2,110,False,31.2,20.0,42,False,True,60.1,True,False,44.3,38.4,True,True,53,37,63,32,12,False,0,False,30.7,False,202,True,True,True,129.0,65.0,6,True,3,False,52.0,14.0,False,True,False,1,False,False,SYNTHETIC,62.8,High,61.5
ORG-01074,small,retail,59,74,5,62.6,36.9,2,56.4,True,True,3,102,True,41.7,44.3,22,True,True,60.8,False,False,60.9,60.8,False,True,45,31,48,14,12,False,0,False,42.4,False,260,True,False,False,84.0,70.0,6,True,12,True,45.0,10.0,True,True,False,1,False,False,SYNTHETIC,49.2,Moderate,46.8
ORG-01075,large,education,6822,12417,1348,72.8,32.0,273,6.6,False,False,1,205,True,11.4,20.0,68,False,False,33.2,True,False,44.7,18.8,False,False,88,64,72,40,12,False,24,True,19.6,False,23,False,False,False,202.0,149.0,12,False,1,False,76.0,20.0,False,False,False,0,False,False,SYNTHETIC,98.9,Critical,84.0
ORG-01076,small,healthcare,15,21,1,56.7,24.4,4,68.8,True,True,3,57,True,51.6,79.9,38,True,True,81.4,True,True,59.9,63.5,True,True,25,28,40,15,0,True,0,True,89.5,True,248,True,True,False,57.0,68.0,6,True,3,True,27.0,15.0,True,True,True,0,False,False,SYNTHETIC,25.4,Moderate,23.7
ORG-01077,small,healthcare,80,94,4,31.2,43.8,1,7.4,False,False,1,210,False,5.0,20.0,59,False,False,23.8,True,False,0.0,26.9,False,False,90,64,73,30,12,False,8,True,8.1,False,31,False,False,False,140.0,98.0,24,False,6,False,71.0,23.0,False,False,False,2,False,False,SYNTHETIC,100.0,Critical,90.8
ORG-01078,small,education,54,72,2,48.1,24.3,1,17.7,False,False,1,232,False,33.9,20.0,57,False,False,20.8,True,False,20.4,52.9,False,False,77,49,87,29,0,False,0,False,42.9,False,96,False,False,True,192.0,123.0,12,False,12,False,65.0,19.0,False,False,False,3,False,True,SYNTHETIC,87.9,Critical,85.7
ORG-01079,small,healthcare,20,23,1,100.0,31.3,3,4.5,False,False,2,190,False,21.7,20.0,69,False,False,13.2,True,False,5.1,24.0,False,True,69,63,67,35,12,False,0,False,18.8,False,122,False,False,True,151.0,115.0,24,False,1,False,74.0,22.0,False,True,False,2,True,False,SYNTHETIC,97.7,Critical,84.9
ORG-01080,small,healthcare,58,69,4,63.7,51.5,3,45.3,False,False,2,127,True,14.8,49.7,44,True,False,53.2,True,False,69.1,53.7,False,False,55,39,59,19,12,False,8,True,39.8,False,220,True,False,False,100.0,37.0,12,True,1,True,41.0,9.0,True,True,True,2,True,False,SYNTHETIC,52.6,High,53.6
ORG-01081,small,technology,22,32,1,52.1,14.7,6,31.2,True,True,3,104,False,65.6,64.2,22,True,True,26.9,True,True,30.4,58.2,False,True,31,23,36,18,24,True,0,True,60.9,True,201,True,True,False,66.0,47.0,12,True,1,False,30.0,10.0,True,True,False,3,False,False,SYNTHETIC,45.3,Moderate,42.3
ORG-01082,large,manufacturing,3034,5108,821,78.5,46.7,168,37.4,False,False,2,110,True,47.1,44.8,41,True,False,26.3,True,False,43.3,63.4,False,False,62,47,86,28,12,True,24,True,30.8,True,161,False,False,True,72.0,102.0,12,False,6,True,34.0,18.0,False,False,True,0,False,False,SYNTHETIC,66.7,High,66.7
ORG-01083,medium,government,582,1047,68,32.9,34.0,16,82.5,True,True,4,91,False,38.7,90.8,10,True,True,65.3,True,True,72.6,87.8,True,True,29,31,27,10,12,True,24,True,86.5,True,254,True,False,True,61.0,53.0,12,True,12,False,35.0,8.0,True,True,True,2,False,False,SYNTHETIC,21.8,Low,24.3
ORG-01084,large,energy,9561,17633,2084,70.5,5.0,418,53.4,True,True,3,100,False,38.5,41.0,43,True,False,72.1,True,True,46.5,53.5,False,True,57,35,42,16,6,True,24,True,23.3,True,274,False,False,True,76.0,57.0,24,False,6,False,34.0,14.0,False,False,True,1,False,True,SYNTHETIC,53.0,High,52.2
ORG-01085,small,government,37,53,1,82.9,37.7,8,34.3,False,False,2,178,False,21.0,29.2,43,False,False,42.3,True,False,16.2,29.0,True,False,77,62,75,27,0,False,0,False,44.1,False,101,False,False,False,147.0,89.0,24,False,0,False,58.0,19.0,True,True,False,4,True,False,SYNTHETIC,73.2,High,74.6
ORG-01086,small,education,13,15,1,58.1,36.5,5,44.3,False,False,3,142,True,57.7,27.0,55,True,False,54.4,False,False,25.0,54.2,True,True,67,39,48,23,12,False,8,True,8.5,False,241,False,False,False,118.0,53.0,12,False,12,True,30.0,10.0,True,False,True,2,True,False,SYNTHETIC,70.1,High,66.8
ORG-01087,large,government,11906,24611,4027,58.9,59.5,808,90.3,True,True,5,15,True,69.1,100.0,1,True,True,100.0,True,True,81.8,93.8,True,True,1,13,2,1,6,True,24,True,88.3,True,360,True,True,True,9.0,20.0,24,True,6,True,1.0,0.5,True,True,True,1,True,False,SYNTHETIC,5.5,Low,4.9
ORG-01088,large,healthcare,9397,14729,2773,79.0,44.3,556,70.2,True,True,4,83,True,47.0,74.8,29,False,True,65.7,True,True,74.7,67.0,True,True,23,25,37,14,12,True,0,True,62.3,True,292,True,True,True,55.0,45.0,24,True,12,True,23.0,11.0,True,False,False,1,False,False,SYNTHETIC,29.9,Moderate,28.3
ORG-01089,small,education,23,34,1,33.7,26.7,3,12.7,False,False,1,183,False,3.3,20.0,51,True,False,17.3,True,True,13.9,15.3,False,False,91,63,79,33,6,False,0,False,6.8,False,98,False,False,True,214.0,89.0,12,False,6,False,67.0,24.0,False,False,False,3,True,False,SYNTHETIC,97.5,Critical,84.5
ORG-01090,small,government,24,26,1,74.2,23.4,5,45.9,False,False,2,150,False,58.2,36.8,44,True,False,48.6,False,True,52.1,42.8,True,True,67,43,48,18,0,False,0,False,54.6,False,189,True,True,False,135.0,73.0,24,True,3,True,45.0,9.0,False,True,True,2,True,False,SYNTHETIC,52.0,High,52.4
ORG-01091,small,government,17,22,1,70.6,54.1,5,19.0,False,False,1,181,False,0.0,20.0,67,False,False,14.9,True,False,4.3,29.5,False,False,113,58,91,34,0,False,8,True,2.7,False,50,False,False,False,172.0,117.0,24,False,3,False,65.0,25.0,False,False,False,1,True,False,SYNTHETIC,100.0,Critical,89.0
ORG-01092,small,education,41,50,3,69.6,0.0,2,1.4,False,False,1,196,False,25.0,20.0,69,False,True,10.0,True,False,0.0,19.3,True,False,93,38,73,30,12,False,16,True,16.3,False,81,False,False,False,161.0,120.0,12,False,6,False,87.0,29.0,False,False,False,6,False,False,SYNTHETIC,100.0,Critical,86.7
ORG-01093,medium,education,331,587,53,36.3,43.6,11,36.7,False,False,2,189,True,33.7,20.0,50,True,False,27.3,True,False,18.5,34.6,False,False,73,49,64,33,12,True,24,True,7.3,False,134,False,False,False,155.0,78.0,24,False,6,True,55.0,20.0,True,False,False,3,False,True,SYNTHETIC,81.5,Critical,71.7
ORG-01094,medium,education,279,396,43,54.7,34.4,15,42.4,False,False,3,208,False,15.3,41.2,52,False,True,17.8,True,True,21.8,30.4,False,False,67,53,50,16,0,False,0,False,42.4,False,139,True,False,False,145.0,61.0,24,True,6,True,51.0,10.0,False,False,True,2,False,False,SYNTHETIC,61.4,High,59.9
ORG-01095,small,finance,48,60,2,71.0,34.1,4,30.4,False,False,3,149,True,19.8,32.7,49,True,False,45.2,True,True,51.8,57.6,True,True,67,47,82,22,12,False,0,False,39.6,False,107,True,True,False,126.0,74.0,24,True,6,True,53.0,14.0,True,False,False,4,False,False,SYNTHETIC,55.5,High,56.1
ORG-01096,large,government,11507,24641,2120,83.1,43.8,428,16.1,False,False,4,123,False,28.8,38.6,41,False,False,43.2,True,True,30.4,53.3,False,False,62,39,50,15,12,False,24,True,44.7,False,169,False,False,False,143.0,77.0,6,False,1,False,46.0,16.0,False,False,True,2,False,True,SYNTHETIC,72.6,High,69.4
ORG-01097,small,technology,80,119,8,59.7,26.9,2,2.3,False,False,3,162,False,31.6,40.0,47,True,True,49.4,True,True,14.8,45.8,False,False,65,44,66,21,12,True,0,True,34.8,True,163,False,False,False,159.0,70.0,72,False,12,False,42.0,14.0,False,False,False,3,False,True,SYNTHETIC,82.4,Critical,75.1
ORG-01098,small,retail,186,222,5,60.2,56.9,6,68.0,True,True,4,77,True,38.8,70.2,22,True,True,68.6,True,True,30.6,83.2,True,True,40,13,34,8,6,False,0,False,51.1,False,303,True,True,False,90.0,25.0,12,True,3,True,1.0,10.0,True,True,True,2,False,False,SYNTHETIC,27.7,Moderate,27.1
ORG-01099,medium,government,352,423,36,36.6,27.0,13,39.0,True,True,4,130,False,33.1,45.0,33,False,True,57.5,True,False,43.3,67.5,True,True,34,36,27,20,12,False,8,True,49.1,False,214,True,False,True,107.0,70.0,12,False,3,True,24.0,19.0,False,False,True,0,False,False,SYNTHETIC,52.8,High,51.0
ORG-01100,small,healthcare,45,64,3,48.7,58.8,2,23.7,False,False,2,158,False,7.9,20.0,54,False,False,10.0,False,False,20.8,34.5,True,False,99,66,75,25,6,False,0,False,18.2,False,94,False,False,False,194.0,119.0,12,True,1,False,57.0,24.0,False,False,False,1,False,False,SYNTHETIC,74.4,High,76.7
ORG-01101,medium,retail,585,899,83,53.4,59.0,21,61.2,True,True,3,78,True,60.3,73.1,15,True,True,78.8,True,True,75.0,87.6,False,True,22,19,36,4,12,False,0,False,74.2,False,337,True,True,True,29.0,30.0,6,True,3,True,23.0,8.0,False,True,True,1,True,False,SYNTHETIC,26.1,Moderate,28.8
ORG-01102,medium,education,1035,1584,124,44.3,43.6,28,47.2,True,True,3,102,True,87.1,69.6,20,False,False,80.8,True,False,67.5,86.3,True,True,30,14,15,19,12,True,16,True,49.0,True,315,True,False,True,69.0,53.0,24,False,1,False,27.0,11.0,True,True,True,0,False,True,SYNTHETIC,39.2,Moderate,38.3
ORG-01103,medium,retail,1279,1840,177,32.4,47.7,38,65.4,True,True,5,37,True,71.3,75.8,17,False,True,49.8,True,True,62.8,80.8,True,False,27,3,26,12,0,True,8,True,58.5,False,284,True,True,True,42.0,25.0,6,True,3,True,31.0,12.0,True,True,True,0,False,False,SYNTHETIC,21.0,Low,19.2
ORG-01104,medium,energy,760,1051,90,54.4,0.0,19,85.5,True,True,5,47,True,83.0,93.3,18,True,True,97.8,True,True,100.0,97.5,True,True,14,18,3,4,12,True,16,True,83.4,True,408,True,True,True,39.0,1.0,6,True,6,True,5.0,6.0,True,True,True,0,False,False,SYNTHETIC,8.4,Low,7.5
ORG-01105,medium,retail,1043,1862,171,47.4,34.0,36,76.1,True,True,5,79,True,78.3,65.8,25,True,True,52.1,True,True,97.6,78.0,True,True,26,19,22,14,12,True,16,True,91.8,True,288,False,False,False,14.0,44.0,72,True,12,True,18.0,11.0,True,True,True,0,False,False,SYNTHETIC,22.6,Low,23.4
ORG-01106,small,technology,8,9,1,100.0,34.8,5,58.5,False,False,3,131,True,65.4,41.8,28,False,True,56.3,True,False,48.4,51.4,False,False,37,36,21,15,0,True,8,True,45.8,True,188,True,False,False,81.0,44.0,6,True,1,True,33.0,12.0,True,True,False,0,False,False,SYNTHETIC,41.1,Moderate,41.2
ORG-01107,small,retail,22,27,1,69.3,0.0,2,16.9,False,False,2,156,False,17.2,36.6,59,False,True,35.1,True,True,29.6,30.1,False,False,66,53,68,30,0,False,0,False,47.9,False,123,False,False,False,158.0,103.0,12,False,6,True,51.0,20.0,False,True,True,4,False,False,SYNTHETIC,78.8,Critical,73.2
ORG-01108,medium,retail,466,606,55,57.5,44.7,15,87.3,True,True,4,34,True,64.5,72.3,4,True,True,76.5,True,True,79.9,84.4,True,True,47,16,5,6,12,True,24,True,92.1,True,348,True,True,False,65.0,36.0,12,False,12,True,30.0,2.0,True,False,True,0,False,False,SYNTHETIC,24.6,Low,24.8
ORG-01109,small,retail,16,19,1,60.3,31.4,5,29.2,False,False,2,140,False,18.7,23.4,60,True,False,35.9,True,False,0.0,40.9,False,False,63,46,83,33,12,False,16,True,30.4,False,87,True,False,False,164.0,96.0,6,False,1,False,57.0,19.0,True,False,False,2,False,False,SYNTHETIC,80.7,Critical,78.7
ORG-01110,large,healthcare,2742,5665,620,86.0,23.9,126,53.1,True,True,4,76,True,62.2,45.7,21,False,True,72.3,True,True,42.5,58.9,False,True,25,19,42,24,12,True,24,True,70.1,False,282,False,False,True,53.0,42.0,72,True,6,False,28.0,16.0,False,False,True,1,False,False,SYNTHETIC,36.8,Moderate,38.1
ORG-01111,small,manufacturing,4,5,1,75.9,78.8,4,37.2,False,False,2,145,True,30.5,48.9,53,False,False,35.2,True,True,52.2,60.7,True,False,30,38,59,18,12,True,0,True,36.0,False,140,False,False,False,107.0,82.0,6,True,1,True,58.0,20.0,False,False,False,3,False,False,SYNTHETIC,55.5,High,56.3
ORG-01112,small,education,45,66,4,56.4,64.4,6,11.2,False,False,1,244,False,0.0,20.0,77,False,False,41.5,True,False,0.0,31.6,False,False,105,54,56,37,6,False,0,False,10.2,False,59,False,False,False,186.0,140.0,6,False,3,False,62.0,25.0,False,False,False,4,False,False,SYNTHETIC,97.9,Critical,88.9
ORG-01113,medium,healthcare,233,416,33,47.1,13.3,8,52.0,False,False,3,118,True,29.9,39.1,52,True,True,33.6,True,False,10.3,46.8,False,False,70,42,41,14,6,False,8,True,22.8,False,203,True,True,True,84.0,78.0,168,True,6,True,50.0,18.0,False,False,True,0,False,False,SYNTHETIC,53.1,High,53.2
ORG-01114,large,manufacturing,11706,20910,2398,64.3,5.0,484,87.0,True,True,5,56,True,78.0,65.1,33,True,True,93.3,True,True,90.1,92.4,True,True,16,26,25,4,12,True,16,True,86.4,True,286,True,True,True,29.0,36.0,6,True,3,False,11.0,1.0,True,True,True,0,False,False,SYNTHETIC,13.7,Low,13.4
ORG-01115,large,finance,19807,45010,4204,85.0,5.0,841,40.8,False,False,2,131,False,22.4,40.6,48,False,False,40.0,True,False,24.7,45.9,False,True,51,58,51,32,6,True,16,True,28.0,True,145,True,False,True,157.0,94.0,24,True,6,False,43.0,22.0,False,False,False,2,True,False,SYNTHETIC,66.5,High,64.5
ORG-01116,large,government,6762,16410,2787,63.3,48.0,560,68.2,True,True,3,157,True,44.1,52.9,31,True,False,60.3,True,True,20.2,57.9,False,True,59,35,36,26,6,False,24,True,52.2,False,200,False,False,False,85.0,61.0,12,False,6,False,25.0,13.0,False,False,False,0,False,False,SYNTHETIC,54.4,High,55.3
ORG-01117,medium,finance,588,803,86,22.6,0.0,22,44.5,True,True,3,140,False,60.2,31.3,35,False,True,53.1,True,True,35.2,48.5,True,False,69,48,51,23,12,False,8,True,60.5,False,182,True,False,True,99.0,71.0,1,True,1,False,30.0,14.0,False,True,False,0,False,False,SYNTHETIC,45.7,Moderate,46.5
ORG-01118,large,education,6185,10137,1304,90.7,54.8,265,65.0,True,True,4,55,True,53.1,83.1,19,True,True,72.0,True,True,62.9,73.5,True,True,25,19,38,3,6,True,24,True,91.4,True,386,True,True,False,25.0,41.0,24,True,6,True,15.0,6.0,False,True,False,1,False,False,SYNTHETIC,20.1,Low,20.6
ORG-01119,medium,energy,759,1012,72,64.4,17.5,17,49.5,True,True,3,116,True,35.4,52.3,26,True,True,67.2,True,True,25.9,79.6,True,False,32,25,46,8,0,True,8,True,49.6,True,283,False,False,True,81.0,57.0,12,True,12,True,45.0,8.0,False,False,False,2,True,False,SYNTHETIC,38.3,Moderate,37.6
ORG-01120,small,education,43,48,3,75.6,55.0,1,24.7,False,False,1,195,False,28.8,20.0,74,True,True,29.8,True,False,42.0,26.6,False,True,77,68,59,34,12,False,0,False,11.0,False,119,False,False,False,186.0,92.0,6,False,6,True,81.0,19.0,False,False,False,3,True,True,SYNTHETIC,91.8,Critical,85.0
ORG-01121,medium,healthcare,601,726,81,86.6,6.0,19,28.1,False,False,2,174,True,14.4,26.5,56,False,False,43.0,True,False,0.6,35.1,False,True,78,60,68,28,24,False,8,True,17.0,False,76,False,False,True,127.0,95.0,24,False,6,False,43.0,19.0,False,False,False,2,True,False,SYNTHETIC,85.7,Critical,81.4
ORG-01122,small,energy,37,52,1,82.4,46.8,1,53.4,False,False,3,113,False,51.7,54.7,40,True,True,34.6,False,False,54.7,31.7,True,False,61,34,61,22,6,True,8,True,50.8,True,168,True,False,False,114.0,91.0,6,True,6,True,49.0,11.0,True,False,True,1,False,False,SYNTHETIC,53.6,High,53.2
ORG-01123,small,technology,18,25,1,32.6,0.0,2,24.0,False,False,2,191,False,21.7,24.2,49,False,True,26.7,True,True,10.5,26.5,False,False,70,55,59,23,0,False,0,False,28.2,False,161,False,False,False,163.0,100.0,24,False,12,False,56.0,17.0,True,False,False,6,False,False,SYNTHETIC,83.3,Critical,77.5
ORG-01124,medium,retail,456,597,56,32.0,49.8,16,34.6,False,False,3,171,True,61.8,26.1,47,False,True,40.0,True,True,27.8,49.8,True,True,83,35,56,35,24,False,24,True,37.8,False,116,True,False,False,132.0,71.0,6,True,12,True,66.0,19.0,True,True,False,3,True,False,SYNTHETIC,58.1,High,56.1
ORG-01125,small,energy,32,38,1,80.6,51.4,3,13.6,False,False,2,168,False,38.1,20.0,55,False,False,43.3,True,True,15.3,24.7,False,True,74,51,50,35,0,False,0,False,18.2,False,96,True,False,False,179.0,117.0,1,False,0,False,49.0,18.0,True,False,False,4,False,False,SYNTHETIC,90.6,Critical,76.6
ORG-01126,small,retail,65,85,3,78.2,8.5,3,23.5,False,False,2,182,False,16.6,20.0,62,True,False,16.9,True,False,0.0,11.4,False,True,86,45,66,32,24,False,8,True,20.3,False,139,False,False,False,153.0,95.0,12,False,12,True,61.0,20.0,False,False,False,3,True,False,SYNTHETIC,96.3,Critical,87.7
ORG-01127,medium,energy,429,609,34,53.3,43.1,7,88.5,True,True,5,38,True,98.6,100.0,9,True,True,88.4,True,True,100.0,99.0,True,True,1,11,17,5,24,True,24,True,96.9,False,373,True,True,True,1.0,34.0,12,True,6,True,6.0,0.5,True,True,True,1,True,False,SYNTHETIC,11.0,Low,8.8
ORG-01128,small,finance,8,10,1,55.2,89.9,2,44.8,True,True,4,134,True,51.3,39.3,36,False,True,62.9,True,False,51.0,47.2,False,False,39,44,60,18,12,True,8,True,71.2,True,207,True,True,False,90.0,67.0,24,True,6,False,21.0,19.0,False,False,True,4,True,False,SYNTHETIC,47.4,Moderate,45.2
ORG-01129,medium,finance,2912,4948,277,26.9,24.4,58,89.9,True,True,4,79,False,83.4,43.2,25,True,True,62.3,True,True,67.3,70.6,True,True,19,22,13,13,12,True,8,True,72.4,True,285,False,False,False,70.0,10.0,12,True,6,True,24.0,12.0,True,True,True,0,False,False,SYNTHETIC,27.0,Moderate,26.1
ORG-01130,small,manufacturing,75,97,4,58.1,0.0,2,0.0,False,False,2,128,False,9.0,20.0,50,True,True,37.6,True,False,49.2,21.6,True,True,81,39,70,30,24,True,0,True,25.6,True,186,False,False,False,151.0,73.0,12,True,12,False,50.0,14.0,False,False,False,1,True,False,SYNTHETIC,78.5,Critical,75.0
ORG-01131,medium,energy,1351,1894,112,51.2,25.5,29,44.3,False,False,3,119,True,29.1,48.9,39,True,True,31.5,True,True,69.5,54.6,True,False,51,48,37,27,6,True,16,True,22.1,True,260,True,False,False,81.0,33.0,24,False,1,True,41.0,12.0,False,True,True,0,False,False,SYNTHETIC,47.4,Moderate,50.0
ORG-01132,medium,education,1985,3267,306,62.9,34.4,63,42.5,False,False,3,135,False,54.3,36.6,47,True,False,55.4,True,False,38.7,51.0,True,False,62,56,57,32,12,False,16,True,26.6,False,210,True,False,False,109.0,94.0,6,False,3,True,47.0,16.0,True,False,False,2,False,False,SYNTHETIC,75.4,Critical,68.0
ORG-01133,medium,education,420,652,42,46.1,19.5,9,34.8,False,False,2,208,False,0.0,28.5,57,True,False,40.8,True,False,19.2,37.1,False,True,66,57,52,29,6,True,0,True,6.5,True,118,True,False,True,137.0,85.0,1,False,3,False,60.0,24.0,False,False,False,2,True,True,SYNTHETIC,81.0,Critical,75.0
ORG-01134,large,energy,31912,63423,10359,74.9,51.8,2075,100.0,True,True,4,80,True,68.1,93.9,3,True,True,84.2,True,True,81.0,84.6,True,True,6,10,2,7,12,True,16,True,89.6,True,331,True,True,True,4.0,24.0,72,True,12,True,21.0,0.5,True,True,True,0,False,False,SYNTHETIC,12.4,Low,10.7
ORG-01135,small,healthcare,81,113,6,39.1,0.0,3,3.5,False,False,2,213,True,0.0,20.0,56,False,False,10.0,True,False,0.0,10.4,False,False,91,64,100,34,12,False,0,False,0.0,False,14,False,False,True,174.0,122.0,72,False,12,False,66.0,19.0,False,False,False,1,False,True,SYNTHETIC,100.0,Critical,89.0
ORG-01136,medium,government,1068,1833,122,34.1,24.2,27,18.5,False,False,2,159,False,43.6,20.0,54,False,False,60.0,True,False,11.3,49.3,False,True,83,52,53,31,12,True,16,True,25.3,True,106,False,False,False,123.0,77.0,12,True,12,True,47.0,14.0,False,False,True,3,False,False,SYNTHETIC,77.1,Critical,69.6
ORG-01137,large,education,5782,10717,898,95.0,34.6,183,44.5,False,False,2,101,True,46.1,48.3,33,True,False,60.6,True,True,61.1,49.0,True,False,60,40,43,15,12,False,24,True,44.9,False,277,True,True,True,115.0,65.0,6,True,12,True,25.0,13.0,False,False,False,1,False,False,SYNTHETIC,47.8,Moderate,48.2
ORG-01138,medium,manufacturing,108,142,14,15.2,9.4,6,32.1,False,False,2,160,True,7.0,41.6,52,False,False,36.3,True,True,16.2,36.6,False,False,75,42,61,30,0,False,16,True,3.0,False,98,True,True,True,199.0,106.0,24,True,0,False,73.0,17.0,False,False,True,2,True,False,SYNTHETIC,68.0,High,63.2
ORG-01139,medium,energy,1008,1349,76,60.9,8.9,18,62.9,True,True,4,136,True,34.5,48.7,44,True,True,51.5,True,True,40.6,48.1,True,True,49,27,28,16,0,False,8,True,59.8,False,167,True,False,False,125.0,65.0,12,True,3,False,30.0,17.0,True,True,True,3,True,False,SYNTHETIC,33.1,Moderate,34.8
ORG-01140,small,retail,11,15,1,68.8,31.3,3,11.3,False,False,1,176,False,0.0,20.0,69,False,False,28.3,True,False,0.0,16.7,False,False,95,66,98,23,0,False,0,False,2.7,False,106,True,False,False,190.0,117.0,12,False,12,False,70.0,24.0,False,False,False,6,True,False,SYNTHETIC,100.0,Critical,88.4
ORG-01141,medium,education,591,710,52,42.6,32.7,12,52.9,False,False,3,118,False,41.2,39.6,38,True,True,38.4,True,False,40.9,53.5,False,False,69,42,43,33,6,False,8,True,45.8,False,152,True,False,False,135.0,73.0,24,False,6,True,46.0,11.0,True,False,True,2,True,False,SYNTHETIC,67.3,High,66.3
ORG-01142,medium,technology,1276,1750,165,70.5,0.3,35,72.1,True,True,4,62,True,56.1,51.7,13,True,True,69.7,True,True,64.7,83.4,True,True,45,24,27,15,0,False,0,False,54.6,False,264,True,True,True,79.0,56.0,6,False,12,True,35.0,8.0,True,False,False,0,False,True,SYNTHETIC,38.0,Moderate,39.1
ORG-01143,small,finance,27,28,1,65.4,28.8,4,20.7,False,False,2,143,True,48.5,20.5,40,False,False,36.5,True,False,45.1,23.0,True,True,54,52,46,22,12,False,0,False,42.6,False,159,True,True,False,126.0,76.0,6,True,6,False,59.0,19.0,False,False,True,3,True,False,SYNTHETIC,63.7,High,64.2
ORG-01144,medium,retail,193,291,24,26.3,37.4,7,61.6,True,True,3,66,False,40.3,77.8,21,False,True,64.9,True,True,54.1,78.0,True,True,48,22,22,22,6,True,16,True,76.1,True,283,True,False,True,83.0,47.0,1,False,3,True,22.0,9.0,False,False,True,2,False,False,SYNTHETIC,38.4,Moderate,37.4
ORG-01145,small,finance,20,28,2,79.3,0.0,3,80.6,True,True,3,82,True,40.3,59.3,25,True,True,70.5,True,True,61.9,77.6,True,True,24,28,20,15,24,False,0,False,69.5,False,292,True,True,True,86.0,46.0,1,True,0,True,24.0,8.0,True,True,True,2,True,False,SYNTHETIC,26.6,Moderate,26.2
ORG-01146,small,finance,43,45,1,63.2,10.1,1,50.4,False,False,2,165,False,39.6,38.7,42,False,True,40.3,True,False,48.4,44.4,False,True,59,42,74,24,24,True,8,True,22.6,True,249,False,False,True,110.0,54.0,12,True,3,True,57.0,10.0,True,False,True,0,False,False,SYNTHETIC,59.6,High,58.6
ORG-01147,small,education,41,56,3,90.0,52.5,7,0.0,False,False,1,194,False,0.0,20.0,58,False,False,17.9,True,True,7.2,27.8,False,False,85,51,63,28,12,False,0,False,9.1,False,29,True,False,False,183.0,89.0,12,False,6,False,68.0,17.0,False,False,False,4,False,False,SYNTHETIC,100.0,Critical,86.7
ORG-01148,medium,government,312,454,38,35.9,18.9,12,78.9,True,True,4,95,True,50.1,68.0,23,True,True,71.0,True,True,73.9,75.8,True,True,32,30,26,6,6,True,0,True,70.2,False,327,True,True,True,49.0,39.0,12,True,0,True,20.0,9.0,False,True,True,1,False,False,SYNTHETIC,20.0,Low,20.2
ORG-01149,small,finance,12,16,1,24.5,0.0,3,47.8,False,False,2,186,True,24.8,24.4,60,False,False,27.5,True,True,19.1,31.4,False,True,76,48,93,31,12,False,0,False,0.0,False,163,False,False,False,131.0,84.0,24,True,12,False,49.0,11.0,True,False,False,3,False,False,SYNTHETIC,68.6,High,70.7
ORG-01150,large,energy,17428,42605,5192,92.4,66.4,1043,75.6,True,True,4,65,True,87.1,74.5,22,True,True,68.7,True,True,62.2,78.9,True,True,50,19,30,8,12,True,16,True,78.8,True,269,False,False,True,57.0,49.0,12,True,6,True,26.0,6.0,False,True,False,0,False,False,SYNTHETIC,24.7,Low,26.6
ORG-01151,small,healthcare,17,20,1,80.3,71.4,3,0.0,False,False,2,204,False,21.6,20.0,68,False,False,16.9,True,False,0.0,11.4,True,False,69,63,69,28,12,False,8,True,14.7,False,93,False,False,False,187.0,99.0,12,False,6,False,57.0,28.0,False,False,False,5,False,False,SYNTHETIC,97.2,Critical,86.5
ORG-01152,large,finance,11990,24302,2716,76.3,26.7,547,70.0,True,True,4,81,True,48.6,70.8,8,True,True,71.4,True,True,59.6,91.9,True,True,33,9,27,9,6,True,24,True,70.2,True,346,True,True,True,57.0,46.0,72,True,3,True,17.0,3.0,False,True,True,1,True,False,SYNTHETIC,23.2,Low,18.9
ORG-01153,small,finance,29,41,3,61.2,3.5,2,42.0,False,False,3,169,True,30.9,36.2,46,False,False,27.2,False,True,11.6,44.9,True,False,69,51,71,24,12,True,0,True,40.9,True,158,True,True,False,141.0,70.0,12,False,12,True,51.0,14.0,False,False,False,1,False,True,SYNTHETIC,64.3,High,63.7
ORG-01154,small,healthcare,21,24,1,76.1,0.0,3,1.7,False,False,2,170,False,35.4,42.1,56,True,False,22.8,True,False,9.4,36.0,False,False,69,63,61,41,12,False,0,False,21.2,False,92,True,False,False,144.0,91.0,24,False,3,False,59.0,17.0,False,False,False,3,False,False,SYNTHETIC,99.6,Critical,85.1
ORG-01155,large,healthcare,6067,10009,1212,85.3,55.7,244,75.0,False,False,4,78,False,77.1,59.9,17,True,True,82.5,True,True,27.7,69.3,True,True,28,20,45,8,12,True,24,True,65.8,True,282,False,False,True,58.0,25.0,6,False,12,True,27.0,16.0,True,True,True,0,False,False,SYNTHETIC,39.1,Moderate,40.4
ORG-01156,medium,government,844,1272,79,15.7,38.1,19,64.5,False,False,3,63,False,45.5,54.9,26,False,True,71.1,True,False,65.0,92.6,True,False,40,18,40,12,6,True,8,True,64.9,True,284,False,False,True,61.0,57.0,24,False,6,True,32.0,11.0,False,False,False,2,False,False,SYNTHETIC,53.0,High,52.4
ORG-01157,medium,government,411,688,56,42.9,26.1,16,53.9,False,True,3,84,True,10.2,57.4,22,False,True,33.8,True,False,42.2,63.6,False,True,33,35,41,25,0,True,16,True,46.8,True,190,True,True,True,104.0,55.0,24,False,3,True,40.0,11.0,True,True,True,2,True,True,SYNTHETIC,42.3,Moderate,44.7
ORG-01158,large,energy,4172,6478,703,83.7,67.6,142,78.8,True,True,4,30,True,100.0,76.4,10,True,True,94.4,True,True,88.5,95.3,True,True,19,12,2,6,12,True,16,True,97.5,True,371,True,True,True,1.0,1.0,1,True,6,True,1.0,0.5,True,True,True,0,False,False,SYNTHETIC,7.3,Low,8.9
ORG-01159,medium,technology,360,545,49,77.4,0.0,15,36.0,False,False,2,186,False,28.4,21.5,61,False,True,38.6,True,False,14.2,20.8,False,False,76,43,55,24,6,False,24,True,13.8,False,184,True,False,False,152.0,73.0,72,True,12,True,64.0,27.0,False,False,False,3,True,False,SYNTHETIC,69.8,High,68.3
ORG-01160,medium,education,424,541,43,76.4,61.1,11,19.4,False,False,2,132,False,19.3,37.2,57,False,True,23.1,True,True,48.3,48.9,False,False,71,45,67,23,6,False,8,True,14.2,False,150,True,False,True,170.0,48.0,6,True,6,True,48.0,15.0,False,True,False,2,False,False,SYNTHETIC,71.4,High,62.2
ORG-01161,small,retail,47,47,3,80.6,11.6,1,42.8,False,False,2,125,False,61.9,25.6,33,False,True,49.5,True,False,16.3,68.0,False,False,71,37,47,29,24,False,0,False,35.1,False,200,False,False,True,151.0,69.0,12,True,0,True,65.0,22.0,True,True,False,2,True,False,SYNTHETIC,60.7,High,63.7
ORG-01162,small,healthcare,68,76,2,47.9,3.8,4,75.1,True,True,4,99,True,38.6,62.3,30,True,False,71.7,True,True,68.3,49.0,True,False,26,29,31,21,24,False,8,True,59.8,False,212,True,False,True,79.0,18.0,12,False,12,True,27.0,6.0,True,False,True,0,False,False,SYNTHETIC,39.9,Moderate,41.3
ORG-01163,small,retail,97,100,6,84.5,63.0,4,27.7,False,False,2,91,False,24.7,47.9,37,False,False,34.3,False,True,38.0,33.3,True,False,80,41,37,24,24,False,0,False,22.0,False,163,False,False,False,94.0,65.0,6,True,1,True,38.0,14.0,False,False,False,1,True,False,SYNTHETIC,66.2,High,65.8
ORG-01164,medium,government,2052,2650,211,59.8,60.3,43,53.5,False,False,3,141,False,50.6,56.4,44,False,False,46.6,True,True,60.3,45.6,False,True,43,47,39,24,12,True,8,True,31.8,True,269,True,False,True,113.0,64.0,6,False,6,False,44.0,21.0,False,True,True,2,True,False,SYNTHETIC,56.8,High,58.7
ORG-01165,small,energy,78,116,7,78.9,0.0,5,26.9,False,False,3,185,False,10.0,20.0,58,False,False,19.3,True,True,21.1,33.2,False,False,61,48,61,25,6,False,0,False,27.8,False,99,True,True,False,124.0,76.0,12,False,12,False,63.0,27.0,False,False,False,1,False,True,SYNTHETIC,85.0,Critical,77.2
ORG-01166,medium,government,840,1449,88,67.4,43.7,21,65.8,True,True,5,72,False,90.1,84.7,39,True,True,58.9,True,True,71.4,78.2,True,True,13,26,9,16,12,True,16,True,78.3,False,268,True,True,True,60.0,1.0,24,True,3,False,31.0,4.0,True,True,False,1,False,False,SYNTHETIC,22.5,Low,22.1
ORG-01167,small,finance,79,109,2,43.4,20.7,4,81.2,True,True,3,69,True,35.1,67.1,25,True,True,59.5,True,True,71.3,73.0,True,True,41,23,27,11,24,True,0,True,61.5,True,300,True,True,False,42.0,23.0,12,False,3,True,30.0,9.0,False,True,True,0,False,True,SYNTHETIC,33.3,Moderate,34.0
ORG-01168,medium,finance,663,824,42,55.5,68.1,8,80.4,True,True,4,66,True,63.1,86.1,22,True,True,94.7,False,True,65.3,85.9,True,True,14,16,2,10,0,True,16,True,100.0,False,369,True,True,True,43.0,1.0,12,True,12,True,15.0,9.0,True,False,True,1,False,False,SYNTHETIC,11.4,Low,12.9
ORG-01169,small,retail,15,19,1,60.7,76.4,4,51.4,False,False,2,150,False,48.7,25.4,39,False,False,63.1,True,False,38.8,32.2,False,False,73,52,56,22,24,False,0,False,37.7,False,140,True,False,True,105.0,85.0,1,False,12,True,53.0,9.0,False,False,False,2,True,True,SYNTHETIC,74.5,High,75.7
ORG-01170,medium,healthcare,317,389,26,46.3,23.6,9,69.9,False,False,2,130,False,31.4,38.3,44,True,False,34.6,True,False,41.7,38.4,False,False,49,46,52,23,12,True,8,True,30.8,False,147,False,False,False,128.0,81.0,6,False,6,False,38.0,14.0,False,False,False,2,False,False,SYNTHETIC,73.4,High,72.5
ORG-01171,small,energy,3,3,1,68.5,36.6,1,72.6,True,True,4,90,True,70.9,71.3,39,False,True,62.1,True,False,49.5,66.4,True,True,46,26,37,2,6,False,8,True,65.2,False,264,True,False,False,93.0,44.0,1,False,0,True,39.0,10.0,True,True,False,0,False,True,SYNTHETIC,40.3,Moderate,38.6
ORG-01172,medium,finance,1469,2096,228,64.1,17.4,50,75.2,True,True,5,54,True,66.5,57.2,32,True,True,60.0,True,True,38.2,81.7,False,True,43,15,20,7,12,True,8,True,59.6,True,370,True,True,True,62.0,35.0,6,False,3,True,22.0,2.0,False,False,True,0,False,True,SYNTHETIC,30.3,Moderate,31.7
ORG-01173,small,technology,21,24,1,67.6,35.5,3,40.6,False,False,3,198,False,40.8,35.5,36,False,False,49.5,True,True,54.9,40.7,True,False,51,31,34,34,6,False,0,False,39.8,False,207,True,False,True,153.0,76.0,1,True,6,True,48.0,15.0,False,False,True,4,True,False,SYNTHETIC,54.7,High,56.3
ORG-01174,medium,retail,838,1115,120,52.8,13.0,30,84.6,True,True,4,100,False,82.7,81.9,15,True,True,84.4,True,True,73.7,87.6,True,True,11,16,26,11,12,True,8,True,82.0,True,328,True,True,True,34.0,33.0,1,True,1,True,13.0,11.0,True,True,True,1,False,False,SYNTHETIC,15.0,Low,17.9
ORG-01175,large,energy,21921,46164,5620,91.2,26.2,1128,100.0,True,True,5,50,True,42.5,98.0,3,True,True,98.9,True,True,89.9,87.7,True,True,30,8,6,4,12,True,16,True,100.0,True,324,True,True,True,1.0,8.0,24,True,6,True,11.0,0.5,True,True,True,0,False,False,SYNTHETIC,6.6,Low,7.0
ORG-01176,small,energy,13,14,1,49.2,54.3,6,90.2,True,True,5,81,False,88.4,76.6,15,False,True,82.1,True,True,69.2,72.0,True,True,17,27,35,1,12,False,0,False,74.2,False,328,True,True,False,64.0,29.0,24,True,12,True,31.0,9.0,True,True,True,1,True,False,SYNTHETIC,24.8,Low,26.9
ORG-01177,small,finance,195,210,13,63.7,17.8,7,38.6,False,False,2,124,False,61.2,26.7,50,False,True,24.8,True,False,29.5,31.9,True,False,77,51,77,30,24,False,0,False,42.0,False,148,False,False,False,132.0,80.0,6,False,3,False,46.0,16.0,False,True,True,5,True,False,SYNTHETIC,76.3,Critical,76.7
ORG-01178,large,retail,17711,29079,3753,56.0,32.0,753,67.0,True,True,4,67,True,67.8,62.8,29,True,True,95.8,True,True,88.1,92.2,True,True,34,20,14,9,6,True,8,True,60.5,True,335,True,True,True,39.0,23.0,24,True,12,True,22.0,8.0,True,True,True,0,False,False,SYNTHETIC,18.2,Low,18.1
ORG-01179,medium,energy,800,1010,64,60.1,0.8,14,41.9,False,False,4,81,False,41.6,27.6,49,False,False,51.5,True,False,58.1,58.3,False,True,52,35,38,18,12,True,16,True,47.6,True,218,False,False,True,89.0,47.0,1,False,6,True,30.0,16.0,True,False,False,1,False,False,SYNTHETIC,59.9,High,59.0
ORG-01180,large,healthcare,7143,16866,2435,44.3,12.5,490,32.0,True,True,3,121,True,61.9,66.5,35,True,True,51.7,True,True,41.0,72.9,True,True,48,40,40,16,6,True,24,True,43.3,False,209,True,True,True,83.0,55.0,12,False,1,True,35.0,14.0,True,True,True,0,False,False,SYNTHETIC,32.6,Moderate,33.8
ORG-01181,small,healthcare,33,38,1,55.4,0.0,1,44.7,True,True,3,122,True,61.6,31.4,18,True,True,65.3,True,False,62.8,46.1,True,True,53,32,53,18,12,True,0,True,14.8,True,250,False,False,False,109.0,74.0,12,True,6,False,32.0,15.0,False,False,False,0,False,False,SYNTHETIC,52.3,High,52.7
ORG-01182,medium,energy,321,522,58,46.8,34.7,14,33.9,False,False,2,141,False,26.5,46.0,49,True,False,34.8,True,False,29.6,48.3,False,True,52,51,57,20,12,True,0,True,20.2,True,159,True,False,False,104.0,79.0,1,False,6,True,42.0,21.0,False,False,False,1,True,False,SYNTHETIC,76.7,Critical,72.5
ORG-01183,small,energy,30,44,2,61.5,19.1,4,32.6,False,False,3,164,True,11.8,41.0,47,False,True,42.9,True,True,13.8,51.7,False,False,77,46,72,33,12,False,0,False,37.1,False,99,True,True,True,155.0,70.0,6,False,3,False,43.0,19.0,False,True,False,2,True,True,SYNTHETIC,65.8,High,65.8
ORG-01184,medium,technology,987,1601,177,35.5,63.0,36,54.5,False,True,3,109,True,73.1,58.8,29,False,True,56.3,True,True,30.4,64.5,True,False,45,21,56,15,12,True,24,True,55.1,True,259,False,False,True,105.0,44.0,1,True,6,True,50.0,13.0,True,True,True,0,False,False,SYNTHETIC,34.5,Moderate,35.1
ORG-01185,medium,manufacturing,763,1127,93,44.4,67.9,20,50.9,False,True,3,120,False,56.6,60.6,36,True,True,41.9,True,True,57.4,80.0,False,True,46,18,26,15,6,True,8,True,32.1,True,257,True,True,True,77.0,46.0,12,False,6,True,17.0,14.0,True,False,True,2,False,False,SYNTHETIC,43.3,Moderate,44.1
ORG-01186,small,government,45,54,2,62.1,53.0,2,43.5,False,False,1,202,False,0.0,20.0,58,True,False,36.9,True,True,32.5,14.2,False,False,77,51,86,38,6,False,8,True,12.9,False,65,False,False,False,204.0,85.0,12,False,6,False,63.0,18.0,False,False,False,2,False,True,SYNTHETIC,87.1,Critical,82.1
ORG-01187,small,manufacturing,11,14,1,97.0,43.3,2,20.4,False,False,2,172,True,0.0,20.0,67,False,False,28.6,True,False,5.3,53.9,True,False,92,56,79,24,0,True,0,True,0.0,True,81,False,False,True,139.0,107.0,12,True,3,True,66.0,25.0,False,False,False,2,True,False,SYNTHETIC,67.8,High,67.0
ORG-01188,large,energy,11471,27114,2224,77.0,23.5,449,80.5,True,True,4,92,True,49.9,50.8,29,True,False,76.7,True,False,50.0,80.9,True,False,28,20,42,15,12,True,16,True,83.9,True,322,True,True,True,82.0,32.0,72,True,3,True,27.0,13.0,True,True,True,1,True,False,SYNTHETIC,25.4,Moderate,24.9
ORG-01189,small,government,38,54,4,34.7,0.9,3,52.7,False,False,3,170,True,47.5,52.9,42,True,False,57.2,True,True,5.9,53.2,True,False,65,51,56,28,12,False,0,False,30.5,False,139,False,False,False,124.0,57.0,12,True,12,False,44.0,17.0,True,True,False,3,True,False,SYNTHETIC,58.5,High,59.4
ORG-01190,medium,finance,329,462,31,68.6,31.7,12,36.1,False,False,2,135,True,37.5,45.7,40,False,False,53.3,True,False,53.1,45.2,True,False,79,37,59,32,24,True,16,True,64.5,True,176,True,True,False,109.0,51.0,12,True,6,False,47.0,18.0,True,True,False,0,False,False,SYNTHETIC,52.5,High,54.8
ORG-01191,medium,healthcare,592,828,87,80.1,11.0,21,75.0,False,False,3,139,True,58.3,54.9,31,True,True,65.8,True,True,53.4,52.4,True,False,46,31,44,21,12,False,8,True,45.9,False,215,True,True,False,70.0,52.0,12,True,6,False,38.0,12.0,False,True,False,1,False,False,SYNTHETIC,43.3,Moderate,46.1
ORG-01192,medium,government,366,574,43,55.3,43.3,10,49.0,False,False,4,108,False,46.5,52.8,22,True,False,67.0,True,True,74.1,68.3,False,False,62,34,39,3,12,False,8,True,51.7,False,244,True,True,True,97.0,67.0,6,True,12,True,31.0,10.0,True,True,True,0,False,False,SYNTHETIC,45.6,Moderate,43.5
ORG-01193,small,education,64,69,3,65.7,44.9,4,11.7,False,False,2,207,False,3.9,20.0,66,False,False,29.2,True,False,0.6,25.7,False,False,83,45,61,39,0,False,8,True,17.9,False,51,False,False,True,201.0,127.0,72,False,3,False,81.0,27.0,False,False,False,3,False,False,SYNTHETIC,95.3,Critical,85.5
ORG-01194,medium,government,482,698,83,81.7,22.8,19,14.8,False,False,2,148,False,46.6,34.2,42,False,False,22.2,True,True,39.6,56.0,False,False,66,60,64,22,0,False,8,True,22.5,False,119,True,False,True,134.0,66.0,1,False,3,False,50.0,20.0,False,False,False,4,True,True,SYNTHETIC,83.5,Critical,73.4
ORG-01195,medium,manufacturing,513,801,46,77.3,65.6,13,60.0,True,True,3,93,False,38.8,48.7,39,True,True,48.8,True,False,32.3,68.8,False,False,72,24,35,20,6,False,0,False,39.1,False,218,False,False,False,112.0,55.0,24,False,12,True,39.0,11.0,True,True,True,0,False,True,SYNTHETIC,60.6,High,57.8
ORG-01196,small,education,29,43,2,76.4,21.1,2,39.6,False,False,2,155,False,34.9,47.2,46,False,True,58.9,True,True,26.0,55.1,False,False,60,38,24,18,0,False,0,False,59.1,False,255,True,False,True,104.0,77.0,72,True,6,False,37.0,13.0,False,False,True,3,False,False,SYNTHETIC,54.9,High,54.4
ORG-01197,small,energy,115,165,8,60.9,10.5,1,52.2,False,False,3,143,False,40.2,44.9,36,False,False,62.4,True,False,22.3,33.6,False,True,62,35,39,25,24,False,8,True,46.1,False,169,True,False,False,130.0,79.0,12,False,3,True,44.0,19.0,False,True,False,0,False,False,SYNTHETIC,67.9,High,68.7
ORG-01198,medium,finance,400,572,29,79.6,59.0,5,78.0,True,True,5,56,True,76.5,93.1,26,True,True,81.3,True,True,83.5,96.6,True,True,13,13,25,7,12,True,8,True,92.7,True,387,True,True,True,26.0,9.0,12,True,6,True,6.0,3.0,True,True,True,0,False,False,SYNTHETIC,11.9,Low,12.5
ORG-01199,small,manufacturing,20,22,1,51.0,29.7,4,13.5,False,False,2,143,True,40.7,23.4,40,False,False,42.7,True,False,39.0,38.7,False,False,67,53,44,34,12,False,8,True,34.4,False,164,False,False,False,142.0,96.0,12,False,1,False,47.0,19.0,True,True,False,2,False,False,SYNTHETIC,81.4,Critical,73.9
ORG-01200,small,healthcare,27,30,1,43.3,27.7,5,39.6,False,True,3,112,False,58.2,47.7,40,True,True,65.1,True,True,44.0,60.7,True,False,57,48,50,21,12,False,0,False,54.9,False,157,True,False,False,81.0,72.0,24,True,1,False,30.0,12.0,True,True,True,4,False,False,SYNTHETIC,49.1,Moderate,48.3
ORG-01201,medium,retail,296,491,38,76.2,49.8,9,27.9,False,False,2,166,True,19.8,20.0,58,False,False,28.2,True,False,19.4,23.8,True,False,102,60,48,33,6,False,8,True,12.0,False,87,False,False,False,174.0,115.0,6,False,6,False,66.0,12.0,True,False,True,0,False,False,SYNTHETIC,86.7,Critical,76.8
ORG-01202,small,manufacturing,22,32,1,90.5,27.7,3,37.2,False,False,2,128,False,13.3,42.3,47,True,True,39.0,True,False,7.4,38.4,False,False,49,45,74,25,0,False,8,True,26.0,False,173,True,True,False,144.0,73.0,72,False,6,False,56.0,18.0,True,False,False,2,True,False,SYNTHETIC,77.8,Critical,72.7
ORG-01203,large,healthcare,2809,5117,628,75.8,85.1,126,54.5,False,False,3,129,True,57.7,34.0,46,False,True,62.1,True,False,36.0,48.2,False,False,54,49,53,21,6,True,16,True,43.0,True,205,False,False,True,156.0,84.0,12,True,3,False,44.0,10.0,False,True,True,4,True,False,SYNTHETIC,53.5,High,52.2
ORG-01204,medium,manufacturing,1492,2398,235,15.0,59.2,49,60.8,False,False,3,109,True,32.7,46.4,36,True,False,59.1,True,True,56.8,55.0,True,False,51,54,53,22,0,True,16,True,43.4,False,218,True,False,True,88.0,46.0,1,True,12,True,45.0,13.0,False,False,False,3,True,False,SYNTHETIC,45.4,Moderate,46.1
ORG-01205,large,healthcare,5686,13730,2461,51.9,45.5,497,95.4,True,True,4,63,True,65.9,81.3,3,True,True,87.2,False,True,66.6,82.8,True,True,11,18,2,1,6,True,24,True,95.1,True,310,True,True,False,20.0,17.0,24,True,12,True,12.0,5.0,True,True,True,0,False,False,SYNTHETIC,8.3,Low,10.0
ORG-01206,medium,healthcare,641,946,83,69.8,51.0,19,53.1,False,False,2,192,False,25.9,33.4,58,True,True,45.7,True,False,26.5,22.2,True,True,81,51,60,33,12,False,16,True,22.4,False,164,False,False,False,160.0,105.0,72,True,3,False,55.0,18.0,False,True,True,1,False,False,SYNTHETIC,68.7,High,67.0
ORG-01207,small,government,82,93,2,56.7,56.1,3,55.3,False,True,3,97,True,66.6,50.5,35,False,True,62.0,True,True,23.3,69.7,False,False,30,47,44,28,0,True,0,True,78.4,True,246,False,False,False,141.0,52.0,6,True,6,True,55.0,10.0,False,False,False,1,True,False,SYNTHETIC,47.2,Moderate,48.1
ORG-01208,small,healthcare,18,20,1,52.9,0.0,2,9.5,False,False,2,153,False,14.1,20.0,54,False,False,10.7,True,False,2.5,19.5,False,False,64,61,75,33,12,False,0,False,17.2,False,71,False,False,False,181.0,94.0,72,False,1,False,50.0,16.0,True,False,False,4,False,False,SYNTHETIC,96.1,Critical,86.1
ORG-01209,small,government,26,38,1,72.9,35.7,1,0.0,False,False,1,181,False,0.0,20.0,70,False,False,10.0,True,False,13.7,10.0,False,False,100,62,82,33,24,False,0,False,9.0,False,14,False,False,False,222.0,115.0,24,False,0,False,81.0,21.0,False,False,False,2,True,False,SYNTHETIC,100.0,Critical,93.9
ORG-01210,medium,technology,427,727,82,53.9,5.2,17,11.7,False,False,2,177,False,21.0,20.0,38,False,False,18.0,True,True,4.7,28.6,False,False,73,53,66,35,24,False,24,True,21.2,False,138,False,False,False,196.0,97.0,6,False,6,False,45.0,13.0,False,False,False,3,False,False,SYNTHETIC,93.5,Critical,83.0
ORG-01211,medium,education,317,509,41,50.7,34.6,10,61.4,False,False,3,110,False,26.7,48.4,36,False,True,40.7,True,False,30.1,28.1,True,True,62,38,64,22,12,False,8,True,30.0,False,129,False,False,True,136.0,78.0,24,False,0,True,46.0,10.0,False,False,False,2,False,True,SYNTHETIC,64.3,High,68.2
ORG-01212,medium,finance,638,1144,83,42.9,32.3,17,52.8,True,True,3,137,False,73.7,62.2,25,True,True,72.4,True,True,34.9,67.2,True,True,44,28,42,24,12,True,8,True,58.6,True,248,True,False,True,74.0,32.0,6,True,3,True,36.0,12.0,True,True,False,0,False,False,SYNTHETIC,31.8,Moderate,33.5
ORG-01213,small,retail,24,30,1,30.3,57.9,2,33.5,False,False,3,148,True,38.4,34.1,47,True,True,48.3,True,False,12.4,43.5,True,False,65,45,45,30,0,True,0,True,46.4,False,185,True,False,False,134.0,75.0,12,False,6,False,54.0,21.0,False,False,False,2,True,False,SYNTHETIC,65.6,High,66.0
ORG-01214,medium,manufacturing,646,1037,81,45.7,16.6,18,52.4,False,True,4,141,True,66.5,44.2,33,False,True,45.0,True,False,33.7,68.9,False,True,54,38,39,26,24,False,8,True,29.7,False,241,True,True,False,88.0,59.0,24,False,3,False,43.0,15.0,True,False,False,3,False,False,SYNTHETIC,61.1,High,60.0
ORG-01215,medium,manufacturing,862,1209,127,48.7,53.5,28,16.4,False,False,2,145,False,13.3,31.1,56,False,False,24.5,True,False,19.5,43.9,False,False,68,54,45,31,0,False,8,True,14.1,False,122,True,False,False,162.0,77.0,1,False,3,False,56.0,29.0,False,True,False,4,True,True,SYNTHETIC,80.8,Critical,78.7
ORG-01216,small,manufacturing,30,32,1,49.2,48.9,1,11.7,False,False,2,213,False,32.0,20.0,60,False,False,31.6,True,False,16.8,30.7,False,False,95,70,84,42,24,False,0,False,6.8,False,22,False,False,False,200.0,125.0,12,False,6,False,70.0,22.0,False,False,False,5,False,False,SYNTHETIC,100.0,Critical,92.2
ORG-01217,small,technology,36,41,2,78.2,56.3,2,49.2,False,False,2,157,False,32.2,29.0,42,False,False,47.9,True,True,21.3,26.8,False,False,64,52,38,29,12,True,0,True,41.4,True,163,False,False,False,166.0,90.0,6,False,1,True,58.0,15.0,True,False,True,4,True,False,SYNTHETIC,68.2,High,65.9
ORG-01218,medium,finance,551,929,108,62.0,46.8,22,39.8,True,True,3,133,True,58.0,33.9,37,False,False,57.5,True,False,33.3,60.0,False,True,67,39,55,29,6,False,24,True,66.7,False,191,True,True,True,73.0,68.0,72,False,12,True,46.0,12.0,True,False,False,0,False,False,SYNTHETIC,54.3,High,55.1
ORG-01219,small,government,33,36,1,68.8,7.8,4,39.8,False,False,2,132,False,34.6,49.8,40,False,True,42.3,True,False,10.7,35.8,True,False,50,40,49,21,12,False,0,False,41.1,False,201,True,False,False,145.0,85.0,72,False,6,False,42.0,12.0,False,True,False,1,False,False,SYNTHETIC,69.5,High,69.9
ORG-01220,medium,retail,1176,1906,206,52.9,57.3,50,24.5,False,False,3,88,True,0.0,54.0,57,True,True,53.4,True,True,4.1,43.2,False,False,55,26,55,25,24,False,8,True,35.3,False,227,True,False,True,131.0,66.0,12,False,3,False,51.0,7.0,True,True,False,2,True,False,SYNTHETIC,60.8,High,62.1
ORG-01221,small,technology,29,41,2,85.8,27.5,2,3.7,False,False,2,192,False,11.3,20.0,62,False,False,10.0,True,False,0.0,28.8,False,False,104,60,65,22,12,False,0,False,4.3,False,36,False,False,True,172.0,92.0,12,False,0,False,77.0,20.0,False,False,False,2,True,False,SYNTHETIC,100.0,Critical,88.0
ORG-01222,small,education,6,6,1,30.1,78.6,7,45.4,False,False,3,130,False,46.9,29.5,47,False,False,19.9,True,False,73.6,51.0,True,True,59,43,60,27,12,False,0,False,30.2,False,173,False,False,False,157.0,67.0,24,True,6,True,58.0,12.0,False,False,False,1,False,False,SYNTHETIC,71.7,High,70.4
ORG-01223,small,energy,32,44,3,82.3,57.7,6,21.2,False,False,2,187,False,0.0,20.0,69,False,False,32.8,True,False,42.5,20.1,False,True,84,49,91,20,0,True,0,True,27.7,False,62,False,False,False,166.0,116.0,72,False,3,False,68.0,18.0,False,False,True,1,True,False,SYNTHETIC,86.5,Critical,79.7
ORG-01224,small,technology,80,112,6,85.0,0.0,3,17.0,False,False,1,165,True,40.5,20.0,64,False,False,18.1,True,False,16.8,31.6,False,False,71,52,73,34,12,False,16,True,39.6,False,142,False,False,True,180.0,91.0,12,False,6,False,55.0,20.0,True,False,False,2,False,False,SYNTHETIC,83.1,Critical,77.7
ORG-01225,medium,energy,2730,4742,462,59.0,18.7,100,50.2,False,False,3,95,True,45.3,53.8,28,True,True,63.8,True,True,65.4,75.3,True,True,38,34,42,18,12,True,24,True,47.0,True,216,True,False,True,109.0,55.0,72,False,3,True,43.0,15.0,True,False,True,0,False,False,SYNTHETIC,44.0,Moderate,42.9
ORG-01226,medium,healthcare,339,416,46,54.7,45.8,12,63.2,True,True,3,90,True,71.4,66.7,21,True,True,78.9,True,True,81.1,68.7,True,False,32,30,32,13,0,True,16,True,64.8,True,276,False,False,True,66.0,8.0,24,False,6,False,25.0,12.0,False,True,True,1,False,True,SYNTHETIC,36.5,Moderate,35.6
ORG-01227,small,healthcare,12,15,1,91.6,0.0,5,33.2,False,False,3,148,False,39.7,27.6,49,True,False,28.0,True,False,29.9,60.4,True,False,77,43,51,25,12,False,0,False,33.5,False,191,False,False,False,100.0,97.0,6,True,12,False,49.0,17.0,True,False,False,2,True,False,SYNTHETIC,69.5,High,70.1
ORG-01228,small,government,10,10,1,80.7,0.7,2,13.7,False,False,1,184,False,0.0,20.0,57,False,False,22.3,True,False,9.3,23.6,False,False,83,65,84,36,6,False,8,True,0.0,False,64,False,False,True,190.0,118.0,24,False,6,False,78.0,22.0,False,False,False,7,True,True,SYNTHETIC,99.9,Critical,88.0
ORG-01229,small,manufacturing,35,45,1,75.6,10.7,3,29.9,False,False,2,167,False,19.7,42.2,53,True,True,30.6,True,True,7.1,54.2,True,False,75,63,65,25,12,False,0,False,21.5,False,143,False,False,False,132.0,100.0,1,False,6,True,54.0,16.0,False,True,True,2,False,True,SYNTHETIC,75.9,Critical,71.3
ORG-01230,small,retail,17,19,1,84.0,0.0,1,1.1,False,False,1,209,False,19.2,20.0,60,False,False,10.0,True,False,5.2,14.1,False,False,102,63,65,32,24,False,0,False,0.0,False,63,False,False,False,176.0,124.0,1,True,3,True,73.0,24.0,False,False,False,2,False,False,SYNTHETIC,91.9,Critical,85.3
ORG-01231,medium,energy,521,850,57,53.7,40.4,15,41.7,False,False,2,147,False,44.3,46.5,46,False,False,57.7,True,True,32.1,38.8,True,False,84,55,56,22,0,True,8,True,28.9,True,109,False,False,True,90.0,83.0,12,False,6,False,41.0,17.0,True,True,False,5,True,True,SYNTHETIC,67.7,High,61.4
ORG-01232,large,energy,37339,66916,7088,71.5,49.1,1419,91.9,True,True,5,51,True,81.8,90.3,4,True,True,100.0,True,True,95.5,79.8,True,True,11,10,12,2,0,True,24,True,93.5,False,374,True,True,True,1.0,1.0,1,True,6,True,10.0,6.0,True,True,False,0,False,False,SYNTHETIC,6.3,Low,6.5
ORG-01233,medium,finance,625,1100,87,72.8,82.7,20,7.2,False,False,1,188,False,45.9,23.8,57,False,False,19.6,True,True,42.4,29.7,False,True,84,50,76,26,12,True,8,True,35.4,False,104,False,False,False,184.0,95.0,12,False,12,False,61.0,24.0,False,False,False,1,True,True,SYNTHETIC,87.3,Critical,81.1
ORG-01234,small,energy,87,121,8,60.1,18.9,5,39.7,False,False,2,156,False,43.3,25.6,54,True,False,44.3,True,True,28.9,28.5,False,False,54,51,82,22,24,True,8,True,35.2,False,105,False,False,False,140.0,98.0,72,True,6,True,50.0,17.0,True,False,True,1,False,False,SYNTHETIC,60.3,High,61.4
ORG-01235,small,manufacturing,162,220,8,70.4,28.8,7,33.4,False,False,2,131,False,42.5,41.5,43,True,True,43.3,True,False,17.6,54.4,True,True,48,25,58,29,0,True,0,True,64.9,True,200,True,False,False,111.0,62.0,72,False,1,False,40.0,16.0,False,False,False,2,True,False,SYNTHETIC,68.3,High,67.2
ORG-01236,medium,technology,244,322,22,58.8,43.3,6,44.6,True,True,3,83,True,57.9,46.0,47,False,True,60.7,False,False,33.9,53.3,True,False,37,34,45,19,0,False,0,False,65.2,False,272,False,False,True,80.0,48.0,24,True,12,False,13.0,9.0,True,False,False,0,False,False,SYNTHETIC,48.4,Moderate,47.0
ORG-01237,small,manufacturing,7,8,1,100.0,45.3,3,19.5,False,False,1,186,False,19.0,20.0,60,False,False,40.8,False,False,0.0,26.1,False,False,79,68,75,29,12,False,8,True,5.9,False,23,False,False,True,163.0,107.0,6,False,6,False,81.0,20.0,False,True,False,2,True,True,SYNTHETIC,95.3,Critical,85.2
ORG-01238,small,technology,148,217,10,59.0,47.8,5,42.3,False,False,2,162,False,16.1,20.0,52,False,False,40.2,True,False,17.4,50.1,False,False,77,55,76,24,0,False,8,True,28.0,False,135,True,False,False,132.0,128.0,72,False,12,False,60.0,17.0,False,False,False,0,False,True,SYNTHETIC,87.4,Critical,80.5
ORG-01239,medium,technology,1351,1919,159,34.7,30.3,36,71.3,True,True,5,66,True,64.6,76.0,21,True,True,75.4,True,True,86.6,81.7,True,False,23,9,31,13,6,True,16,True,78.4,True,260,True,True,True,44.0,14.0,6,True,0,False,6.0,6.0,True,False,True,0,False,False,SYNTHETIC,19.6,Low,19.3
ORG-01240,small,retail,33,37,2,75.1,29.2,1,11.5,False,False,2,141,True,38.2,20.0,40,True,True,57.7,True,False,46.1,53.1,False,False,78,28,60,23,12,False,0,False,23.8,False,143,False,False,False,145.0,48.0,24,True,6,False,40.0,11.0,False,False,False,2,False,False,SYNTHETIC,76.3,Critical,72.0
ORG-01241,medium,education,426,598,65,63.4,40.5,16,12.0,False,False,2,186,False,20.2,20.0,65,True,False,27.3,False,True,15.8,39.9,True,False,68,49,63,36,6,False,24,True,13.6,False,107,False,False,False,158.0,95.0,6,False,12,True,77.0,22.0,False,False,False,1,True,False,SYNTHETIC,89.9,Critical,78.1
ORG-01242,large,education,17157,31217,3962,69.2,53.0,797,8.2,False,False,2,131,True,18.3,31.6,49,False,False,31.0,True,False,18.2,40.5,False,False,66,55,69,36,12,False,24,True,39.5,False,147,False,False,False,174.0,103.0,12,True,3,True,50.0,17.0,False,False,False,3,False,False,SYNTHETIC,78.3,Critical,70.7
ORG-01243,medium,technology,284,364,37,73.4,47.7,7,66.5,True,True,3,98,True,45.1,85.9,25,True,False,88.9,True,True,31.8,57.5,True,False,27,16,28,13,12,True,16,True,59.4,True,287,True,True,True,73.0,56.0,12,True,1,True,14.0,4.0,False,False,False,2,True,False,SYNTHETIC,27.2,Moderate,28.1
ORG-01244,medium,finance,468,640,37,45.6,22.0,10,38.6,False,False,3,96,True,17.4,40.7,39,False,False,43.9,True,False,45.4,48.4,True,True,52,39,51,27,12,True,8,True,23.1,False,212,False,False,False,85.0,96.0,24,False,3,False,46.0,13.0,True,False,False,4,False,False,SYNTHETIC,73.1,High,65.3
ORG-01245,small,retail,32,42,1,77.6,29.6,1,62.0,True,True,3,99,True,52.5,59.3,24,True,True,72.8,False,False,53.5,58.3,True,False,34,46,61,13,12,False,8,True,48.9,False,244,False,False,True,97.0,64.0,6,False,6,True,30.0,7.0,False,False,True,1,False,False,SYNTHETIC,49.5,Moderate,51.1
ORG-01246,small,education,79,113,5,55.5,36.1,5,29.8,False,False,2,167,False,33.7,25.7,53,False,False,38.9,True,False,24.5,23.1,False,False,83,46,86,33,12,False,16,True,34.0,False,142,False,False,False,117.0,90.0,12,False,12,False,48.0,18.0,False,False,False,0,False,True,SYNTHETIC,84.6,Critical,84.0
ORG-01247,medium,government,730,1238,86,41.8,8.8,19,23.6,False,False,2,154,False,3.0,32.6,48,False,False,35.0,True,False,26.8,45.0,False,True,64,57,60,29,0,True,24,True,37.4,True,129,True,False,True,115.0,94.0,6,False,6,False,43.0,16.0,False,False,False,1,False,False,SYNTHETIC,70.8,High,72.1
ORG-01248,medium,finance,471,666,62,55.7,3.2,18,100.0,True,True,5,34,True,87.2,98.0,12,True,True,100.0,True,True,100.0,95.1,True,True,11,18,2,6,12,True,0,True,88.4,True,399,True,True,True,6.0,23.0,1,True,3,True,15.0,2.0,True,True,True,0,False,False,SYNTHETIC,7.4,Low,7.6
ORG-01249,small,government,100,130,3,88.0,51.1,1,51.3,True,True,3,133,False,39.4,37.0,35,True,False,44.8,True,True,55.8,43.1,True,True,65,36,49,16,12,False,0,False,44.0,False,234,True,False,False,116.0,71.0,6,False,3,False,49.0,19.0,False,True,True,1,False,True,SYNTHETIC,57.9,High,56.8
ORG-01250,small,manufacturing,23,26,1,87.9,12.9,4,44.1,False,False,4,115,False,41.7,33.3,43,True,True,41.3,True,True,23.1,59.8,True,True,61,50,43,32,0,True,0,True,47.7,True,165,True,False,False,102.0,65.0,24,True,12,True,41.0,18.0,False,False,True,1,False,False,SYNTHETIC,57.1,High,54.1
ORG-01251,small,energy,47,47,1,62.4,0.0,2,29.9,False,False,2,151,True,10.1,20.0,45,False,True,33.2,True,False,24.0,23.8,False,False,73,63,49,23,6,False,0,False,32.7,False,136,False,False,False,191.0,78.0,6,False,6,False,56.0,20.0,False,False,False,4,True,False,SYNTHETIC,78.5,Critical,77.3
ORG-01252,small,energy,28,37,1,68.3,85.4,4,40.6,False,False,2,133,False,30.1,27.7,44,False,True,55.8,True,False,31.5,34.2,True,False,50,50,54,30,0,False,0,False,42.3,False,197,False,False,True,126.0,65.0,72,False,0,True,38.0,18.0,False,False,False,2,True,False,SYNTHETIC,71.3,High,69.8
ORG-01253,small,energy,60,78,4,39.4,0.0,8,44.4,False,False,2,114,False,45.5,26.7,39,False,False,50.6,True,True,27.5,38.4,True,True,50,37,44,20,24,True,8,True,23.4,True,187,False,False,False,84.0,80.0,1,False,3,False,46.0,9.0,True,True,False,0,False,False,SYNTHETIC,62.6,High,61.9
ORG-01254,large,energy,10521,17258,1952,59.1,33.1,392,72.8,False,False,3,107,True,43.4,66.8,18,False,False,68.0,True,True,49.5,81.7,True,False,31,27,42,15,12,True,8,True,76.2,True,250,True,True,True,63.0,44.0,6,True,3,True,23.0,10.0,True,True,False,0,False,False,SYNTHETIC,30.8,Moderate,31.2
ORG-01255,medium,technology,1652,2958,305,45.1,43.5,66,46.0,False,False,2,123,True,21.7,25.2,40,False,True,47.5,True,False,9.1,55.4,True,False,61,43,63,28,6,False,16,True,51.6,False,166,False,False,False,115.0,75.0,6,True,6,False,47.0,18.0,True,True,False,2,False,False,SYNTHETIC,56.5,High,59.0
ORG-01256,small,retail,57,71,3,64.0,10.2,5,4.4,False,False,1,203,False,13.3,20.0,68,False,False,10.0,True,False,22.4,10.0,True,False,76,61,53,43,6,False,8,True,0.0,False,48,False,False,False,163.0,123.0,12,False,12,False,64.0,24.0,False,False,False,1,False,False,SYNTHETIC,99.6,Critical,88.9
ORG-01257,small,finance,63,91,6,94.8,9.0,2,71.8,False,False,4,87,True,72.0,84.1,26,True,True,82.0,True,True,61.0,69.5,True,True,41,26,41,8,12,False,16,True,60.4,False,204,True,True,False,64.0,55.0,24,False,3,False,32.0,2.0,False,True,True,1,False,True,SYNTHETIC,43.5,Moderate,43.5
ORG-01258,medium,government,409,694,64,88.5,27.2,14,36.7,False,False,3,114,True,7.5,27.3,41,True,False,45.2,True,True,4.2,47.4,True,False,54,38,46,20,24,False,24,True,54.6,False,156,False,False,False,107.0,58.0,24,False,6,False,37.0,19.0,False,True,False,1,False,False,SYNTHETIC,64.9,High,63.7
ORG-01259,large,retail,12701,31382,5015,72.0,58.7,1008,45.7,False,False,3,158,False,35.3,39.3,46,False,False,37.1,True,True,55.9,64.0,False,False,64,51,46,27,24,True,8,True,38.1,True,157,False,False,False,108.0,61.0,1,False,0,False,54.0,25.0,False,False,False,2,True,False,SYNTHETIC,69.8,High,70.2
ORG-01260,small,government,48,55,4,47.1,4.7,3,17.7,False,False,1,147,True,28.3,29.1,45,True,False,29.9,True,True,7.6,23.4,False,False,80,51,47,20,12,True,0,True,10.8,True,105,False,False,False,154.0,108.0,6,False,12,False,53.0,23.0,False,False,True,0,False,False,SYNTHETIC,83.9,Critical,75.1
ORG-01261,medium,government,1520,2136,235,49.5,39.0,48,13.9,False,False,2,210,False,0.0,20.0,49,False,False,18.6,True,False,0.0,44.3,False,False,102,69,68,25,12,False,0,False,7.0,False,70,False,False,False,144.0,97.0,12,False,3,True,53.0,21.0,False,False,False,2,False,True,SYNTHETIC,95.8,Critical,86.1
ORG-01262,medium,government,414,601,51,47.2,6.3,13,85.4,True,True,4,66,False,77.9,66.5,30,True,True,84.8,True,False,59.1,59.7,False,False,39,35,49,16,12,True,16,True,67.7,True,238,True,True,False,87.0,34.0,6,False,6,False,12.0,11.0,True,True,False,2,False,False,SYNTHETIC,43.9,Moderate,42.7
ORG-01263,medium,manufacturing,398,695,49,32.7,11.9,11,21.0,False,False,2,148,False,29.5,36.3,51,True,False,29.6,True,False,13.9,34.8,False,True,77,54,45,18,12,True,0,True,35.5,True,121,True,False,False,140.0,100.0,24,True,1,False,54.0,24.0,True,False,False,1,False,False,SYNTHETIC,64.2,High,65.4
ORG-01264,small,energy,16,18,1,57.1,76.0,3,79.6,True,True,5,53,True,54.1,67.2,14,True,True,86.7,True,True,66.6,91.0,True,True,9,13,10,1,6,False,0,False,93.3,False,331,True,True,False,27.0,1.0,6,False,12,True,7.0,3.0,True,True,True,0,False,False,SYNTHETIC,26.7,Moderate,24.9
ORG-01265,large,technology,7409,14157,2066,79.8,46.8,414,78.8,True,True,4,58,True,39.5,63.3,26,True,True,77.2,True,True,51.2,71.5,False,True,31,35,24,21,12,True,24,True,61.9,False,259,False,False,False,74.0,42.0,6,True,3,True,38.0,4.0,True,True,False,0,False,False,SYNTHETIC,27.8,Moderate,29.2
ORG-01266,medium,finance,1159,1621,172,50.7,33.6,41,81.3,True,True,5,86,True,73.3,63.1,16,True,True,87.3,True,True,67.0,77.5,True,False,27,3,25,14,24,True,8,True,85.8,True,369,True,False,True,71.0,32.0,72,True,6,True,17.0,11.0,True,False,True,2,True,False,SYNTHETIC,22.6,Low,21.5
ORG-01267,small,government,35,50,1,93.2,34.2,3,44.1,False,False,3,116,False,31.6,61.5,43,False,True,60.8,True,False,52.8,58.6,True,False,51,44,50,18,24,False,8,True,33.5,False,176,False,False,False,147.0,80.0,1,True,6,False,49.0,11.0,True,False,False,0,False,False,SYNTHETIC,61.4,High,63.0
ORG-01268,medium,finance,283,349,22,57.3,61.8,5,39.1,False,False,3,119,False,32.4,34.8,63,False,False,35.2,True,False,29.1,50.2,False,False,59,48,50,23,12,False,0,False,51.1,False,197,False,False,True,113.0,77.0,6,True,0,False,54.0,12.0,False,False,False,2,False,False,SYNTHETIC,68.4,High,68.2
ORG-01269,small,technology,11,13,1,10.0,33.6,4,43.7,False,False,2,130,False,27.2,31.9,51,False,False,40.2,True,False,2.9,54.0,False,False,74,40,57,21,12,False,0,False,45.7,False,129,False,False,False,101.0,86.0,12,False,12,False,52.0,17.0,True,False,True,0,False,True,SYNTHETIC,76.1,Critical,77.3
ORG-01270,small,government,38,47,1,34.3,58.9,4,25.9,False,False,2,189,False,38.2,27.7,52,True,True,30.3,True,False,34.9,16.7,False,False,67,53,66,32,12,False,0,False,31.0,False,130,False,False,False,133.0,77.0,12,False,3,False,58.0,18.0,False,False,False,1,False,False,SYNTHETIC,82.5,Critical,82.8
ORG-01271,small,manufacturing,21,25,1,34.0,32.0,3,7.6,False,False,2,177,False,11.9,20.0,51,False,True,49.2,True,False,31.8,33.6,False,False,88,64,64,30,0,False,0,False,14.0,False,82,False,False,False,171.0,113.0,6,False,12,True,42.0,10.0,False,False,False,2,False,False,SYNTHETIC,98.3,Critical,85.5
ORG-01272,small,technology,81,104,8,58.7,29.9,4,21.8,False,False,1,189,False,11.5,20.0,66,False,False,15.2,True,False,1.1,10.0,False,True,79,48,75,42,24,False,16,True,15.3,False,110,False,False,False,169.0,90.0,12,False,6,False,58.0,23.0,False,False,False,2,True,False,SYNTHETIC,94.7,Critical,88.8
ORG-01273,medium,government,589,805,93,42.5,1.6,18,25.2,False,False,4,130,True,36.0,50.6,25,True,False,63.3,False,True,43.4,64.4,True,True,45,37,37,15,12,True,0,True,51.7,True,210,False,False,True,97.0,44.0,6,True,12,True,45.0,14.0,True,False,False,2,False,False,SYNTHETIC,48.5,Moderate,46.4
ORG-01274,medium,finance,2016,2534,279,39.0,20.4,56,74.3,True,True,4,106,True,49.3,53.0,26,True,False,61.3,True,True,40.6,51.8,False,False,54,42,39,25,12,False,0,False,62.8,False,252,False,False,True,102.0,52.0,6,True,12,True,41.0,9.0,True,True,False,3,False,False,SYNTHETIC,43.4,Moderate,42.8
ORG-01275,medium,manufacturing,1440,1966,195,51.5,35.0,40,87.8,True,True,4,84,True,47.4,73.5,23,True,True,67.5,True,True,82.4,87.2,True,True,33,39,11,15,6,False,16,True,90.1,False,271,True,True,True,61.0,19.0,24,True,0,True,27.0,15.0,True,True,True,1,False,False,SYNTHETIC,17.8,Low,17.4
ORG-01276,medium,government,196,253,19,43.1,16.1,10,71.3,False,False,4,74,False,58.8,65.0,19,True,True,75.4,False,True,61.1,80.2,True,True,44,24,33,22,24,True,8,True,73.6,True,334,True,True,True,88.0,29.0,6,True,12,True,20.0,11.0,True,True,True,0,False,False,SYNTHETIC,32.2,Moderate,34.8
ORG-01277,small,government,32,47,1,94.1,30.2,2,100.0,True,True,5,52,True,71.2,85.0,7,True,True,73.2,True,True,47.9,84.2,True,True,21,10,4,8,12,True,0,True,97.1,True,367,True,True,False,1.0,23.0,6,True,3,True,10.0,5.0,True,True,True,0,False,False,SYNTHETIC,11.8,Low,12.1
ORG-01278,medium,technology,282,397,43,78.0,2.7,13,79.1,True,True,4,97,True,66.3,53.8,22,True,False,83.7,True,True,64.0,64.6,True,True,33,26,33,18,0,True,8,True,72.5,True,257,True,True,True,62.0,45.0,1,True,6,False,29.0,5.0,True,True,True,1,False,False,SYNTHETIC,24.7,Low,25.0
ORG-01279,medium,finance,877,1457,78,67.9,61.2,18,63.9,True,True,3,94,True,42.6,47.2,36,True,False,46.4,True,False,17.1,46.1,True,False,31,39,29,26,6,True,8,True,36.7,True,228,False,False,False,123.0,47.0,6,False,3,False,46.0,19.0,False,True,True,1,False,False,SYNTHETIC,53.8,High,51.7
ORG-01280,small,education,35,44,3,76.6,0.0,4,13.8,False,False,1,172,True,19.5,20.0,50,False,False,35.5,True,False,24.8,42.6,False,False,80,57,66,27,24,False,8,True,32.8,False,116,False,False,True,174.0,106.0,24,True,6,False,44.0,21.0,False,False,False,2,False,False,SYNTHETIC,81.8,Critical,75.1
ORG-01281,medium,government,687,1233,126,45.6,34.5,29,72.0,False,False,3,94,False,51.1,33.9,30,False,True,52.4,True,True,44.0,66.3,True,False,39,40,32,11,0,True,8,True,50.9,True,219,True,False,False,107.0,66.0,12,True,6,False,45.0,17.0,True,True,True,1,True,False,SYNTHETIC,42.2,Moderate,40.3
ORG-01282,medium,energy,603,1053,124,15.0,21.4,27,77.8,True,True,5,27,True,87.5,78.7,27,True,False,96.3,True,True,68.1,83.4,True,True,7,21,2,15,12,True,16,True,87.8,True,296,True,True,False,26.0,11.0,168,True,12,True,20.0,10.0,True,True,True,2,False,False,SYNTHETIC,17.9,Low,16.9
ORG-01283,large,government,13990,31300,2646,52.2,68.9,532,67.2,False,False,3,93,False,17.7,44.2,19,True,False,65.8,True,True,59.0,55.6,True,True,46,34,43,11,12,False,24,True,54.2,False,231,False,False,False,95.0,29.0,12,True,6,False,28.0,9.0,False,True,False,0,False,False,SYNTHETIC,51.9,High,50.2
ORG-01284,small,retail,10,12,1,57.8,0.0,8,14.0,False,False,2,175,True,22.7,20.0,52,True,True,20.7,True,False,0.0,41.9,False,False,78,50,92,39,0,False,0,False,11.5,False,92,False,False,False,154.0,71.0,1,False,0,False,54.0,22.0,False,False,False,3,True,False,SYNTHETIC,92.9,Critical,81.8
ORG-01285,medium,manufacturing,1650,2679,206,48.4,40.2,43,34.2,True,True,3,136,True,75.8,55.3,42,False,True,37.7,False,False,38.4,48.4,True,True,40,37,38,17,12,True,16,True,43.2,True,208,False,False,False,104.0,40.0,6,True,0,False,47.0,11.0,True,True,False,1,False,False,SYNTHETIC,41.5,Moderate,42.4
ORG-01286,medium,technology,486,673,73,42.8,19.4,15,71.1,True,True,4,88,True,37.3,69.5,38,True,True,81.0,True,True,61.6,94.0,True,False,32,29,27,8,12,True,8,True,72.0,True,298,True,True,True,68.0,34.0,24,True,3,False,19.0,12.0,False,True,True,0,False,False,SYNTHETIC,20.8,Low,22.7
ORG-01287,medium,manufacturing,448,655,40,72.6,66.9,11,0.0,False,False,2,169,False,29.2,20.0,56,True,False,28.9,True,True,6.9,28.4,False,False,86,60,57,28,24,False,16,True,24.6,False,52,False,False,False,188.0,70.0,6,False,6,False,55.0,25.0,False,False,False,0,False,False,SYNTHETIC,95.0,Critical,84.9
ORG-01288,medium,government,1082,1530,161,70.0,73.0,36,23.9,False,False,2,145,False,24.7,20.0,39,False,True,32.6,True,False,14.9,51.8,False,False,58,49,83,28,12,True,16,True,27.1,True,130,True,False,True,160.0,63.0,6,False,3,False,50.0,16.0,True,False,True,2,False,False,SYNTHETIC,72.6,High,68.5
ORG-01289,small,finance,38,47,3,54.1,47.4,3,61.1,False,False,2,142,False,17.9,41.5,44,False,True,41.5,True,False,52.9,60.7,False,True,57,43,24,23,12,False,0,False,38.3,False,195,False,False,False,81.0,98.0,6,True,6,True,43.0,13.0,True,False,False,2,False,False,SYNTHETIC,58.0,High,60.4
ORG-01290,medium,energy,2136,3360,208,66.2,56.4,47,100.0,True,True,4,27,True,100.0,100.0,14,True,True,92.1,True,True,78.4,92.7,True,True,20,5,2,1,12,True,8,True,87.0,True,375,True,True,True,6.0,18.0,6,True,12,True,1.0,0.5,True,True,True,1,False,False,SYNTHETIC,10.5,Low,9.0
ORG-01291,small,energy,10,11,1,67.2,13.5,1,61.2,True,True,3,80,False,65.6,66.2,21,True,True,55.2,True,True,86.0,72.2,True,True,53,43,6,16,12,True,0,True,61.2,False,273,False,False,False,80.0,50.0,24,True,1,True,39.0,9.0,True,True,False,0,False,False,SYNTHETIC,30.3,Moderate,33.1
ORG-01292,small,energy,30,31,1,100.0,66.9,4,51.8,False,False,2,133,False,45.4,34.7,62,False,False,46.1,True,True,7.4,42.7,True,False,60,35,51,22,12,True,0,True,39.7,True,183,False,False,False,126.0,99.0,1,False,0,True,50.0,20.0,True,False,False,1,False,False,SYNTHETIC,64.2,High,63.1
ORG-01293,small,technology,19,27,1,95.7,50.6,3,14.6,False,False,2,135,False,25.6,41.4,33,True,False,41.8,False,True,36.5,41.9,False,False,68,47,52,27,12,False,0,False,33.2,False,124,True,False,False,127.0,112.0,24,False,12,True,52.0,19.0,False,False,False,1,False,False,SYNTHETIC,83.2,Critical,77.2
ORG-01294,medium,finance,528,949,54,59.3,19.5,12,66.0,True,True,5,40,True,65.3,79.1,16,True,True,84.2,True,True,77.5,90.2,True,True,24,12,13,2,0,True,0,True,88.4,True,300,True,True,True,25.0,13.0,1,True,6,True,17.0,5.0,True,False,False,1,False,False,SYNTHETIC,20.4,Low,16.7
ORG-01295,large,healthcare,5698,13075,1913,68.0,47.9,387,79.9,True,True,4,42,True,93.6,85.6,22,True,True,96.7,True,True,82.7,100.0,True,False,10,16,4,9,12,True,24,True,89.9,True,366,True,True,True,1.0,12.0,24,True,3,True,1.0,1.0,True,True,False,0,False,False,SYNTHETIC,10.5,Low,9.0
ORG-01296,medium,finance,434,621,39,70.6,69.6,10,43.5,True,True,3,126,True,77.3,49.3,22,True,True,53.4,True,False,40.2,51.7,False,True,30,41,50,23,12,False,24,True,54.2,False,315,False,False,False,91.0,31.0,12,True,6,True,21.0,15.0,True,True,False,3,False,False,SYNTHETIC,46.2,Moderate,45.8
ORG-01297,medium,finance,452,686,37,52.0,43.8,10,100.0,True,True,4,15,True,88.1,96.8,9,True,True,88.5,True,True,83.7,74.2,True,True,15,15,17,8,24,True,24,True,89.6,True,330,True,True,True,18.0,40.0,12,True,1,True,5.0,8.0,True,True,True,0,False,False,SYNTHETIC,12.5,Low,10.7
ORG-01298,small,energy,3,3,1,41.1,39.5,3,42.2,False,False,2,131,False,29.4,49.8,42,False,False,47.2,True,False,39.1,60.6,False,False,56,39,33,17,6,False,0,False,44.6,False,180,True,True,False,134.0,52.0,12,False,12,False,38.0,15.0,True,False,False,0,False,False,SYNTHETIC,68.4,High,68.0
ORG-01299,small,government,6,8,1,70.1,24.5,5,37.0,False,False,2,149,False,18.3,20.0,61,False,False,32.4,True,True,9.4,39.9,True,False,61,56,53,23,6,False,8,True,16.6,False,110,False,False,False,163.0,81.0,1,False,12,False,52.0,13.0,False,False,True,4,False,False,SYNTHETIC,80.2,Critical,75.3
ORG-01300,medium,government,880,1226,100,72.2,38.8,23,31.3,False,False,2,205,False,0.0,22.9,44,False,False,52.0,True,False,38.0,30.4,False,False,60,52,63,21,12,True,24,True,27.5,True,154,False,False,False,180.0,82.0,6,False,0,False,57.0,20.0,False,False,True,1,False,False,SYNTHETIC,79.9,Critical,73.7
ORG-01301,small,energy,30,41,1,50.4,0.0,4,75.1,True,True,4,134,True,15.4,48.7,26,False,True,78.5,True,True,57.1,65.7,False,True,49,30,35,13,12,False,0,False,62.3,False,253,True,True,False,57.0,16.0,12,False,3,False,35.0,9.0,True,True,True,3,True,False,SYNTHETIC,38.5,Moderate,39.7
ORG-01302,large,manufacturing,2759,5882,641,84.7,50.5,131,77.8,True,True,4,55,True,44.4,68.5,7,True,True,87.8,True,True,80.1,79.0,True,False,18,10,24,17,12,True,24,True,85.3,True,332,True,True,True,70.0,14.0,24,True,3,True,22.0,3.0,True,True,True,1,True,False,SYNTHETIC,16.3,Low,15.5
ORG-01303,small,healthcare,8,10,1,41.9,61.0,4,59.2,True,True,3,118,False,63.3,52.6,27,False,True,63.5,True,True,43.9,60.5,True,True,27,32,31,12,0,False,0,False,35.6,False,232,True,True,False,102.0,57.0,1,True,12,True,31.0,16.0,True,True,False,1,False,False,SYNTHETIC,37.1,Moderate,38.5
ORG-01304,small,education,9,10,1,59.9,90.2,6,0.0,False,False,1,194,False,1.7,20.0,68,False,False,13.8,True,False,7.5,10.0,False,False,103,69,87,31,0,False,0,False,14.6,False,76,False,False,False,193.0,131.0,1,False,0,False,68.0,23.0,False,False,False,1,False,True,SYNTHETIC,100.0,Critical,91.5
ORG-01305,small,healthcare,64,82,2,57.8,62.8,7,62.0,False,False,3,116,False,47.7,38.4,33,False,True,51.5,True,True,42.8,46.0,True,False,53,48,47,19,12,False,0,False,44.2,False,158,True,False,False,106.0,52.0,24,False,6,False,39.0,10.0,False,True,False,4,False,False,SYNTHETIC,61.9,High,62.2
ORG-01306,small,government,31,41,2,86.5,0.0,2,48.4,False,True,2,139,True,63.4,49.8,38,True,True,54.4,True,False,47.3,41.0,True,False,72,38,60,27,0,True,8,True,39.7,True,215,True,True,False,118.0,77.0,12,False,6,True,40.0,16.0,True,False,False,1,False,False,SYNTHETIC,57.4,High,54.9
ORG-01307,medium,energy,1160,1400,122,65.1,26.5,26,60.9,False,False,2,123,True,52.5,43.7,45,False,True,42.5,True,False,15.4,45.3,False,False,56,41,38,18,6,False,8,True,41.2,False,224,False,False,False,79.0,85.0,12,True,12,True,43.0,13.0,False,False,True,0,False,False,SYNTHETIC,56.8,High,58.6
ORG-01308,small,technology,15,15,1,60.9,17.7,3,48.3,False,False,3,173,False,27.8,27.8,60,False,False,13.0,True,False,43.9,45.2,False,False,80,48,75,30,12,False,0,False,20.6,False,70,True,False,True,138.0,138.0,24,False,6,False,64.0,20.0,False,False,False,0,False,True,SYNTHETIC,90.1,Critical,81.3
ORG-01309,medium,healthcare,273,436,47,60.8,0.0,11,62.8,True,True,3,115,True,54.1,64.0,32,True,False,56.1,True,True,30.5,67.4,True,True,54,36,49,20,0,False,8,True,53.6,False,192,False,False,False,128.0,63.0,12,False,3,False,42.0,14.0,False,False,False,2,False,False,SYNTHETIC,53.7,High,54.6
ORG-01310,small,technology,21,27,1,92.6,40.1,2,78.8,True,True,4,53,True,78.1,60.6,22,False,True,84.4,True,True,82.5,70.7,True,False,37,24,43,16,12,False,8,True,54.1,False,305,True,True,True,18.0,29.0,12,True,6,True,19.0,7.0,True,True,True,1,True,False,SYNTHETIC,27.1,Moderate,26.1
ORG-01311,small,finance,9,12,1,87.1,64.0,3,24.2,False,False,2,174,False,30.1,27.3,44,True,False,55.4,True,False,0.0,37.4,False,False,68,53,66,33,12,True,0,True,8.5,True,171,False,False,False,157.0,89.0,6,False,6,False,47.0,18.0,False,False,False,2,True,False,SYNTHETIC,89.2,Critical,82.7
ORG-01312,small,technology,80,111,8,70.5,17.0,6,80.9,True,True,3,92,True,43.7,48.0,27,False,True,53.0,False,True,33.4,68.3,True,False,49,21,12,19,12,False,8,True,62.4,False,278,True,True,False,56.0,38.0,6,True,12,True,33.0,6.0,True,False,False,3,False,False,SYNTHETIC,33.3,Moderate,33.5
ORG-01313,medium,education,4719,8056,935,70.1,23.0,188,79.9,False,False,3,68,True,41.9,55.4,39,False,True,57.8,True,True,75.0,83.8,False,False,53,34,60,14,6,False,8,True,35.9,False,210,True,True,False,83.0,49.0,6,True,0,False,22.0,7.0,False,False,False,2,False,False,SYNTHETIC,48.7,Moderate,48.8
ORG-01314,small,government,13,19,1,96.4,10.6,1,33.3,False,False,3,132,False,28.0,38.1,39,True,True,37.6,False,True,2.6,56.7,False,True,75,42,47,19,24,False,0,False,31.9,False,134,False,False,True,137.0,75.0,12,True,3,False,50.0,23.0,True,True,False,4,False,False,SYNTHETIC,60.3,High,61.2
ORG-01315,medium,energy,148,177,12,49.1,35.7,4,59.7,False,True,2,136,False,35.8,36.3,54,True,False,46.8,True,False,42.9,64.4,False,True,48,33,33,16,12,False,0,False,38.8,False,229,False,False,False,92.0,67.0,1,True,1,True,48.0,9.0,True,True,False,0,False,False,SYNTHETIC,54.6,High,54.8
ORG-01316,medium,manufacturing,127,199,16,54.2,51.1,7,41.3,False,False,4,116,True,66.5,35.0,46,False,True,70.3,True,True,81.3,91.2,False,True,42,41,62,15,12,True,24,True,46.1,True,222,True,True,True,105.0,49.0,12,False,3,True,38.0,18.0,True,False,True,1,False,False,SYNTHETIC,46.2,Moderate,45.0
ORG-01317,medium,education,1886,2798,208,22.7,40.7,45,11.0,False,False,1,175,False,0.0,20.0,69,False,False,10.0,True,False,17.9,24.5,True,False,78,63,66,32,0,False,8,True,7.0,False,14,False,False,False,171.0,117.0,12,False,0,False,71.0,26.0,False,False,False,2,False,True,SYNTHETIC,99.5,Critical,86.7
ORG-01318,medium,technology,961,1424,75,35.9,60.8,15,24.7,False,False,1,164,False,15.5,20.0,56,False,False,15.6,True,False,20.9,36.1,False,False,94,45,55,35,0,False,0,False,22.7,False,91,False,False,False,169.0,120.0,24,False,12,False,66.0,19.0,True,False,True,1,False,True,SYNTHETIC,93.9,Critical,85.1
ORG-01319,large,finance,17170,27426,4535,43.9,26.0,913,89.3,True,True,5,71,True,82.6,81.0,14,True,True,100.0,True,True,81.8,93.6,True,True,24,24,19,13,12,True,8,True,100.0,True,373,True,True,True,28.0,3.0,24,True,3,True,3.0,7.0,True,True,True,0,False,False,SYNTHETIC,10.1,Low,10.4
ORG-01320,small,retail,53,76,4,77.3,77.5,3,48.7,False,False,2,158,True,54.5,44.7,40,False,True,40.9,True,False,45.5,26.6,True,True,58,40,26,21,0,True,0,True,35.7,False,188,True,True,False,112.0,127.0,24,True,12,True,28.0,11.0,False,False,False,0,False,False,SYNTHETIC,53.3,High,52.4
ORG-01321,small,energy,34,47,2,45.9,32.1,1,46.4,False,False,2,121,False,27.5,53.8,45,False,True,44.7,True,True,28.2,39.9,False,True,62,37,42,13,24,False,8,True,58.1,False,171,False,False,False,105.0,68.0,1,False,6,False,45.0,10.0,True,True,False,7,False,False,SYNTHETIC,62.7,High,64.2
ORG-01322,small,energy,45,57,2,49.0,45.2,1,18.1,False,False,2,177,True,14.6,20.0,62,False,False,17.9,True,False,17.0,16.9,False,False,65,45,75,27,12,False,0,False,16.9,False,77,True,False,True,194.0,97.0,12,False,0,False,44.0,22.0,True,True,True,0,False,True,SYNTHETIC,79.5,Critical,74.1
ORG-01323,large,healthcare,10368,17306,1720,77.4,17.2,349,100.0,True,True,5,42,True,83.7,97.8,1,True,True,100.0,True,True,90.1,100.0,True,True,16,3,2,10,0,True,24,True,91.0,True,449,True,True,True,1.0,18.0,6,True,12,True,1.0,2.0,True,True,True,0,False,False,SYNTHETIC,7.8,Low,6.5
ORG-01324,medium,healthcare,344,578,30,50.5,45.5,7,17.9,False,False,2,164,False,17.6,36.2,40,False,False,37.7,True,True,2.0,36.2,True,False,70,49,68,34,12,False,8,True,28.0,False,134,False,False,True,155.0,85.0,12,True,6,False,44.0,18.0,False,False,False,2,True,False,SYNTHETIC,74.3,High,69.9
ORG-01325,small,government,35,37,2,33.9,0.0,1,60.6,True,True,4,83,False,47.9,89.4,17,True,True,56.2,True,True,90.1,67.5,True,True,45,13,39,10,12,False,0,False,84.1,False,319,True,True,False,54.0,74.0,12,True,12,True,25.0,6.0,True,True,True,0,False,False,SYNTHETIC,35.4,Moderate,33.3
ORG-01326,small,government,152,214,13,38.4,30.7,7,10.3,False,False,2,175,False,16.1,22.8,63,False,False,24.6,True,False,26.9,31.9,False,False,71,50,48,39,6,False,0,False,9.2,False,55,False,False,False,179.0,78.0,12,True,6,False,51.0,22.0,False,False,False,4,False,False,SYNTHETIC,85.0,Critical,80.4
ORG-01327,small,energy,40,57,2,66.8,65.9,4,92.3,True,True,4,98,True,78.3,86.7,13,True,True,78.9,True,True,84.4,98.2,True,True,43,23,9,3,0,True,0,True,86.8,True,329,True,True,False,89.0,30.0,24,True,12,True,6.0,2.0,True,True,True,0,False,False,SYNTHETIC,17.2,Low,16.6
ORG-01328,medium,finance,316,420,30,39.1,31.4,8,75.3,False,False,4,71,False,62.1,64.7,22,True,True,74.7,True,True,54.1,78.9,True,True,29,22,35,3,12,True,16,True,23.2,True,269,True,True,True,40.0,38.0,12,True,0,True,20.0,11.0,True,False,True,1,False,False,SYNTHETIC,33.4,Moderate,30.7
ORG-01329,medium,manufacturing,1080,1655,163,57.3,39.0,34,4.4,False,False,2,233,False,0.0,20.0,49,False,False,31.4,True,False,0.0,10.5,False,False,79,59,87,38,12,False,8,True,3.2,False,61,False,False,False,214.0,123.0,24,False,6,False,75.0,23.0,True,False,False,2,False,False,SYNTHETIC,96.7,Critical,87.9
ORG-01330,medium,technology,292,355,38,62.5,46.9,9,41.6,False,False,4,116,True,40.4,51.2,33,False,True,73.9,True,True,24.9,69.4,False,True,36,34,53,26,6,True,16,True,62.3,True,188,False,False,True,101.0,34.0,6,True,12,True,15.0,17.0,True,False,False,0,False,False,SYNTHETIC,45.9,Moderate,45.0
ORG-01331,large,finance,30938,57096,9450,65.6,43.9,1894,78.1,True,True,5,100,True,100.0,76.2,6,True,True,84.9,True,True,88.4,81.7,True,True,11,27,44,4,12,True,24,True,55.7,True,312,True,False,True,16.0,38.0,168,True,6,True,12.0,1.0,True,True,True,0,False,False,SYNTHETIC,17.1,Low,17.3
ORG-01332,small,healthcare,74,104,8,74.2,25.2,5,40.4,False,False,1,168,False,19.5,24.6,51,False,True,10.0,True,False,0.0,40.5,True,False,89,56,40,22,6,False,0,False,25.5,False,139,False,False,False,128.0,100.0,12,False,6,False,53.0,20.0,False,True,False,2,True,False,SYNTHETIC,77.9,Critical,76.3
ORG-01333,small,energy,12,14,1,61.1,7.8,3,67.4,False,False,4,103,True,45.5,50.7,19,True,True,61.7,True,False,74.1,72.2,True,True,37,25,58,18,12,True,8,True,54.7,True,253,False,False,False,95.0,56.0,6,True,6,True,31.0,1.0,False,True,False,2,True,False,SYNTHETIC,47.4,Moderate,47.0
ORG-01334,large,retail,5647,8780,990,54.7,56.0,201,100.0,True,True,5,38,True,60.1,100.0,10,True,True,100.0,True,True,85.2,78.1,True,True,21,4,2,1,12,True,24,True,100.0,True,368,True,True,True,8.0,36.0,12,True,3,True,1.0,0.5,True,True,True,0,False,False,SYNTHETIC,1.9,Low,3.6
ORG-01335,small,manufacturing,230,303,13,26.4,32.2,4,62.0,True,True,3,116,False,73.2,55.6,39,False,True,58.2,False,True,70.0,58.5,True,False,43,29,42,23,24,True,8,True,58.0,True,205,True,True,False,100.0,63.0,12,True,6,False,34.0,13.0,True,False,False,0,False,False,SYNTHETIC,42.8,Moderate,40.9
ORG-01336,large,government,21706,45193,6330,54.6,32.9,1268,66.9,True,True,4,60,False,44.5,50.5,25,True,False,66.1,True,False,47.6,69.7,True,False,28,25,16,7,12,True,16,True,59.1,True,257,True,True,True,85.0,19.0,24,True,6,True,29.0,8.0,True,True,False,2,True,False,SYNTHETIC,29.7,Moderate,28.6
ORG-01337,small,education,17,24,1,76.2,39.0,5,7.2,False,False,1,228,False,0.0,20.0,63,False,False,23.9,True,False,24.9,10.4,False,False,84,69,64,33,24,False,16,True,0.0,False,74,False,False,False,189.0,115.0,12,False,6,False,73.0,17.0,False,False,False,2,False,False,SYNTHETIC,100.0,Critical,92.0
ORG-01338,medium,healthcare,1139,1904,190,55.4,45.0,41,31.2,True,True,3,108,True,53.3,49.6,39,False,False,55.3,True,False,67.3,70.0,True,True,35,35,37,17,0,True,8,True,60.6,False,226,False,False,False,91.0,56.0,72,True,3,True,26.0,9.0,True,True,False,1,False,False,SYNTHETIC,39.7,Moderate,39.3
ORG-01339,medium,healthcare,636,873,102,35.5,34.6,24,77.9,True,True,3,71,True,69.0,65.0,21,True,True,85.2,True,True,81.3,76.5,True,True,7,34,39,17,24,True,8,True,89.1,True,296,True,True,True,80.0,29.0,72,True,12,False,24.0,12.0,True,True,True,0,False,False,SYNTHETIC,26.8,Moderate,25.4
ORG-01340,medium,technology,753,1053,89,23.9,8.9,20,11.2,False,False,2,155,True,10.7,20.0,53,False,False,48.6,True,False,16.4,26.4,False,True,74,52,65,26,6,False,8,True,35.5,False,26,False,False,False,154.0,116.0,12,False,6,False,66.0,15.0,False,False,True,3,True,False,SYNTHETIC,82.2,Critical,80.5
ORG-01341,small,finance,128,147,11,67.2,75.2,6,82.5,False,False,4,66,True,50.2,59.5,13,True,True,78.5,True,False,62.1,97.5,True,True,34,25,47,13,12,False,0,False,68.9,False,280,False,False,False,51.0,50.0,12,True,3,True,15.0,12.0,True,True,True,0,False,False,SYNTHETIC,41.0,Moderate,41.0
ORG-01342,small,healthcare,43,48,1,64.1,22.4,4,33.6,False,False,3,131,False,45.8,20.0,44,True,False,44.4,True,False,4.7,57.9,False,True,66,39,57,28,6,False,8,True,23.8,False,152,False,False,False,132.0,92.0,12,True,1,False,44.0,27.0,True,False,False,1,False,False,SYNTHETIC,72.3,High,70.5
ORG-01343,medium,government,829,1119,68,80.3,35.9,15,55.4,False,False,3,151,True,29.6,46.8,30,False,True,68.3,True,True,33.5,54.6,False,False,44,38,42,25,6,True,8,True,55.0,False,178,False,False,True,133.0,72.0,6,True,12,True,36.0,15.0,False,False,True,3,False,False,SYNTHETIC,47.6,Moderate,49.2
ORG-01344,large,manufacturing,2443,3731,723,71.5,33.0,147,2.6,False,False,2,165,True,24.7,20.0,53,True,False,27.6,True,False,10.1,46.0,False,False,77,55,49,35,12,False,16,True,9.4,False,121,False,False,False,102.0,84.0,12,False,6,False,56.0,21.0,False,False,False,5,True,False,SYNTHETIC,92.8,Critical,82.4
ORG-01345,medium,technology,302,524,56,47.9,45.4,14,64.1,False,False,3,93,True,37.6,57.2,33,True,True,68.9,True,False,57.8,62.0,True,True,39,24,35,13,6,True,8,True,56.0,False,255,True,True,True,74.0,54.0,12,True,6,True,19.0,14.0,True,True,True,1,True,False,SYNTHETIC,33.2,Moderate,33.7
ORG-01346,small,finance,34,50,3,64.7,64.9,6,47.7,True,True,3,131,True,30.0,47.7,40,False,True,69.4,True,True,43.0,61.3,True,True,69,45,58,19,24,False,0,False,41.4,False,225,False,False,True,108.0,48.0,12,True,12,False,48.0,11.0,True,True,True,2,False,False,SYNTHETIC,46.7,Moderate,46.7
ORG-01347,medium,manufacturing,1578,2822,278,66.0,26.7,56,38.3,True,True,3,124,False,45.6,29.4,37,True,True,52.3,True,False,60.6,57.3,True,False,45,41,36,23,12,True,24,True,44.3,True,215,False,False,True,99.0,77.0,6,False,6,False,28.0,13.0,False,False,True,4,False,True,SYNTHETIC,54.0,High,54.4
ORG-01348,small,technology,17,17,1,58.0,30.2,3,56.0,True,True,3,143,True,50.0,78.2,40,True,False,49.8,True,True,58.8,45.4,True,False,49,39,26,24,12,False,0,False,76.1,False,211,False,False,False,110.0,67.0,72,True,3,True,36.0,11.0,False,True,True,1,True,False,SYNTHETIC,44.0,Moderate,41.4
ORG-01349,small,manufacturing,12,12,1,62.6,35.4,2,10.9,False,False,2,217,False,6.3,20.0,73,False,False,10.0,True,False,9.2,24.0,True,False,98,65,73,38,12,False,0,False,12.5,False,116,False,False,False,185.0,116.0,6,False,12,False,81.0,23.0,False,True,False,3,False,False,SYNTHETIC,98.5,Critical,87.5
ORG-01350,small,healthcare,69,80,6,99.2,0.0,4,51.2,False,False,2,104,False,57.9,41.2,55,True,True,36.6,False,True,42.4,48.6,False,False,56,42,59,19,6,False,8,True,41.9,False,182,True,False,True,123.0,76.0,1,True,6,False,30.0,16.0,True,False,False,3,False,False,SYNTHETIC,56.9,High,56.3
ORG-01351,small,government,18,23,1,58.3,38.4,2,52.7,False,False,4,68,True,46.1,61.8,13,True,False,60.1,True,True,57.6,64.6,False,True,38,43,40,15,0,True,8,True,42.7,False,277,True,True,False,70.0,30.0,6,True,6,True,25.0,15.0,True,False,False,0,False,False,SYNTHETIC,39.6,Moderate,41.1
ORG-01352,medium,education,244,315,33,84.6,44.7,8,39.0,True,True,3,133,False,40.4,43.8,31,False,True,57.0,True,False,49.6,52.2,True,False,56,40,58,23,12,False,24,True,54.8,False,202,True,True,True,115.0,59.0,6,True,12,True,39.0,10.0,True,True,False,1,False,False,SYNTHETIC,44.0,Moderate,45.3
ORG-01353,medium,healthcare,860,1450,109,67.0,26.8,26,72.4,True,True,4,114,True,53.9,59.0,16,False,True,74.2,True,True,24.4,55.8,True,True,44,24,43,13,12,False,0,False,53.6,False,242,False,False,True,76.0,41.0,168,True,6,True,43.0,7.0,False,True,True,1,False,False,SYNTHETIC,36.5,Moderate,36.5
ORG-01354,medium,government,747,1236,101,36.2,14.4,23,81.0,True,True,3,124,False,34.6,63.6,40,True,True,56.9,True,True,55.1,68.2,True,True,18,22,23,11,24,True,0,True,69.0,True,225,True,True,True,75.0,33.0,12,False,6,False,24.0,10.0,True,False,False,2,False,False,SYNTHETIC,37.1,Moderate,38.1
ORG-01355,medium,healthcare,403,604,69,42.0,37.1,17,67.1,False,False,3,68,False,88.6,50.6,20,True,False,66.5,True,False,37.4,76.4,False,True,56,37,40,13,0,True,24,True,82.4,True,243,False,False,True,95.0,37.0,6,False,6,False,30.0,16.0,True,True,True,3,False,True,SYNTHETIC,52.5,High,51.1
ORG-01356,small,retail,22,22,1,42.6,63.9,1,38.4,False,False,4,85,True,71.2,51.7,30,True,True,68.1,True,False,56.5,79.9,True,False,31,34,20,11,0,True,8,True,66.6,True,219,True,True,False,124.0,44.0,6,True,6,True,22.0,9.0,True,True,True,4,False,False,SYNTHETIC,31.3,Moderate,34.6
ORG-01357,small,retail,13,13,1,100.0,45.5,4,15.7,False,False,1,179,False,2.0,37.5,49,False,False,36.4,True,False,2.4,38.2,True,False,65,51,55,21,0,False,0,False,7.3,False,112,False,False,False,128.0,94.0,6,False,6,False,60.0,15.0,False,False,False,3,False,False,SYNTHETIC,91.6,Critical,82.8
ORG-01358,small,government,25,25,1,44.5,47.8,2,29.9,False,False,2,175,False,16.2,20.0,57,False,False,34.9,False,False,22.0,39.1,False,True,90,53,68,26,12,False,16,True,18.0,False,146,False,False,False,174.0,108.0,1,False,1,False,56.0,19.0,True,False,True,2,True,True,SYNTHETIC,88.6,Critical,79.3
ORG-01359,medium,manufacturing,989,1246,139,50.8,29.8,29,24.0,False,False,3,134,True,18.4,31.6,40,False,False,43.4,True,False,7.2,56.9,False,True,70,53,67,29,12,False,8,True,2.1,False,153,False,False,False,144.0,75.0,24,False,12,True,63.0,19.0,False,False,True,2,True,False,SYNTHETIC,84.6,Critical,79.4
ORG-01360,large,energy,10024,21611,2691,66.6,45.3,538,86.0,True,True,5,70,True,86.5,61.3,28,True,True,92.4,True,True,60.1,91.4,True,True,26,17,28,11,0,True,24,True,76.5,True,359,True,False,True,33.0,13.0,12,True,6,False,25.0,6.0,True,True,True,0,False,False,SYNTHETIC,18.0,Low,17.5
ORG-01361,medium,technology,897,1579,101,66.0,32.9,22,53.1,False,True,4,87,True,57.9,66.3,32,True,False,65.4,True,True,51.1,58.0,False,True,55,41,30,23,12,True,16,True,61.9,True,256,False,False,True,122.0,22.0,6,False,3,True,31.0,7.0,False,False,False,0,False,True,SYNTHETIC,49.3,Moderate,48.4
ORG-01362,medium,technology,476,805,54,52.1,22.1,17,37.2,False,False,2,117,True,53.3,33.3,28,False,False,54.2,True,True,26.5,41.7,True,True,56,53,48,27,24,False,24,True,40.3,False,200,False,False,False,106.0,72.0,72,False,12,False,45.0,13.0,True,False,False,2,False,False,SYNTHETIC,69.9,High,66.7
ORG-01363,small,finance,60,76,1,89.7,42.5,3,64.9,True,True,3,107,False,59.2,55.0,26,True,True,75.8,True,False,83.5,68.5,True,True,42,26,52,26,0,True,0,True,44.8,True,267,True,False,True,69.0,36.0,12,True,3,True,39.0,16.0,False,True,False,1,True,False,SYNTHETIC,41.6,Moderate,41.2
ORG-01364,medium,retail,110,137,10,57.2,9.7,5,14.3,False,False,2,195,False,20.4,20.6,63,False,False,50.4,True,False,55.1,39.5,True,False,80,46,47,35,24,False,16,True,25.8,False,101,False,False,True,141.0,105.0,6,False,12,False,50.0,20.0,False,False,False,2,False,False,SYNTHETIC,94.2,Critical,80.7
ORG-01365,small,manufacturing,21,31,1,42.9,15.7,3,12.6,False,False,2,201,True,1.7,27.5,55,False,False,32.2,True,False,66.2,36.9,True,False,91,62,77,31,24,False,0,False,27.5,False,114,False,False,False,163.0,83.0,72,True,6,False,68.0,22.0,True,False,False,2,False,False,SYNTHETIC,77.3,Critical,73.7
ORG-01366,medium,healthcare,350,579,54,48.6,18.2,11,57.2,False,True,3,77,True,39.4,58.1,34,False,True,76.3,True,True,44.2,77.6,True,False,41,27,34,15,12,True,0,True,64.6,True,258,False,False,True,77.0,66.0,24,True,12,True,35.0,6.0,False,True,False,0,False,False,SYNTHETIC,39.3,Moderate,38.6
ORG-01367,large,technology,3645,8037,1556,95.0,50.1,313,28.8,False,False,2,148,True,30.2,25.3,29,False,True,32.5,True,False,31.7,37.9,False,False,96,43,64,31,6,False,24,True,12.9,False,134,False,False,True,129.0,117.0,12,True,3,False,60.0,27.0,False,False,True,4,True,False,SYNTHETIC,67.9,High,67.9
ORG-01368,small,finance,6,6,1,49.2,8.7,3,100.0,True,True,4,39,True,65.2,91.9,25,True,True,97.7,True,True,88.3,100.0,True,True,16,12,18,5,0,True,16,True,81.2,True,342,True,True,False,26.0,8.0,12,True,6,True,11.0,3.0,True,True,True,0,False,False,SYNTHETIC,11.2,Low,11.2
ORG-01369,small,technology,36,44,3,67.7,59.2,5,73.6,True,True,3,96,True,56.7,50.6,23,True,True,68.2,True,True,61.5,65.7,True,False,57,17,61,16,0,True,8,True,75.4,False,269,True,True,False,76.0,73.0,1,True,3,True,18.0,14.0,True,True,True,0,False,False,SYNTHETIC,28.1,Moderate,27.6
ORG-01370,large,technology,2527,5808,1113,47.7,5.0,225,78.2,False,False,3,87,True,59.8,74.9,27,False,True,71.5,True,True,46.1,85.0,True,False,34,26,49,8,6,True,16,True,43.9,False,245,True,True,True,76.0,35.0,72,True,6,True,25.0,2.0,True,False,True,0,False,False,SYNTHETIC,29.0,Moderate,30.1
ORG-01371,small,education,61,88,2,64.4,81.1,7,56.6,False,False,2,123,True,61.3,30.1,33,False,True,55.0,True,False,43.2,64.4,True,False,64,48,37,18,12,False,0,False,41.2,False,186,False,False,False,142.0,36.0,72,False,1,False,48.0,20.0,False,False,True,2,True,False,SYNTHETIC,66.3,High,64.9
ORG-01372,large,government,8998,20692,4027,48.8,21.2,810,60.8,True,True,2,104,True,60.1,60.4,41,True,True,53.0,True,True,66.1,69.5,False,False,42,42,35,21,0,True,24,True,47.5,True,213,False,False,True,85.0,66.0,6,False,0,True,49.0,14.0,True,True,True,0,False,True,SYNTHETIC,40.1,Moderate,38.8
ORG-01373,medium,retail,518,864,55,27.1,1.8,13,72.6,True,True,4,81,True,79.4,74.6,27,True,True,63.2,True,True,80.0,92.7,True,True,20,28,10,12,6,True,8,True,88.8,True,376,True,True,True,22.0,1.0,6,True,6,True,11.0,0.5,True,True,True,0,False,False,SYNTHETIC,13.8,Low,13.5
ORG-01374,medium,retail,869,1130,103,21.5,71.2,23,50.3,True,True,2,115,True,48.5,40.2,31,False,True,57.8,True,True,30.6,47.4,False,True,38,41,29,21,24,True,24,True,48.9,True,181,False,False,False,95.0,63.0,6,True,3,True,39.0,13.0,False,True,False,2,True,False,SYNTHETIC,41.7,Moderate,41.0
ORG-01375,medium,energy,517,872,53,95.0,30.1,11,87.0,True,True,4,88,True,73.8,72.8,15,True,False,79.7,True,True,97.8,84.0,True,True,23,21,5,9,12,True,16,True,78.6,True,338,True,False,True,38.0,18.0,24,True,6,True,5.0,0.5,True,True,True,0,False,False,SYNTHETIC,15.3,Low,15.5
ORG-01376,medium,government,397,558,52,15.0,17.7,10,58.6,True,True,4,87,True,50.4,45.4,35,False,False,64.9,True,True,51.3,68.3,False,True,33,33,31,19,12,True,16,True,23.8,True,246,True,False,True,96.0,60.0,72,True,12,True,26.0,13.0,False,True,True,2,False,False,SYNTHETIC,34.6,Moderate,36.5
ORG-01377,medium,healthcare,946,1420,155,44.7,77.7,32,21.7,False,False,3,157,False,19.3,23.9,64,False,False,32.1,False,True,29.0,39.3,True,False,77,56,71,33,6,True,8,True,15.4,True,86,False,False,False,171.0,104.0,6,False,1,False,53.0,22.0,False,False,True,5,True,True,SYNTHETIC,80.3,Critical,73.7
ORG-01378,medium,government,1132,2022,136,54.7,28.0,27,61.6,False,False,4,130,False,20.9,32.3,42,True,True,34.5,True,True,48.9,56.9,False,True,60,27,44,27,12,True,0,True,54.7,True,165,False,False,False,145.0,77.0,6,True,3,True,53.0,13.0,True,False,True,1,True,False,SYNTHETIC,51.2,High,53.2
ORG-01379,small,education,69,85,5,54.5,80.0,4,18.8,False,False,2,164,False,36.9,20.0,62,True,True,21.1,True,False,39.0,49.1,False,False,77,53,69,28,12,False,8,True,33.8,False,156,False,False,False,139.0,95.0,12,False,3,False,46.0,18.0,False,False,False,3,False,False,SYNTHETIC,88.2,Critical,82.2
ORG-01380,medium,healthcare,981,1641,167,65.4,64.0,38,19.1,False,False,3,182,True,34.7,40.8,46,True,False,49.7,True,True,41.3,45.0,True,True,77,50,71,31,6,True,16,True,12.2,True,119,False,False,False,142.0,118.0,6,False,12,True,55.0,13.0,False,False,False,4,True,False,SYNTHETIC,78.5,Critical,69.0
ORG-01381,small,manufacturing,14,14,1,82.3,41.6,3,31.7,False,False,2,186,False,0.0,20.0,59,False,False,10.0,True,False,0.0,16.0,False,False,105,62,96,38,12,False,8,True,6.4,False,36,False,False,False,193.0,126.0,168,False,3,False,78.0,19.0,False,False,False,4,True,False,SYNTHETIC,92.5,Critical,88.4
ORG-01382,large,finance,9502,15747,1288,68.4,17.3,259,100.0,True,True,5,30,True,90.5,100.0,7,True,True,92.3,True,True,98.5,100.0,True,True,5,3,30,1,12,True,16,True,79.5,False,381,True,True,True,38.0,6.0,12,True,1,True,11.0,1.0,True,True,True,0,False,False,SYNTHETIC,7.3,Low,8.0
ORG-01383,medium,finance,766,965,55,39.6,6.1,16,56.0,False,True,4,113,True,52.5,53.9,35,True,False,84.4,True,False,57.5,82.1,True,True,45,24,36,21,12,False,8,True,61.0,False,274,True,True,True,73.0,69.0,12,True,3,True,22.0,13.0,False,True,True,2,False,False,SYNTHETIC,38.5,Moderate,39.6
ORG-01384,small,manufacturing,20,26,1,60.4,39.8,2,33.8,False,False,2,136,False,32.0,41.1,49,False,False,46.0,True,False,16.9,51.1,False,True,82,57,42,25,12,False,16,True,18.2,False,121,False,False,False,119.0,93.0,6,True,12,False,53.0,21.0,False,True,True,2,False,False,SYNTHETIC,68.8,High,71.0
ORG-01385,small,manufacturing,50,69,4,95.2,40.0,3,40.3,False,True,4,85,True,71.6,68.1,22,True,True,92.5,True,True,59.6,80.6,True,True,30,40,18,17,12,False,0,False,78.6,False,274,True,True,False,57.0,40.0,12,True,3,True,25.0,11.0,False,True,False,2,True,False,SYNTHETIC,34.4,Moderate,34.8
ORG-01386,medium,energy,710,975,93,71.0,17.4,20,58.9,False,False,3,92,True,59.0,45.3,30,True,True,62.3,True,True,55.4,60.4,True,True,43,27,72,13,6,False,8,True,59.3,False,219,True,True,True,75.0,57.0,12,False,6,False,46.0,13.0,False,False,True,0,False,True,SYNTHETIC,51.0,High,52.0
ORG-01387,small,education,47,60,3,33.8,30.6,2,38.0,False,False,1,179,False,5.9,20.0,50,False,False,10.0,True,False,14.7,23.7,False,False,74,58,58,37,0,False,8,True,14.6,False,127,False,False,False,170.0,95.0,12,False,6,False,51.0,21.0,False,True,False,4,True,False,SYNTHETIC,90.0,Critical,83.5
ORG-01388,large,finance,26211,48774,8103,58.8,47.2,1621,59.5,True,True,3,121,False,60.1,62.6,35,False,False,60.8,True,True,42.1,73.5,True,False,23,44,37,19,12,True,24,True,45.1,True,175,False,False,True,92.0,72.0,24,False,12,False,37.0,12.0,True,True,True,2,False,True,SYNTHETIC,45.3,Moderate,45.6
ORG-01389,medium,healthcare,1315,1647,101,25.1,6.4,25,53.9,False,True,3,128,True,40.9,39.5,43,True,False,60.2,True,False,32.8,62.9,False,True,55,51,66,17,12,True,16,True,47.6,True,194,False,False,False,122.0,61.0,24,True,12,True,34.0,13.0,True,True,True,1,False,False,SYNTHETIC,48.0,Moderate,48.6
ORG-01390,medium,retail,505,836,87,33.2,45.1,21,22.3,False,False,2,181,False,12.3,20.0,59,True,True,13.9,True,True,35.5,37.6,False,True,69,47,51,26,12,False,16,True,6.6,False,108,False,False,False,118.0,77.0,24,False,0,True,59.0,17.0,True,False,False,4,False,False,SYNTHETIC,79.7,Critical,72.4
ORG-01391,large,healthcare,19094,41352,7108,57.0,43.6,1422,57.0,True,True,3,116,False,50.8,51.8,24,True,True,68.8,True,True,45.0,57.1,True,True,57,43,39,19,12,False,0,False,34.1,False,208,False,False,True,112.0,59.0,6,True,6,True,49.0,9.0,True,True,False,3,False,False,SYNTHETIC,46.2,Moderate,43.5
ORG-01392,small,finance,57,62,2,64.0,36.9,2,74.2,False,False,3,98,True,41.4,70.5,16,True,True,71.8,True,True,44.4,42.6,True,False,34,21,27,10,0,False,0,False,41.1,False,273,True,True,False,56.0,60.0,24,False,6,True,43.0,13.0,True,False,True,0,False,False,SYNTHETIC,45.0,Moderate,45.0
ORG-01393,small,education,23,27,1,100.0,15.1,1,1.2,False,False,2,182,False,0.0,20.0,62,False,False,37.6,True,False,0.0,33.6,False,False,81,66,63,37,12,False,0,False,32.5,False,132,False,False,False,192.0,101.0,6,True,12,False,73.0,25.0,False,False,False,2,True,False,SYNTHETIC,88.1,Critical,83.5
ORG-01394,medium,healthcare,263,461,34,33.2,32.0,8,70.0,False,False,3,127,True,52.0,48.3,46,True,True,48.3,True,True,44.4,62.1,True,False,53,30,26,21,24,True,8,True,41.5,True,240,False,False,False,136.0,77.0,6,True,1,True,27.0,15.0,True,False,True,2,True,False,SYNTHETIC,42.3,Moderate,42.9
ORG-01395,medium,manufacturing,444,655,61,35.2,29.2,15,75.0,True,True,3,130,False,40.4,31.0,32,False,True,45.9,False,False,35.7,52.1,False,True,60,28,51,5,6,True,24,True,28.0,False,184,False,False,False,103.0,62.0,12,True,6,True,41.0,12.0,False,False,False,2,False,False,SYNTHETIC,48.8,Moderate,47.1
ORG-01396,large,technology,4420,7689,657,65.0,14.7,133,82.4,True,True,4,43,True,81.2,79.4,9,True,True,88.9,True,True,59.8,89.2,True,True,15,8,6,6,12,True,24,True,90.9,True,404,True,True,True,13.0,29.0,1,True,3,True,20.0,0.5,True,True,True,1,False,False,SYNTHETIC,10.6,Low,9.0
ORG-01397,medium,manufacturing,500,788,77,95.0,34.6,22,74.5,True,True,4,109,True,34.1,60.6,35,True,True,69.1,False,True,61.4,68.6,False,False,36,24,45,15,0,True,8,True,46.5,True,260,True,True,True,63.0,66.0,12,True,3,True,35.0,9.0,True,True,True,3,True,False,SYNTHETIC,24.5,Low,26.4
ORG-01398,large,energy,9254,21268,3343,81.2,41.3,672,62.2,True,True,5,75,True,75.0,92.9,20,True,True,79.0,True,True,98.1,91.7,True,True,21,29,20,5,12,True,8,True,88.2,True,310,True,True,True,15.0,36.0,12,True,3,True,15.0,5.0,True,True,True,0,False,False,SYNTHETIC,14.3,Low,13.7
ORG-01399,small,technology,23,32,2,63.2,71.9,5,72.2,False,False,3,104,False,40.9,45.2,43,True,False,80.1,False,False,57.2,40.1,True,False,50,39,19,12,24,True,0,True,51.0,False,174,False,False,False,123.0,75.0,12,True,1,True,48.0,13.0,True,False,True,0,False,False,SYNTHETIC,47.7,Moderate,49.3
ORG-01400,small,healthcare,11,13,1,49.0,54.5,4,45.5,True,True,3,86,True,39.9,64.4,20,True,False,72.5,True,False,25.7,41.4,False,False,44,38,29,19,12,False,8,True,59.7,False,247,True,True,False,104.0,68.0,12,False,3,False,37.0,9.0,False,True,True,0,False,False,SYNTHETIC,53.0,High,52.6
ORG-01401,small,education,17,21,1,47.3,20.5,3,14.4,False,False,2,137,True,40.5,22.8,51,False,False,35.7,True,True,19.7,35.5,False,True,60,62,55,25,0,False,8,True,15.6,False,129,False,False,False,132.0,57.0,12,True,3,False,47.0,22.0,False,False,False,4,False,False,SYNTHETIC,70.5,High,68.0
ORG-01402,medium,manufacturing,323,480,47,75.0,10.3,14,62.1,True,True,3,124,True,78.1,60.4,12,False,False,53.4,True,True,41.7,61.7,True,False,43,28,43,6,0,True,16,True,66.8,True,198,False,False,True,91.0,65.0,6,True,1,False,31.0,8.0,True,True,True,1,False,False,SYNTHETIC,30.3,Moderate,30.0
ORG-01403,large,government,5723,13419,2032,62.1,5.0,411,83.2,True,True,4,75,True,48.3,45.3,30,True,True,63.7,True,False,54.7,81.2,True,True,33,26,37,17,12,True,24,True,88.7,True,283,True,True,True,100.0,21.0,1,True,6,True,16.0,5.0,True,True,True,1,True,False,SYNTHETIC,22.7,Low,23.0
ORG-01404,small,technology,24,26,1,84.6,15.5,5,9.7,False,False,1,165,False,35.4,20.0,54,False,False,29.9,True,True,3.5,23.8,True,False,81,54,68,31,12,False,8,True,21.3,False,107,False,False,False,166.0,114.0,12,False,6,True,75.0,21.0,True,False,False,0,False,False,SYNTHETIC,92.0,Critical,77.8
ORG-01405,medium,energy,549,840,98,77.7,3.9,23,47.9,True,True,3,115,False,20.2,43.1,26,True,False,51.8,True,False,52.3,44.0,False,False,46,31,41,17,12,True,16,True,44.8,True,242,True,True,True,120.0,43.0,12,True,1,False,38.0,13.0,False,False,False,3,False,False,SYNTHETIC,46.8,Moderate,47.6
ORG-01406,small,healthcare,6,8,1,91.3,37.3,3,56.6,True,True,3,110,True,82.8,53.4,27,True,True,44.1,True,False,38.1,56.5,True,True,65,24,58,20,12,True,0,True,24.4,True,191,True,False,True,133.0,55.0,6,False,6,True,44.0,11.0,True,False,False,0,False,False,SYNTHETIC,58.2,High,51.2
ORG-01407,small,retail,18,24,1,57.3,36.8,3,45.5,False,False,3,107,False,43.9,34.3,33,False,False,37.7,True,True,50.2,40.3,False,True,39,21,62,18,24,True,0,True,51.4,True,232,False,False,False,96.0,46.0,6,False,3,True,40.0,14.0,True,False,True,0,False,False,SYNTHETIC,63.4,High,62.1
ORG-01408,medium,healthcare,545,808,78,38.6,34.0,16,75.8,False,False,4,93,True,60.5,66.5,22,False,True,68.0,True,True,58.2,80.2,True,False,43,28,50,12,12,True,8,True,53.1,False,328,True,True,False,89.0,27.0,1,True,6,False,25.0,8.0,True,False,True,1,False,False,SYNTHETIC,38.5,Moderate,36.5
ORG-01409,medium,healthcare,509,710,64,71.4,45.0,20,52.7,True,True,3,100,False,42.1,52.2,40,True,False,59.7,True,True,49.6,66.5,True,False,39,37,52,17,24,True,8,True,42.5,True,277,True,False,False,110.0,51.0,6,False,3,True,20.0,12.0,False,True,False,0,False,False,SYNTHETIC,51.6,High,49.3
ORG-01410,small,retail,86,126,8,67.4,8.9,5,62.2,True,True,3,79,True,56.1,74.2,43,True,True,56.5,True,True,55.5,64.9,False,True,46,35,38,17,24,False,8,True,34.2,False,180,True,True,True,74.0,39.0,12,False,3,False,20.0,9.0,True,True,False,0,False,False,SYNTHETIC,42.9,Moderate,44.1
ORG-01411,large,healthcare,27191,64136,11907,95.0,5.0,2384,78.2,True,True,5,25,True,100.0,91.3,23,True,True,100.0,True,True,77.6,77.1,True,True,35,7,2,8,12,True,24,True,84.8,True,384,True,True,False,32.0,1.0,1,True,0,True,13.0,1.0,True,True,True,1,True,False,SYNTHETIC,11.7,Low,10.3
ORG-01412,small,education,20,20,1,66.9,0.0,2,0.0,False,False,1,189,False,9.4,20.0,62,True,False,26.1,True,True,0.0,28.9,False,False,88,43,88,31,12,False,24,True,0.0,False,74,True,False,False,151.0,98.0,24,False,0,False,53.0,24.0,False,False,False,0,False,True,SYNTHETIC,99.0,Critical,82.7
ORG-01413,small,retail,11,12,1,57.2,10.5,1,18.2,False,False,1,219,False,4.9,21.2,68,False,False,18.3,True,False,15.2,28.7,False,False,80,70,87,40,12,False,8,True,11.0,False,38,False,False,False,213.0,114.0,12,False,6,False,73.0,21.0,False,False,False,3,False,False,SYNTHETIC,98.8,Critical,89.7
ORG-01414,small,finance,13,16,1,88.6,6.2,2,66.7,False,False,3,117,False,25.9,26.2,49,False,False,40.1,True,True,60.5,52.2,False,False,76,39,41,27,0,True,0,True,38.9,True,140,True,True,False,148.0,88.0,12,True,12,False,43.0,16.0,True,False,True,1,False,False,SYNTHETIC,56.9,High,56.2
ORG-01415,medium,finance,1501,1910,195,50.8,77.8,41,76.8,True,True,5,72,True,65.3,73.6,25,True,True,92.0,True,True,100.0,100.0,True,True,4,15,30,1,6,True,8,True,100.0,True,389,True,True,True,34.0,19.0,12,True,3,False,1.0,9.0,True,False,True,0,False,False,SYNTHETIC,15.1,Low,13.8
ORG-01416,large,government,8708,19467,2732,91.7,20.8,547,16.7,False,False,2,131,False,39.8,35.2,41,False,False,37.4,True,False,36.5,41.8,True,False,76,47,57,20,6,False,24,True,41.8,False,210,True,False,True,126.0,60.0,12,False,6,True,41.0,23.0,True,False,True,3,False,False,SYNTHETIC,69.5,High,64.4
ORG-01417,small,energy,13,19,1,42.8,47.2,5,71.4,False,False,3,108,False,57.0,56.4,40,False,True,59.2,True,True,58.1,64.9,False,True,47,28,27,12,12,False,8,True,51.7,False,239,True,False,True,70.0,69.0,24,False,0,True,33.0,17.0,True,False,True,0,False,True,SYNTHETIC,48.5,Moderate,49.2
ORG-01418,medium,government,467,661,44,95.0,88.0,11,66.1,True,True,4,91,False,48.3,56.9,54,False,False,64.4,True,False,54.1,57.1,True,True,58,31,26,10,24,False,16,True,54.3,False,204,True,False,True,99.0,74.0,12,False,6,True,28.0,16.0,True,False,True,0,False,True,SYNTHETIC,46.4,Moderate,47.3
ORG-01419,small,manufacturing,63,85,6,67.9,33.2,2,37.3,False,False,2,163,False,7.0,24.8,64,False,False,24.8,True,False,43.4,20.9,False,False,85,49,53,30,6,False,8,True,25.2,False,104,False,False,False,144.0,96.0,1,False,6,False,57.0,14.0,False,False,False,0,False,False,SYNTHETIC,89.9,Critical,83.1
ORG-01420,large,government,23774,35949,3837,50.9,67.8,768,73.1,True,True,5,96,True,100.0,59.0,20,False,True,96.3,True,True,84.4,89.2,True,True,20,16,21,5,6,True,16,True,100.0,True,297,True,True,True,26.0,6.0,12,True,0,True,12.0,6.0,True,True,True,1,False,False,SYNTHETIC,8.5,Low,10.3
ORG-01421,small,government,6,6,1,76.4,46.1,4,29.1,False,False,1,158,True,10.5,21.1,49,False,True,31.0,True,True,50.3,41.7,False,False,75,48,60,30,24,False,0,False,15.3,False,98,False,False,False,115.0,88.0,6,False,0,False,49.0,23.0,True,False,True,4,False,False,SYNTHETIC,83.8,Critical,74.7
ORG-01422,medium,education,374,653,34,56.7,25.4,12,32.8,False,False,1,191,False,21.5,21.1,67,False,False,33.9,True,True,17.9,35.0,False,False,68,63,70,32,12,False,8,True,13.2,False,83,True,False,False,183.0,113.0,12,False,12,False,65.0,26.0,False,False,False,1,True,True,SYNTHETIC,92.7,Critical,82.8
ORG-01423,small,finance,92,100,6,82.0,0.0,5,22.4,False,False,2,163,False,1.6,34.2,39,False,True,19.1,True,True,0.0,36.5,False,False,55,57,37,16,0,False,0,False,45.8,False,175,False,False,False,127.0,90.0,6,True,12,False,52.0,13.0,False,False,False,3,False,False,SYNTHETIC,68.7,High,67.8
ORG-01424,small,finance,17,19,1,81.5,56.8,5,26.0,True,True,3,114,True,12.6,36.0,34,True,False,39.4,True,True,67.8,39.4,True,False,51,35,30,16,12,False,8,True,53.9,False,136,True,True,False,130.0,68.0,24,False,6,True,40.0,17.0,True,True,False,3,True,False,SYNTHETIC,49.6,Moderate,48.0
ORG-01425,large,government,26021,63070,12502,86.2,23.2,2502,81.0,True,True,5,88,False,55.6,77.3,27,True,True,73.2,True,False,87.8,71.6,True,True,53,18,26,5,6,True,16,True,80.0,True,296,False,False,False,72.0,27.0,72,True,3,True,9.0,11.0,True,True,True,0,False,False,SYNTHETIC,24.9,Low,25.8
ORG-01426,small,technology,31,45,1,39.7,6.2,2,17.7,False,False,3,136,False,17.0,30.7,40,False,False,39.4,True,False,26.5,31.8,False,False,75,47,50,21,12,False,0,False,13.9,False,78,True,False,True,161.0,94.0,6,False,6,True,61.0,18.0,False,False,False,1,True,False,SYNTHETIC,96.0,Critical,78.1
ORG-01427,small,retail,59,85,3,100.0,36.3,1,13.9,False,False,2,138,False,15.0,20.0,58,False,False,33.6,True,True,46.4,55.4,False,False,68,64,63,18,24,False,8,True,50.5,False,171,False,False,True,157.0,102.0,6,False,1,False,71.0,17.0,False,False,False,1,False,True,SYNTHETIC,80.1,Critical,76.8
ORG-01428,medium,manufacturing,251,397,29,78.4,0.0,6,48.0,True,True,4,123,True,21.3,49.6,25,True,False,48.5,True,False,39.4,54.5,False,True,57,33,54,25,12,True,8,True,49.2,True,161,True,True,False,60.0,51.0,72,False,3,True,38.0,10.0,False,False,False,0,False,False,SYNTHETIC,55.8,High,54.4
ORG-01429,large,healthcare,9628,16447,1452,88.4,20.3,294,77.3,True,True,4,76,True,85.6,86.9,33,True,True,70.7,True,True,55.3,89.9,True,False,1,3,14,9,6,True,8,True,54.4,True,289,True,True,True,58.0,46.0,12,True,6,True,19.0,8.0,True,False,True,1,True,False,SYNTHETIC,17.8,Low,18.8
ORG-01430,small,energy,43,59,1,54.0,64.4,4,76.6,True,True,4,98,True,49.9,81.2,36,True,True,62.5,True,True,71.4,77.0,True,True,38,22,3,11,12,False,0,False,62.5,False,167,True,True,True,43.0,58.0,12,False,3,True,17.0,6.0,True,True,True,2,False,False,SYNTHETIC,29.7,Moderate,29.5
ORG-01431,small,finance,85,85,5,67.8,37.7,2,1.0,False,False,1,177,False,0.2,21.1,57,True,False,22.8,True,False,25.4,39.1,False,False,84,53,70,36,0,False,0,False,3.4,False,47,False,False,False,171.0,120.0,6,False,1,False,50.0,25.0,False,False,True,2,True,False,SYNTHETIC,99.8,Critical,89.0
ORG-01432,small,manufacturing,25,33,2,65.9,41.8,2,20.0,False,False,2,221,False,7.3,20.0,65,False,False,13.6,True,False,0.0,10.0,False,False,99,62,80,37,12,False,16,True,10.0,False,123,False,False,False,157.0,152.0,12,False,6,False,68.0,22.0,False,False,False,2,True,False,SYNTHETIC,94.6,Critical,87.9
ORG-01433,large,education,12833,27709,3265,82.3,49.2,655,24.0,False,False,2,142,False,76.1,26.2,38,True,False,42.1,True,False,51.4,39.5,True,True,59,40,41,29,6,False,24,True,43.7,False,132,True,False,False,149.0,96.0,12,False,1,False,60.0,16.0,True,True,False,1,False,False,SYNTHETIC,67.5,High,68.1
ORG-01434,small,government,50,73,2,79.0,36.7,4,16.3,False,False,2,182,True,26.7,20.0,67,True,False,44.6,True,False,2.3,14.4,False,False,74,59,61,29,24,False,0,False,14.0,False,96,False,False,False,176.0,96.0,6,True,6,False,62.0,24.0,False,False,False,4,False,False,SYNTHETIC,87.5,Critical,79.7
ORG-01435,small,manufacturing,57,74,4,97.9,71.3,4,12.0,False,False,3,141,False,16.4,26.1,52,False,False,31.8,True,True,40.8,54.3,False,False,76,45,57,20,12,False,0,False,29.2,False,165,False,False,False,168.0,87.0,1,False,3,False,53.0,18.0,False,True,False,2,False,False,SYNTHETIC,88.4,Critical,77.2
ORG-01436,small,healthcare,24,29,1,100.0,45.2,5,17.3,False,False,2,149,True,36.9,20.0,51,False,False,44.6,True,False,8.4,53.8,True,False,70,58,45,28,12,True,8,True,38.7,False,118,False,False,True,114.0,89.0,6,False,3,False,51.0,16.0,False,False,True,3,False,False,SYNTHETIC,73.7,High,68.6
ORG-01437,small,education,19,22,1,38.9,25.4,3,29.2,False,True,3,103,True,49.0,65.0,29,True,True,72.4,True,True,75.9,56.8,True,False,53,40,32,17,0,False,0,False,54.8,False,302,False,False,False,62.0,36.0,6,True,6,True,31.0,10.0,False,True,True,0,False,False,SYNTHETIC,41.9,Moderate,43.3
ORG-01438,small,energy,18,23,1,63.3,37.8,2,55.7,False,True,5,61,True,99.8,52.7,23,True,True,80.2,True,True,76.6,98.7,True,False,34,33,7,11,12,False,0,False,83.4,False,311,True,False,False,60.0,40.0,12,True,3,True,20.0,7.0,True,True,True,0,False,False,SYNTHETIC,24.8,Low,27.9
ORG-01439,medium,finance,729,1214,120,29.4,21.6,24,50.0,False,False,4,126,True,72.2,46.5,19,True,True,73.9,True,False,72.4,75.5,True,False,35,26,2,14,12,False,8,True,61.7,False,284,False,False,True,13.0,55.0,12,False,6,True,34.0,9.0,True,True,True,0,False,True,SYNTHETIC,44.8,Moderate,44.5
ORG-01440,medium,education,649,1010,117,37.0,0.0,26,63.4,True,True,3,119,True,65.2,52.0,43,True,True,87.9,True,True,59.1,67.3,True,True,60,34,35,16,12,False,8,True,36.1,False,204,True,True,False,71.0,43.0,1,False,12,True,37.0,13.0,True,True,True,1,False,False,SYNTHETIC,41.9,Moderate,40.6
ORG-01441,medium,finance,196,333,21,56.2,32.1,5,93.3,True,True,5,45,True,88.3,96.6,10,True,True,97.9,True,True,70.3,99.3,True,True,4,16,20,10,12,True,8,True,80.5,True,358,True,True,True,12.0,15.0,12,True,12,True,5.0,1.0,True,True,True,0,False,False,SYNTHETIC,13.7,Low,13.0
ORG-01442,medium,healthcare,885,1302,78,77.1,44.0,21,27.0,False,False,3,191,False,32.2,32.2,46,False,False,41.7,True,False,41.6,31.8,False,True,54,53,60,34,12,True,8,True,28.0,True,151,False,False,False,167.0,82.0,6,False,6,True,33.0,16.0,True,False,False,2,True,False,SYNTHETIC,74.7,High,73.4
ORG-01443,small,education,80,88,2,31.9,18.7,3,2.2,False,False,1,233,False,4.3,20.0,74,False,True,10.0,True,False,0.0,34.4,False,False,94,69,80,38,0,False,8,True,10.0,False,44,False,False,True,186.0,92.0,1,False,12,False,57.0,29.0,False,False,False,2,True,False,SYNTHETIC,100.0,Critical,88.1
ORG-01444,small,education,18,26,1,91.3,56.7,4,16.1,False,False,1,239,False,17.7,20.0,72,False,False,19.8,True,False,4.3,21.6,False,False,103,62,75,38,0,False,8,True,28.1,False,41,False,False,False,188.0,118.0,6,False,6,False,74.0,20.0,True,False,False,6,False,False,SYNTHETIC,97.7,Critical,86.2
ORG-01445,small,government,92,137,10,79.1,27.6,5,48.6,False,False,1,154,False,38.2,33.3,54,True,True,41.4,True,True,39.2,48.8,False,False,66,54,39,28,0,False,8,True,39.9,False,180,False,False,False,127.0,89.0,12,False,3,False,48.0,18.0,False,False,True,4,True,False,SYNTHETIC,70.8,High,69.9
ORG-01446,medium,retail,2323,3080,288,34.6,29.2,59,43.6,False,True,3,118,True,44.4,52.0,45,True,True,65.6,True,True,53.4,68.0,True,True,42,20,43,26,0,True,8,True,46.8,True,208,True,False,True,109.0,47.0,6,True,6,False,43.0,12.0,True,True,False,2,False,False,SYNTHETIC,38.7,Moderate,38.9
ORG-01447,small,government,32,38,2,35.9,59.0,1,0.0,False,False,2,198,False,0.0,20.0,65,False,True,19.3,True,False,4.0,19.1,False,True,88,45,65,35,12,False,0,False,19.7,False,53,True,False,False,241.0,135.0,24,False,6,False,63.0,20.0,False,False,False,1,True,False,SYNTHETIC,96.3,Critical,87.8
ORG-01448,small,manufacturing,44,58,3,54.9,16.0,6,46.4,False,False,2,78,False,15.4,32.2,20,False,True,48.7,True,False,44.1,58.5,False,False,53,48,53,20,12,False,8,True,41.1,False,168,False,False,True,109.0,91.0,6,True,6,True,42.0,14.0,True,True,True,2,False,False,SYNTHETIC,59.6,High,58.0
ORG-01449,medium,retail,383,512,31,56.2,40.8,9,40.9,False,False,3,113,False,25.4,20.0,30,True,True,24.2,True,False,30.5,58.4,False,False,60,34,58,13,6,True,16,True,31.7,True,215,True,True,False,110.0,92.0,12,False,12,False,48.0,13.0,False,False,False,1,True,True,SYNTHETIC,70.0,High,67.9
ORG-01450,medium,finance,1449,2274,118,24.1,14.3,25,84.6,True,True,3,67,True,79.1,58.3,21,True,True,83.4,True,True,81.8,88.3,False,False,37,29,36,9,0,True,24,True,78.5,True,300,True,True,False,41.0,19.0,24,False,3,True,14.0,10.0,False,True,True,0,False,True,SYNTHETIC,24.4,Low,28.8
ORG-01451,medium,energy,1481,2476,143,77.2,13.8,31,46.3,False,True,2,125,True,25.6,24.4,40,False,False,72.3,True,True,53.1,59.5,True,False,61,45,49,22,12,True,24,True,60.2,True,189,False,False,False,130.0,83.0,24,False,12,False,33.0,19.0,False,True,False,1,False,False,SYNTHETIC,57.1,High,55.7
ORG-01452,medium,education,302,460,48,95.0,26.6,12,47.8,True,True,5,78,False,52.5,43.1,27,True,True,81.8,True,False,49.8,58.1,False,False,31,31,37,25,6,True,8,True,76.0,False,285,True,True,True,89.0,59.0,24,True,3,True,27.0,11.0,True,True,True,0,False,False,SYNTHETIC,34.6,Moderate,33.8
ORG-01453,medium,retail,642,880,50,87.3,42.3,14,44.5,True,True,4,145,False,41.9,47.6,34,True,False,58.4,True,True,28.7,64.3,True,False,41,33,46,19,12,False,8,True,64.6,False,218,True,True,False,94.0,58.0,1,False,0,True,38.0,10.0,True,False,False,0,False,True,SYNTHETIC,50.7,High,49.1
ORG-01454,small,education,33,47,2,58.5,0.0,4,25.4,False,False,2,200,False,58.8,55.4,37,False,False,24.7,False,True,36.5,51.1,False,False,62,46,50,23,12,False,8,True,40.7,False,118,False,False,False,163.0,87.0,6,True,3,False,54.0,19.0,False,False,False,0,False,False,SYNTHETIC,68.4,High,68.9
ORG-01455,small,retail,10,13,1,100.0,21.8,3,17.4,False,False,1,176,True,4.4,20.0,50,False,False,24.5,True,False,0.0,21.9,False,False,74,59,74,29,12,True,0,True,6.1,True,79,False,False,False,174.0,99.0,1,False,6,False,70.0,22.0,False,True,False,2,False,False,SYNTHETIC,92.6,Critical,82.2
ORG-01456,small,technology,9,12,1,45.4,7.8,2,33.2,False,False,1,142,False,43.9,35.8,47,False,True,20.8,True,False,9.5,31.1,False,False,66,54,45,32,0,False,0,False,34.5,False,165,False,False,False,145.0,66.0,6,False,6,True,56.0,20.0,True,False,False,2,False,True,SYNTHETIC,75.7,Critical,76.2
ORG-01457,medium,energy,2057,2613,178,60.3,21.7,38,100.0,True,True,5,39,True,90.5,85.3,1,True,True,100.0,False,True,76.6,100.0,True,True,12,7,4,9,12,True,8,True,86.9,True,369,True,True,True,1.0,1.0,72,True,12,True,11.0,1.0,True,True,True,0,False,False,SYNTHETIC,10.3,Low,9.6
ORG-01458,small,healthcare,38,39,1,61.2,47.4,5,46.4,False,False,3,127,False,19.5,39.5,53,False,False,37.8,True,True,45.3,49.7,True,False,58,43,47,22,24,True,0,True,61.5,True,160,True,True,False,121.0,78.0,6,False,6,True,33.0,13.0,True,False,False,2,False,False,SYNTHETIC,60.6,High,59.0
ORG-01459,medium,healthcare,554,871,53,66.1,16.8,12,31.1,False,False,1,187,False,22.9,27.3,61,False,False,41.6,True,False,0.0,49.2,False,False,81,58,65,30,0,False,8,True,8.6,False,77,False,False,True,157.0,88.0,12,False,12,False,60.0,16.0,False,False,False,0,False,False,SYNTHETIC,93.3,Critical,85.7
ORG-01460,medium,manufacturing,252,451,28,95.0,31.6,11,73.6,False,False,3,105,False,26.0,42.4,18,False,True,78.4,True,True,78.2,51.0,True,True,47,33,48,23,6,True,0,True,51.3,True,186,True,True,True,80.0,59.0,6,False,12,True,38.0,12.0,True,False,True,2,True,False,SYNTHETIC,48.8,Moderate,48.4
ORG-01461,medium,government,190,294,27,15.0,0.7,5,12.9,False,False,1,194,False,0.0,20.0,62,False,False,15.8,True,False,0.0,17.2,False,False,80,69,73,36,24,False,8,True,4.5,False,31,False,False,False,194.0,130.0,24,False,6,False,79.0,25.0,False,False,False,0,False,True,SYNTHETIC,100.0,Critical,92.1
ORG-01462,medium,healthcare,1888,2410,222,41.0,62.0,47,32.9,False,False,2,142,False,38.9,53.2,45,False,True,42.9,True,False,10.2,56.7,True,True,67,43,56,21,6,False,0,False,26.1,False,128,True,True,False,157.0,75.0,12,False,3,False,58.0,23.0,True,False,True,0,False,False,SYNTHETIC,74.4,High,68.6
ORG-01463,medium,government,505,814,80,68.3,37.6,21,37.3,False,False,2,194,True,53.9,39.9,35,False,True,46.5,True,False,30.2,38.9,False,False,47,44,40,20,12,False,16,True,28.3,False,195,False,False,True,76.0,96.0,1,False,3,True,50.0,15.0,False,False,False,0,False,False,SYNTHETIC,66.0,High,65.6
ORG-01464,medium,manufacturing,1115,1608,172,79.4,8.2,38,0.0,False,False,1,197,False,7.0,20.0,65,False,False,10.9,True,True,27.5,21.3,False,False,70,57,67,25,24,False,16,True,29.6,False,76,False,False,False,226.0,89.0,72,False,3,False,59.0,21.0,False,False,False,0,False,False,SYNTHETIC,95.8,Critical,84.4
ORG-01465,medium,manufacturing,1030,1653,94,28.1,32.3,20,84.5,True,True,4,87,True,56.3,65.9,17,True,True,66.0,True,True,45.3,48.5,True,True,49,31,53,14,12,False,16,True,52.3,False,251,False,False,False,83.0,46.0,12,True,12,False,27.0,2.0,True,True,False,1,True,False,SYNTHETIC,39.3,Moderate,38.5
ORG-01466,medium,healthcare,413,550,62,79.1,42.6,13,58.9,True,True,3,130,True,34.4,27.7,44,True,True,63.3,True,True,34.1,54.4,False,True,43,30,45,13,12,True,8,True,59.1,True,259,False,False,False,115.0,65.0,1,True,3,False,31.0,8.0,False,False,True,3,True,False,SYNTHETIC,43.1,Moderate,42.8
ORG-01467,large,energy,14518,29782,4813,72.8,62.8,962,68.5,True,True,4,47,True,61.9,59.7,18,True,True,73.2,True,True,61.7,74.1,True,True,36,21,20,8,24,True,24,True,83.1,True,307,True,False,True,66.0,21.0,24,True,3,True,31.0,11.0,False,True,False,2,True,False,SYNTHETIC,22.8,Low,22.7
ORG-01468,large,manufacturing,2313,3784,696,74.6,21.1,140,69.0,True,True,4,54,True,49.5,64.6,31,True,True,80.6,True,False,77.6,70.1,True,False,34,35,22,5,12,True,24,True,90.5,True,247,False,False,True,13.0,15.0,24,True,6,True,29.0,12.0,True,False,False,1,True,False,SYNTHETIC,24.8,Low,24.9
ORG-01469,large,government,12981,30480,4786,53.8,35.8,960,82.2,True,True,5,69,False,79.7,77.1,29,True,True,68.3,True,False,44.3,69.4,True,True,16,24,15,8,12,True,24,True,72.2,True,311,True,True,True,54.0,39.0,24,True,0,False,18.0,1.0,True,True,False,1,True,False,SYNTHETIC,25.1,Moderate,23.4
ORG-01470,medium,retail,675,1133,81,40.1,31.7,21,71.9,True,True,4,74,True,65.9,59.6,22,True,True,90.4,True,False,74.8,72.2,True,True,31,34,33,21,12,True,8,True,96.2,False,340,False,False,False,34.0,69.0,12,True,12,False,14.0,15.0,True,True,False,1,False,False,SYNTHETIC,35.6,Moderate,34.6
ORG-01471,small,energy,32,32,1,66.9,0.5,3,25.2,False,False,3,153,True,19.4,32.7,36,True,True,40.3,True,False,25.5,30.9,False,False,82,53,58,27,6,False,0,False,51.0,False,119,True,False,False,155.0,72.0,72,False,1,False,57.0,12.0,False,False,True,0,False,False,SYNTHETIC,74.0,High,72.8
ORG-01472,small,education,19,20,1,19.8,34.4,1,0.0,False,False,1,166,False,9.0,20.0,70,False,False,10.0,True,True,17.7,20.3,False,False,100,60,61,38,0,False,0,False,0.0,False,76,False,False,False,204.0,81.0,1,False,3,False,70.0,25.0,False,False,False,1,True,False,SYNTHETIC,98.1,Critical,88.0
ORG-01473,small,energy,48,63,4,73.5,0.0,6,26.6,False,False,2,171,False,33.6,20.0,61,False,False,54.6,True,True,31.3,41.7,False,False,83,46,52,34,0,False,0,False,28.6,False,140,True,False,False,140.0,63.0,1,False,6,False,56.0,21.0,True,False,True,3,True,False,SYNTHETIC,76.1,Critical,73.2
ORG-01474,large,energy,8947,14930,1658,59.8,66.1,338,75.3,False,False,4,64,True,63.4,76.0,28,True,True,70.2,True,True,86.7,79.7,True,True,15,23,10,6,6,True,24,True,64.9,True,297,True,True,False,55.0,50.0,24,True,6,True,22.0,3.0,True,True,True,0,False,False,SYNTHETIC,22.5,Low,22.1
ORG-01475,small,education,5,6,1,51.4,47.9,3,63.6,False,False,3,131,True,44.9,43.1,54,False,False,52.0,True,False,30.8,47.1,True,False,57,45,76,22,12,False,8,True,21.7,False,157,False,False,True,115.0,97.0,1,False,3,False,56.0,17.0,False,True,False,3,True,False,SYNTHETIC,74.1,High,67.1
ORG-01476,medium,healthcare,179,255,26,87.9,67.9,8,51.1,True,True,3,110,False,73.4,41.4,22,False,True,57.9,True,True,20.3,82.3,True,True,58,36,33,17,24,True,8,True,70.7,True,229,False,False,True,103.0,40.0,6,False,12,True,38.0,12.0,True,True,False,1,True,False,SYNTHETIC,43.1,Moderate,45.2
ORG-01477,small,healthcare,28,30,1,46.9,0.0,1,7.6,False,False,1,176,False,16.5,20.0,64,False,False,13.7,True,False,30.7,10.0,False,True,75,61,84,20,12,False,0,False,15.7,False,14,False,False,True,175.0,98.0,12,True,3,True,64.0,20.0,False,False,False,0,False,False,SYNTHETIC,86.8,Critical,77.2
ORG-01478,medium,finance,668,1002,109,32.1,49.5,25,30.3,False,False,3,85,True,42.6,53.5,42,False,True,41.0,True,False,40.7,31.4,True,True,39,47,47,24,12,False,24,True,38.9,False,252,False,False,True,88.0,66.0,1,False,0,False,39.0,16.0,True,False,True,1,False,True,SYNTHETIC,61.0,High,60.1
ORG-01479,small,energy,72,89,4,59.6,42.1,2,38.4,True,True,3,130,True,5.8,45.5,47,True,True,41.3,True,True,49.4,47.1,False,False,75,43,57,25,12,True,0,True,44.0,True,250,True,True,False,121.0,72.0,1,True,3,False,44.0,16.0,True,False,False,5,True,False,SYNTHETIC,46.2,Moderate,47.1
ORG-01480,small,energy,32,37,1,78.1,33.9,3,6.6,False,False,1,217,False,0.0,20.0,47,False,False,33.7,True,True,23.6,46.9,False,False,78,62,74,29,0,False,8,True,34.5,False,82,False,False,False,136.0,102.0,12,True,3,False,61.0,21.0,False,False,False,5,False,False,SYNTHETIC,81.8,Critical,75.5
ORG-01481,small,manufacturing,35,35,1,66.5,57.4,1,36.5,True,True,2,148,False,15.8,27.5,35,False,False,50.2,True,True,20.0,55.4,False,False,41,39,33,23,6,False,16,True,57.6,False,240,False,False,True,95.0,79.0,24,False,6,True,28.0,18.0,False,True,False,1,True,True,SYNTHETIC,57.1,High,56.0
ORG-01482,small,manufacturing,11,14,1,56.1,9.6,2,22.9,False,False,2,231,False,21.4,20.0,63,False,False,28.4,True,False,15.8,28.4,False,True,85,45,73,28,6,False,8,True,12.5,False,82,False,False,True,177.0,106.0,6,False,6,True,70.0,17.0,False,False,True,3,False,False,SYNTHETIC,86.6,Critical,81.6
ORG-01483,medium,finance,603,813,83,30.5,65.8,23,44.4,False,False,3,128,False,53.9,40.2,34,False,True,68.6,True,False,29.7,42.7,True,False,58,34,35,19,24,True,0,True,69.0,True,183,True,False,False,58.0,80.0,12,False,1,True,57.0,7.0,True,True,False,2,False,True,SYNTHETIC,55.2,High,55.7
ORG-01484,medium,finance,1787,2887,242,54.8,13.8,49,83.1,False,False,4,45,True,73.6,74.7,26,True,True,75.3,True,True,62.0,83.3,True,True,36,25,40,5,12,True,0,True,55.1,True,256,True,True,True,90.0,21.0,6,True,12,True,23.0,10.0,True,True,False,0,False,False,SYNTHETIC,27.3,Moderate,29.7
ORG-01485,medium,finance,235,373,44,54.5,23.4,13,100.0,True,True,5,43,True,100.0,100.0,3,True,True,100.0,True,True,84.9,89.6,True,True,1,10,2,3,12,True,8,True,92.0,False,393,True,True,True,27.0,16.0,72,True,3,True,12.0,0.5,True,True,True,0,False,False,SYNTHETIC,7.8,Low,5.6
ORG-01486,medium,retail,816,1271,84,16.5,44.3,20,32.6,False,False,1,156,False,0.0,20.0,44,False,False,25.8,True,False,0.0,52.4,False,False,80,42,67,19,12,False,16,True,44.9,False,127,False,False,False,190.0,80.0,6,False,0,False,58.0,24.0,False,False,True,1,True,True,SYNTHETIC,81.6,Critical,79.2
ORG-01487,large,manufacturing,38782,73118,8825,90.9,11.4,1767,78.3,True,True,4,97,True,41.1,53.3,33,True,False,68.6,True,False,84.3,65.8,False,True,35,29,18,8,12,True,24,True,56.6,True,290,True,True,True,102.0,72.0,24,False,3,True,29.0,7.0,False,False,False,2,False,False,SYNTHETIC,39.3,Moderate,38.3
ORG-01488,small,energy,35,45,1,73.1,4.3,3,35.7,False,False,2,133,False,38.7,29.2,39,True,False,35.4,True,False,20.0,26.1,False,False,65,37,39,27,12,False,0,False,34.0,False,161,True,False,False,138.0,48.0,12,True,6,False,44.0,15.0,False,False,False,1,True,False,SYNTHETIC,70.6,High,71.3
ORG-01489,small,energy,108,110,2,65.3,28.2,2,77.3,True,True,4,66,False,68.6,66.3,15,False,False,59.6,True,False,59.0,68.9,True,True,34,30,15,10,0,False,0,False,78.7,False,274,True,False,True,43.0,89.0,1,True,3,True,22.0,7.0,True,False,True,0,False,False,SYNTHETIC,30.0,Moderate,34.2
ORG-01490,medium,education,928,1329,79,50.0,49.5,16,59.3,True,True,4,115,True,65.4,44.7,27,True,True,57.7,True,False,52.7,71.8,True,True,55,27,33,15,12,False,0,False,40.3,False,256,True,True,True,83.0,17.0,12,False,6,True,31.0,11.0,True,True,False,3,True,False,SYNTHETIC,43.3,Moderate,43.0
ORG-01491,medium,finance,1852,2708,266,16.2,33.0,56,72.5,True,True,4,55,True,85.1,79.3,12,True,True,95.7,True,True,77.5,84.5,True,True,24,19,3,10,6,True,8,True,54.3,False,332,True,True,True,36.0,37.0,6,False,0,True,21.0,6.0,True,True,True,0,False,False,SYNTHETIC,19.5,Low,21.2
ORG-01492,small,retail,29,34,1,81.6,37.6,3,42.7,True,True,2,105,False,51.0,42.6,45,False,False,73.8,True,False,67.2,58.2,True,False,70,38,33,18,12,True,0,True,30.6,True,206,False,False,False,85.0,42.0,24,True,0,True,43.0,2.0,False,True,False,0,False,False,SYNTHETIC,51.2,High,49.3
ORG-01493,medium,retail,1162,1735,95,41.2,35.5,21,74.1,True,True,4,66,True,60.0,67.2,23,False,True,67.7,True,True,61.7,87.1,True,True,38,34,12,11,0,True,16,True,92.3,True,311,True,True,True,37.0,1.0,6,True,6,True,19.0,4.0,True,True,True,0,False,False,SYNTHETIC,14.1,Low,14.4
ORG-01494,medium,energy,381,578,54,77.3,17.3,16,58.4,False,False,3,129,False,56.5,35.1,51,False,False,40.0,True,False,0.0,45.9,True,False,88,51,55,30,6,True,0,True,26.0,True,153,True,False,False,153.0,60.0,12,True,0,False,45.0,17.0,False,False,False,2,False,False,SYNTHETIC,64.4,High,64.5
ORG-01495,small,government,8,9,1,82.4,0.0,5,30.3,False,False,3,147,True,27.5,32.2,54,True,False,60.1,True,True,28.8,40.0,False,True,73,34,44,20,24,False,0,False,27.0,False,211,False,False,True,124.0,71.0,12,False,3,False,47.0,15.0,False,False,False,1,False,False,SYNTHETIC,72.0,High,69.9
ORG-01496,small,education,45,63,2,54.9,44.2,5,13.8,False,False,3,131,True,53.1,23.6,49,False,False,29.0,True,False,47.0,19.3,True,True,74,44,65,35,6,False,8,True,16.4,False,150,True,False,False,126.0,88.0,6,False,3,True,39.0,22.0,False,False,False,6,False,True,SYNTHETIC,87.4,Critical,73.4
ORG-01497,large,government,7568,15079,2468,60.6,11.5,497,96.3,True,True,4,23,True,79.0,84.9,15,True,True,100.0,True,True,86.1,100.0,True,True,16,3,2,7,12,True,24,True,100.0,False,365,True,True,True,9.0,10.0,24,True,6,True,1.0,9.0,True,True,True,0,False,False,SYNTHETIC,7.7,Low,6.1
ORG-01498,small,finance,30,40,1,40.5,47.0,5,51.0,False,False,1,154,False,55.7,20.0,44,False,True,33.7,True,False,64.7,44.4,False,False,75,53,58,28,6,True,0,True,47.1,True,204,False,False,True,158.0,73.0,6,False,3,False,46.0,10.0,True,True,True,3,True,False,SYNTHETIC,66.5,High,66.1
ORG-01499,small,education,10,11,1,75.0,41.1,2,55.8,False,False,3,174,False,28.2,51.3,39,False,False,41.0,True,False,16.0,53.4,True,False,61,38,44,25,24,True,0,True,24.3,True,169,False,False,False,128.0,75.0,12,False,3,False,50.0,21.0,False,False,False,4,False,False,SYNTHETIC,74.9,High,72.4
ORG-01500,large,manufacturing,15044,28114,2624,69.0,69.7,527,39.9,False,False,2,113,False,55.0,27.7,35,False,True,49.5,True,True,19.0,30.4,False,True,53,43,56,30,12,True,24,True,40.3,True,140,False,False,False,113.0,80.0,12,False,3,False,46.0,12.0,True,False,False,2,False,False,SYNTHETIC,64.1,High,66.1
ORG-01501,large,finance,4373,8457,1232,92.4,45.0,250,87.0,True,True,4,56,True,65.5,90.4,7,True,True,87.9,True,True,90.3,76.9,True,True,11,26,2,14,12,True,24,True,77.5,True,303,True,True,True,49.0,1.0,72,True,6,True,6.0,1.0,True,False,True,0,False,False,SYNTHETIC,15.5,Low,13.5
ORG-01502,medium,energy,844,1432,123,55.8,38.5,28,75.8,True,True,4,79,True,71.0,82.6,30,True,True,75.7,True,True,64.1,70.4,True,True,55,27,25,7,24,True,0,True,65.5,True,330,True,True,True,69.0,33.0,1,True,6,False,24.0,2.0,True,True,False,0,False,False,SYNTHETIC,26.9,Moderate,25.4
ORG-01503,small,education,171,185,8,72.2,48.4,7,13.1,False,False,2,185,True,0.0,20.0,52,False,True,24.4,True,False,5.9,49.2,False,True,83,65,80,40,24,False,0,False,25.2,False,69,False,False,False,160.0,107.0,12,False,12,False,63.0,17.0,False,False,False,5,True,True,SYNTHETIC,100.0,Critical,87.4
ORG-01504,small,government,54,75,5,67.8,81.4,5,55.9,False,False,4,121,True,70.2,61.3,26,True,False,59.3,True,False,58.6,63.5,True,False,54,32,38,23,12,False,16,True,66.9,False,220,False,False,False,111.0,44.0,12,True,3,True,24.0,7.0,True,True,False,0,False,False,SYNTHETIC,50.6,High,47.7
ORG-01505,small,government,73,85,4,67.9,37.6,1,34.7,False,False,2,212,False,20.1,38.3,63,False,False,10.0,True,False,7.3,33.8,False,True,82,61,63,31,0,False,0,False,11.7,False,90,False,False,False,165.0,98.0,168,False,6,False,62.0,21.0,False,True,False,6,False,False,SYNTHETIC,95.1,Critical,84.8
ORG-01506,small,energy,28,34,1,46.2,40.5,1,43.2,False,False,2,145,False,49.9,34.8,44,False,False,43.9,True,False,54.4,32.0,True,True,76,55,34,30,12,False,0,False,35.8,False,170,True,False,False,121.0,84.0,1,True,12,False,48.0,15.0,True,False,False,5,False,False,SYNTHETIC,66.8,High,67.1
ORG-01507,medium,manufacturing,1634,2618,303,65.0,26.0,65,15.2,False,False,2,193,False,28.4,26.4,56,False,False,29.1,True,False,21.0,38.6,False,False,61,47,55,33,6,False,24,True,21.8,False,191,True,False,False,175.0,92.0,12,True,12,True,67.0,20.0,False,True,False,2,True,False,SYNTHETIC,76.8,Critical,70.5
ORG-01508,medium,energy,714,1205,93,64.9,27.1,20,24.0,True,True,3,130,True,79.6,48.9,21,False,True,53.0,True,False,64.4,57.9,True,False,50,26,55,8,12,False,16,True,38.5,False,238,True,True,False,61.0,67.0,24,False,6,False,34.0,6.0,False,False,False,1,False,False,SYNTHETIC,56.9,High,55.3
ORG-01509,small,technology,33,40,1,72.6,7.5,4,81.2,True,True,3,85,True,80.8,54.7,25,True,True,83.9,False,False,43.1,62.5,True,False,39,33,53,12,0,False,0,False,59.8,False,234,True,True,False,102.0,65.0,12,True,6,True,32.0,11.0,True,True,True,1,True,False,SYNTHETIC,36.8,Moderate,35.3
ORG-01510,small,technology,37,40,2,81.7,0.0,4,35.4,False,False,2,126,False,23.5,50.6,42,True,True,48.6,True,False,38.1,40.9,False,True,62,35,58,30,12,False,8,True,37.8,False,182,False,False,False,109.0,51.0,6,False,12,True,37.0,20.0,False,False,True,2,True,False,SYNTHETIC,75.3,Critical,75.0
ORG-01511,medium,energy,456,724,71,15.0,74.3,16,95.0,True,True,5,78,True,82.3,87.3,22,True,True,81.9,True,True,72.0,91.7,True,True,5,8,3,8,0,True,16,True,83.7,True,338,True,True,True,1.0,11.0,6,True,6,True,14.0,6.0,True,True,True,0,False,False,SYNTHETIC,7.9,Low,8.5
ORG-01512,small,government,108,148,10,31.9,31.3,4,54.3,False,False,3,163,True,36.8,30.9,29,False,False,52.0,True,True,35.6,64.0,False,False,54,29,59,30,0,False,8,True,42.5,False,205,False,False,True,107.0,70.0,12,True,3,False,48.0,12.0,True,False,False,3,True,False,SYNTHETIC,58.6,High,57.1
ORG-01513,medium,finance,290,396,22,15.0,58.4,6,45.0,False,False,2,127,False,68.5,62.0,40,False,True,61.2,True,True,23.9,47.2,True,False,61,40,41,19,0,False,16,True,42.6,False,235,False,False,False,98.0,56.0,6,True,3,True,32.0,7.0,True,False,True,2,False,False,SYNTHETIC,50.6,High,49.7
ORG-01514,small,healthcare,24,28,1,37.6,19.7,4,51.2,False,True,2,116,False,47.7,30.1,32,True,False,67.7,True,True,30.1,52.3,True,False,50,30,38,25,24,False,8,True,50.4,False,168,False,False,False,116.0,56.0,12,True,3,False,35.0,13.0,False,False,False,1,False,False,SYNTHETIC,58.1,High,58.4
ORG-01515,medium,education,1098,1689,174,55.2,18.7,36,32.7,False,False,2,169,True,19.9,20.0,48,True,True,36.4,True,False,15.0,42.8,False,False,64,49,44,19,0,True,8,True,35.2,True,137,True,False,False,149.0,84.0,6,False,0,True,41.0,12.0,True,False,False,3,False,False,SYNTHETIC,60.2,High,61.6
ORG-01516,medium,energy,753,1229,143,29.0,21.1,30,81.5,True,True,4,87,True,77.9,58.0,25,True,True,80.6,True,True,59.4,79.8,True,True,30,26,26,7,24,True,0,True,62.3,True,325,True,True,False,74.0,38.0,6,True,3,True,1.0,2.0,True,False,True,0,False,False,SYNTHETIC,26.5,Moderate,23.9
ORG-01517,large,manufacturing,18207,28866,3312,69.9,56.7,663,96.3,True,True,4,67,True,81.1,81.3,15,True,True,84.9,True,True,84.7,68.6,True,True,32,11,26,11,24,True,24,True,62.0,False,310,True,True,True,42.0,20.0,72,True,6,False,15.0,0.5,True,True,False,0,False,False,SYNTHETIC,20.7,Low,20.0
ORG-01518,small,technology,66,93,5,68.0,55.1,3,41.8,False,False,4,120,False,43.9,42.6,42,True,True,44.9,True,False,42.4,41.7,True,False,69,34,48,18,12,False,24,True,47.7,False,205,True,True,True,125.0,71.0,12,True,6,True,42.0,11.0,True,False,True,2,True,False,SYNTHETIC,52.7,High,49.8
ORG-01519,small,government,19,21,1,66.2,16.9,6,6.9,False,False,1,186,False,15.0,20.0,67,False,True,25.8,True,False,0.0,40.0,False,True,82,65,69,41,6,False,0,False,31.8,False,102,True,False,False,192.0,118.0,24,False,0,False,73.0,17.0,False,False,False,1,True,False,SYNTHETIC,87.6,Critical,84.1
ORG-01520,medium,government,5938,8680,694,67.9,33.4,141,60.8,False,False,4,115,True,32.4,49.2,31,True,True,57.7,True,False,18.9,59.8,True,False,44,40,60,25,0,True,0,True,57.2,False,201,False,False,True,72.0,80.0,72,False,1,True,31.0,5.0,True,True,True,1,True,False,SYNTHETIC,49.8,Moderate,50.9
ORG-01521,medium,healthcare,442,713,67,72.3,51.1,16,53.7,False,False,3,154,False,36.7,45.9,46,True,True,57.7,True,False,31.6,55.5,False,True,51,40,65,18,0,True,16,True,45.5,True,207,True,False,False,129.0,62.0,12,False,6,False,37.0,19.0,True,True,True,2,True,False,SYNTHETIC,58.5,High,58.6
ORG-01522,medium,retail,331,546,58,15.0,35.9,14,90.9,True,True,4,105,True,84.3,71.0,24,True,True,72.8,False,True,60.8,66.8,False,True,18,25,19,15,12,True,16,True,86.7,True,314,False,False,True,44.0,12.0,12,True,6,False,15.0,0.5,True,True,True,1,True,False,SYNTHETIC,23.3,Low,23.4
ORG-01523,small,energy,41,50,1,14.3,23.2,2,37.1,False,False,2,108,False,36.6,36.6,46,True,False,48.6,True,True,39.6,53.8,False,True,63,50,49,29,24,True,0,True,31.8,True,141,False,False,False,121.0,92.0,6,False,6,True,41.0,18.0,True,False,False,2,False,False,SYNTHETIC,68.8,High,69.9
ORG-01524,medium,education,595,752,52,70.1,64.0,12,12.1,False,False,2,170,False,59.3,37.9,52,True,True,38.0,True,True,31.9,66.8,True,False,79,60,40,26,12,False,0,False,42.8,False,130,False,False,False,104.0,101.0,12,False,3,True,50.0,18.0,False,False,False,0,False,False,SYNTHETIC,80.0,Critical,71.2
ORG-01525,small,education,14,19,1,46.9,35.0,3,27.4,False,False,2,156,True,20.4,32.8,32,True,False,50.6,True,True,15.5,38.5,False,False,70,41,58,32,6,True,8,True,45.3,False,140,False,False,False,143.0,103.0,24,False,3,True,68.0,10.0,True,True,True,4,False,False,SYNTHETIC,62.4,High,62.5
ORG-01526,small,education,30,35,1,95.0,29.1,3,52.5,False,False,2,165,False,31.6,43.5,42,True,False,32.5,True,True,26.4,48.9,False,True,67,42,43,32,12,False,8,True,40.4,False,128,True,False,True,113.0,99.0,72,False,12,False,62.0,17.0,False,False,False,2,False,True,SYNTHETIC,76.2,Critical,72.8
ORG-01527,medium,technology,401,552,40,64.6,39.2,10,36.1,False,False,2,147,False,18.1,24.8,48,False,False,27.5,True,True,22.8,31.8,False,False,96,45,71,28,12,True,16,True,23.1,False,92,False,False,False,136.0,105.0,6,False,6,False,71.0,22.0,False,False,False,2,False,False,SYNTHETIC,82.0,Critical,76.7
ORG-01528,small,manufacturing,48,66,3,51.1,10.4,4,13.0,False,False,2,149,False,48.8,20.4,47,True,True,43.2,True,True,25.9,68.4,True,False,60,44,59,37,12,False,0,False,38.1,False,181,True,False,False,131.0,55.0,6,False,12,True,44.0,20.0,False,False,False,1,True,False,SYNTHETIC,73.8,High,72.4
ORG-01529,large,government,16916,28587,4766,63.0,28.4,955,90.2,True,True,4,77,True,65.1,82.8,23,True,True,95.4,True,True,99.1,100.0,True,True,9,15,27,1,12,True,24,True,100.0,True,341,True,True,True,25.0,9.0,72,True,1,True,23.0,0.5,True,True,True,0,False,False,SYNTHETIC,8.0,Low,8.5
ORG-01530,medium,retail,708,1089,121,44.0,21.6,25,49.4,False,False,2,137,False,39.8,35.8,42,False,False,49.7,True,False,32.3,37.5,False,False,63,55,72,24,12,True,16,True,26.6,True,134,False,False,False,123.0,85.0,24,True,3,False,55.0,10.0,False,False,False,3,False,False,SYNTHETIC,67.2,High,67.4
ORG-01531,medium,finance,395,670,61,64.6,31.7,14,38.3,False,False,3,131,True,35.4,30.2,31,False,True,70.3,True,False,23.4,74.5,False,True,56,42,62,20,24,True,24,True,25.0,True,196,False,False,False,128.0,51.0,12,False,12,True,25.0,21.0,True,True,False,4,True,True,SYNTHETIC,68.4,High,61.3
ORG-01532,medium,energy,2076,3114,269,34.0,19.2,59,30.9,False,False,2,169,False,18.4,38.7,44,True,False,55.9,True,True,40.7,40.2,False,False,62,49,62,31,12,True,8,True,59.5,False,166,True,True,False,118.0,65.0,72,True,3,False,59.0,13.0,False,True,False,2,True,False,SYNTHETIC,58.5,High,59.1
ORG-01533,medium,healthcare,501,809,92,55.8,22.5,23,23.3,False,False,3,151,True,20.0,34.4,37,True,False,49.4,True,False,31.9,54.4,True,False,59,48,46,21,12,True,24,True,31.0,True,152,False,False,True,148.0,75.0,6,True,12,False,38.0,16.0,False,True,False,3,True,False,SYNTHETIC,57.2,High,57.6
ORG-01534,large,manufacturing,15170,30795,2491,83.3,32.9,500,90.3,True,True,3,122,True,59.5,63.7,30,True,False,73.8,True,False,60.0,64.9,True,False,40,26,50,17,12,False,8,True,71.4,False,271,True,True,True,96.0,48.0,6,False,3,True,27.0,3.0,False,True,False,1,True,False,SYNTHETIC,43.6,Moderate,43.0
ORG-01535,small,technology,23,27,1,63.8,8.7,2,35.3,True,True,4,148,True,70.6,53.0,36,True,True,57.4,True,False,27.3,57.7,False,False,79,53,31,30,12,False,0,False,35.6,False,247,False,False,True,85.0,53.0,12,False,6,False,33.0,18.0,False,True,True,0,False,False,SYNTHETIC,62.4,High,59.5
ORG-01536,small,energy,68,94,6,47.4,34.0,3,32.0,False,False,2,135,True,14.3,45.2,50,False,False,46.1,True,False,35.7,55.3,True,False,70,42,50,36,12,False,0,False,20.5,False,147,False,False,False,143.0,65.0,168,False,3,False,34.0,15.0,False,False,False,1,True,False,SYNTHETIC,81.3,Critical,75.7
ORG-01537,large,finance,8665,20439,3412,66.1,33.8,685,88.8,True,True,5,107,True,77.1,63.4,30,True,False,68.0,True,True,48.1,69.1,True,True,38,25,10,13,12,True,16,True,55.1,True,365,True,True,True,73.0,46.0,12,True,3,False,19.0,11.0,True,True,False,0,False,False,SYNTHETIC,21.1,Low,21.1
ORG-01538,small,healthcare,8,8,1,74.9,20.0,4,35.1,False,False,3,141,True,20.5,43.1,41,True,True,42.0,True,False,18.7,38.5,True,True,75,46,35,22,12,False,8,True,36.7,False,185,False,False,False,156.0,77.0,6,False,6,False,67.0,19.0,True,False,False,2,False,False,SYNTHETIC,66.8,High,67.5
ORG-01539,medium,government,251,434,29,68.1,66.8,9,19.9,False,False,1,150,True,48.5,31.9,35,True,True,33.6,True,True,18.3,51.8,False,True,57,48,31,22,12,False,0,False,42.4,False,213,True,False,True,126.0,72.0,12,True,1,False,30.0,18.0,False,True,False,2,False,False,SYNTHETIC,59.7,High,56.7
ORG-01540,small,manufacturing,32,41,1,47.0,0.0,1,10.9,False,False,1,195,False,0.0,20.0,77,False,False,10.0,True,False,21.0,15.9,False,False,114,67,74,28,24,False,0,False,16.1,False,94,False,False,True,231.0,95.0,12,False,3,False,73.0,18.0,True,False,False,1,False,False,SYNTHETIC,95.0,Critical,86.2
ORG-01541,small,energy,38,41,1,66.0,25.0,7,36.4,False,False,2,149,False,29.0,20.7,52,False,True,60.1,True,False,24.4,57.6,True,True,75,53,52,24,0,False,0,False,54.1,False,159,True,False,False,121.0,51.0,6,False,3,True,41.0,13.0,False,True,False,2,False,False,SYNTHETIC,67.9,High,66.5
ORG-01542,small,healthcare,30,34,2,18.7,29.2,6,46.4,False,False,2,139,False,14.0,45.1,62,False,False,51.5,True,True,23.9,49.5,True,False,66,45,80,26,12,False,0,False,26.7,False,143,False,False,False,153.0,88.0,12,False,6,True,52.0,13.0,False,False,False,2,False,False,SYNTHETIC,77.4,Critical,73.4
ORG-01543,small,finance,40,44,3,65.1,19.0,3,38.6,False,False,3,141,True,35.8,38.0,44,False,True,44.5,True,False,57.9,48.2,True,False,54,49,65,29,6,False,0,False,20.0,False,228,True,False,False,135.0,74.0,12,False,3,False,54.0,8.0,False,False,True,1,True,False,SYNTHETIC,77.5,Critical,69.2
ORG-01544,small,government,38,41,1,82.4,27.0,1,54.5,False,False,3,139,False,52.4,31.5,37,True,False,47.8,True,True,71.9,68.2,True,False,51,42,44,22,0,True,16,True,35.9,True,107,True,False,True,170.0,66.0,72,True,1,True,53.0,19.0,False,False,False,0,False,False,SYNTHETIC,48.4,Moderate,49.7
ORG-01545,small,manufacturing,29,36,1,70.0,34.2,1,0.0,False,False,1,204,False,16.8,20.0,57,True,False,17.5,True,False,23.3,13.1,False,False,83,58,70,29,12,False,8,True,5.7,False,59,False,False,False,138.0,117.0,12,False,12,False,69.0,31.0,False,False,True,5,False,False,SYNTHETIC,100.0,Critical,91.3
ORG-01546,medium,manufacturing,581,834,98,50.6,35.9,24,42.0,False,False,2,143,False,25.0,21.1,42,False,True,62.0,True,True,37.5,35.3,True,False,48,52,51,26,12,False,8,True,26.1,False,160,False,False,False,119.0,82.0,6,False,6,False,52.0,10.0,False,False,False,1,False,False,SYNTHETIC,80.7,Critical,71.6
ORG-01547,medium,technology,441,681,35,61.0,60.3,11,40.0,False,False,4,97,True,80.9,52.3,42,False,True,52.2,True,True,61.7,62.3,True,False,51,42,42,16,12,True,16,True,41.2,False,236,True,True,False,101.0,47.0,12,False,3,True,49.0,17.0,False,True,True,1,False,True,SYNTHETIC,48.9,Moderate,46.2
ORG-01548,small,government,72,96,4,37.3,0.0,2,49.9,False,True,4,137,True,43.5,44.6,42,True,False,50.4,True,False,23.5,65.2,True,True,60,40,30,24,0,True,0,True,39.8,True,245,True,False,False,106.0,54.0,24,True,12,True,38.0,13.0,True,False,False,1,False,False,SYNTHETIC,48.9,Moderate,47.3
ORG-01549,medium,healthcare,257,398,32,45.6,40.4,7,47.2,False,False,3,135,True,43.6,51.7,39,False,True,64.7,True,True,58.0,60.2,True,False,65,44,32,23,12,True,24,True,51.6,True,230,False,False,False,142.0,64.0,6,False,3,False,30.0,9.0,True,True,True,3,False,False,SYNTHETIC,48.7,Moderate,48.5
ORG-01550,small,finance,26,38,2,38.7,41.1,4,45.4,False,False,2,192,False,6.0,27.4,51,False,False,24.5,True,False,0.0,23.9,False,False,79,50,56,25,24,False,8,True,30.9,False,121,False,False,False,186.0,69.0,12,False,6,False,69.0,21.0,False,True,False,1,True,False,SYNTHETIC,78.8,Critical,81.8
ORG-01551,small,energy,23,34,2,77.9,10.8,2,60.1,True,True,3,106,True,49.5,49.8,39,False,True,53.3,True,True,46.6,62.6,True,True,64,38,65,24,12,False,8,True,61.4,False,209,False,False,False,109.0,84.0,12,True,6,True,22.0,16.0,False,True,True,2,False,False,SYNTHETIC,49.1,Moderate,44.4
ORG-01552,medium,manufacturing,1578,2099,223,42.1,32.0,44,59.7,False,True,4,108,False,42.3,62.2,41,True,False,77.1,True,False,66.8,63.5,True,True,56,33,44,13,12,True,8,True,73.3,False,312,True,False,True,57.0,46.0,12,False,6,False,43.0,8.0,False,False,False,0,False,True,SYNTHETIC,50.7,High,52.3
ORG-01553,medium,education,3402,5596,664,82.8,31.7,141,55.9,False,False,3,155,True,42.8,43.3,42,False,True,37.7,True,False,30.9,58.2,True,False,61,35,62,31,12,True,16,True,16.4,True,168,False,False,False,100.0,62.0,6,True,12,True,44.0,15.0,False,False,True,4,False,False,SYNTHETIC,57.5,High,58.9
ORG-01554,large,government,2718,4771,530,81.4,37.2,110,59.8,False,False,3,156,True,42.8,64.3,50,True,False,64.0,True,True,37.9,48.7,False,True,64,31,61,25,12,False,24,True,40.0,False,194,False,False,False,120.0,69.0,24,False,3,True,52.0,10.0,True,False,True,2,True,False,SYNTHETIC,60.5,High,59.8
ORG-01555,large,manufacturing,1309,3117,553,75.1,45.4,113,58.4,False,True,4,53,True,47.5,65.3,24,True,True,77.7,True,False,52.9,81.2,True,True,34,25,31,11,12,True,24,True,75.0,True,321,True,True,True,53.0,46.0,72,True,1,False,9.0,0.5,True,True,True,0,False,False,SYNTHETIC,26.8,Moderate,27.2
ORG-01556,small,energy,96,110,5,68.4,1.6,7,34.9,False,False,3,146,False,31.7,41.2,48,False,False,48.7,True,True,13.0,47.6,True,False,75,54,71,23,0,False,8,True,52.0,False,140,False,False,False,107.0,99.0,12,False,1,True,44.0,13.0,False,True,True,1,True,False,SYNTHETIC,66.1,High,65.2
ORG-01557,small,finance,23,34,1,79.5,47.7,2,41.6,True,True,3,114,True,79.0,57.7,30,True,False,66.0,True,True,67.1,77.1,True,True,33,40,35,7,0,False,0,False,81.2,False,296,False,False,False,27.0,40.0,24,True,3,True,25.0,11.0,True,False,False,0,False,False,SYNTHETIC,38.3,Moderate,36.6
ORG-01558,medium,technology,578,743,80,72.0,50.9,22,71.7,False,False,3,156,False,41.0,45.4,44,False,True,36.1,True,True,42.3,70.8,True,False,38,47,47,19,24,True,8,True,30.2,True,157,False,False,True,128.0,69.0,24,True,3,False,37.0,11.0,False,False,True,1,True,False,SYNTHETIC,53.0,High,52.1
ORG-01559,small,healthcare,55,64,3,51.2,0.0,4,47.4,False,False,2,172,True,34.0,33.8,59,True,True,35.8,False,True,33.5,56.4,False,False,66,45,65,19,12,True,0,True,28.6,True,100,False,False,False,172.0,77.0,24,False,6,False,63.0,20.0,True,False,False,3,False,True,SYNTHETIC,67.8,High,66.3
ORG-01560,small,manufacturing,117,130,7,62.4,34.9,1,0.5,False,False,1,151,False,17.5,20.0,54,False,False,33.0,True,False,17.5,35.7,False,False,77,43,78,28,0,False,0,False,26.3,False,128,False,False,True,127.0,81.0,24,False,0,True,48.0,20.0,False,True,False,2,False,False,SYNTHETIC,90.0,Critical,79.9
ORG-01561,medium,finance,457,778,52,76.2,1.0,13,45.6,True,True,4,90,True,22.3,43.5,47,False,True,72.9,True,False,48.2,54.4,True,False,47,42,24,26,12,True,16,True,40.1,True,232,True,True,True,77.0,67.0,6,False,12,True,17.0,11.0,True,False,False,0,False,False,SYNTHETIC,42.7,Moderate,42.9
ORG-01562,medium,retail,655,1093,81,51.4,7.2,20,56.0,True,True,2,139,True,53.4,58.6,33,False,True,56.2,True,True,56.4,56.0,True,True,67,43,51,20,24,True,24,True,46.2,True,148,True,False,True,109.0,59.0,12,False,6,True,48.0,15.0,True,False,False,1,False,True,SYNTHETIC,44.1,Moderate,44.3
ORG-01563,medium,government,681,1120,91,65.6,49.3,19,37.8,False,False,3,119,True,9.8,42.9,48,False,False,54.6,True,True,3.1,47.2,True,True,52,44,45,25,24,True,8,True,34.1,True,121,False,False,False,108.0,84.0,12,True,12,False,53.0,17.0,False,False,True,1,False,False,SYNTHETIC,59.1,High,59.6
ORG-01564,small,government,37,55,4,43.3,13.5,7,10.9,False,False,2,162,False,3.9,33.6,58,False,False,21.0,True,False,24.1,38.1,False,False,74,48,61,30,12,False,0,False,28.2,False,119,False,False,False,190.0,115.0,12,False,6,False,59.0,19.0,False,False,False,1,False,False,SYNTHETIC,100.0,Critical,87.6
ORG-01565,medium,technology,1506,2198,146,45.1,35.1,30,47.9,False,False,3,145,False,17.5,53.6,31,True,False,50.4,True,True,19.2,56.5,False,False,53,35,42,21,6,True,8,True,45.5,True,255,True,True,False,115.0,102.0,12,True,6,False,25.0,16.0,False,False,False,2,True,False,SYNTHETIC,54.9,High,54.9
ORG-01566,medium,energy,182,323,26,71.3,19.7,12,72.6,False,False,3,52,False,57.0,62.2,27,True,True,76.2,True,True,58.7,75.0,True,False,16,24,26,11,24,True,16,True,66.9,True,259,True,True,False,57.0,76.0,6,True,3,False,25.0,7.0,True,True,False,0,False,False,SYNTHETIC,35.1,Moderate,35.3
ORG-01567,small,finance,19,27,1,71.9,0.0,4,72.6,False,False,4,68,True,88.7,67.7,23,False,True,82.3,True,True,81.8,49.8,False,True,31,18,41,11,12,True,0,True,76.9,False,315,True,True,True,85.0,70.0,12,True,1,False,20.0,3.0,False,True,False,1,False,False,SYNTHETIC,36.2,Moderate,36.5
ORG-01568,large,manufacturing,5919,9893,1793,49.7,30.5,363,71.6,True,True,4,74,True,62.1,51.4,30,False,True,77.4,True,True,71.3,77.7,True,True,50,32,19,15,0,True,8,True,52.8,True,277,True,False,True,46.0,36.0,24,True,12,True,27.0,8.0,True,True,True,1,True,False,SYNTHETIC,24.1,Low,23.7
ORG-01569,small,finance,60,89,6,82.8,38.6,6,47.2,True,True,4,89,False,59.5,41.8,28,False,False,48.9,True,True,80.8,70.6,True,True,36,39,34,23,12,False,0,False,62.0,False,280,True,True,True,117.0,62.0,6,True,3,False,33.0,8.0,True,False,True,0,False,False,SYNTHETIC,42.4,Moderate,41.9
ORG-01570,small,government,45,64,2,31.1,59.8,2,40.0,False,False,1,199,True,7.8,20.0,58,False,False,37.0,True,False,10.0,10.0,False,False,87,51,70,31,6,False,0,False,0.0,False,36,False,False,False,183.0,106.0,72,False,3,False,64.0,22.0,False,False,True,1,False,False,SYNTHETIC,85.8,Critical,83.6
ORG-01571,small,energy,12,17,1,100.0,38.1,7,63.3,True,True,4,48,False,72.1,77.6,37,True,True,68.0,True,True,72.4,69.3,True,True,31,13,12,11,12,False,0,False,76.7,False,305,True,True,True,77.0,53.0,6,True,12,True,46.0,12.0,True,True,True,1,True,False,SYNTHETIC,27.8,Moderate,29.4
ORG-01572,large,healthcare,13601,27998,3544,53.5,41.2,710,61.2,True,True,4,134,True,39.8,69.7,24,True,True,54.5,True,False,50.9,69.0,False,False,44,38,47,16,12,True,24,True,64.2,True,257,False,False,False,94.0,67.0,12,True,0,False,12.0,16.0,True,True,True,0,False,False,SYNTHETIC,35.3,Moderate,37.4
ORG-01573,medium,healthcare,1798,2159,249,73.2,4.8,53,28.3,False,False,2,169,False,13.1,27.6,38,True,True,27.0,True,False,31.1,36.7,False,False,58,48,35,33,12,False,0,False,22.9,False,155,True,False,False,131.0,92.0,12,False,0,False,57.0,20.0,False,False,False,3,False,False,SYNTHETIC,80.1,Critical,78.1
ORG-01574,small,government,30,31,1,77.6,39.4,4,22.4,False,False,4,127,True,48.2,40.2,34,True,False,43.4,True,False,56.1,41.2,False,False,44,46,54,26,12,False,8,True,39.4,False,188,True,False,False,125.0,60.0,6,False,3,True,51.0,11.0,True,False,False,1,False,False,SYNTHETIC,68.2,High,66.6
ORG-01575,small,healthcare,16,17,1,43.0,1.4,3,83.8,True,True,4,74,True,77.3,69.1,15,True,True,65.4,True,True,66.2,76.6,True,False,21,27,21,17,12,True,0,True,63.0,True,275,True,True,True,18.0,42.0,24,True,1,False,8.0,7.0,True,True,True,1,True,False,SYNTHETIC,21.2,Low,21.6
ORG-01576,medium,energy,367,574,64,46.9,33.5,18,87.9,True,True,3,81,True,48.3,76.3,13,True,True,88.9,True,True,91.7,90.4,True,False,33,20,23,10,6,True,8,True,70.0,True,329,True,True,True,20.0,45.0,6,True,6,True,28.0,8.0,True,True,True,0,False,False,SYNTHETIC,14.8,Low,16.7
ORG-01577,small,finance,14,17,1,60.0,42.8,1,43.5,False,False,3,189,False,60.6,32.6,52,True,False,41.6,True,False,1.4,28.8,False,True,65,62,54,20,6,False,8,True,23.4,False,170,True,True,False,128.0,82.0,1,False,6,False,49.0,21.0,False,True,False,4,True,False,SYNTHETIC,79.7,Critical,72.7
ORG-01578,medium,finance,333,445,48,29.7,22.7,9,72.7,True,True,3,104,True,38.2,56.8,32,False,True,70.6,True,True,35.3,63.9,False,False,66,41,47,17,12,True,8,True,37.8,True,187,True,True,True,116.0,80.0,12,True,6,False,30.0,3.0,True,False,False,1,False,False,SYNTHETIC,37.0,Moderate,37.6
ORG-01579,small,healthcare,4,4,1,37.9,8.7,4,7.1,False,False,1,212,False,24.1,20.0,67,False,False,18.1,True,False,14.7,15.6,False,False,102,67,73,35,12,False,24,True,9.4,False,26,False,False,False,191.0,129.0,12,False,3,True,68.0,24.0,False,False,False,5,True,False,SYNTHETIC,100.0,Critical,86.0
ORG-01580,medium,energy,911,1454,172,19.1,66.0,35,67.5,False,False,3,108,False,67.2,58.3,18,True,True,77.9,True,True,39.5,48.4,True,False,39,41,54,21,6,True,24,True,36.7,True,203,True,False,True,110.0,62.0,12,True,0,False,49.0,14.0,False,False,False,0,False,False,SYNTHETIC,44.2,Moderate,46.1
ORG-01581,large,retail,6064,11027,1243,37.2,44.6,249,69.6,True,True,4,54,True,69.2,70.1,38,True,True,92.5,True,True,92.6,87.8,True,True,30,16,18,9,12,True,24,True,63.3,True,324,True,True,True,71.0,40.0,6,True,12,True,18.0,11.0,True,True,True,0,False,False,SYNTHETIC,18.9,Low,17.6
ORG-01582,medium,government,1849,2782,322,23.8,35.5,67,18.6,False,False,1,199,False,10.1,20.0,66,False,False,10.8,True,False,22.6,15.3,False,False,76,54,48,35,12,False,0,False,17.8,False,105,False,False,False,215.0,107.0,168,False,0,False,68.0,31.0,False,False,False,4,False,False,SYNTHETIC,98.8,Critical,87.5
ORG-01583,small,manufacturing,46,56,2,29.7,65.5,1,0.0,False,False,1,189,False,10.7,20.0,72,False,False,13.9,True,False,8.8,10.0,False,False,93,63,87,41,12,False,8,True,6.7,False,39,False,False,False,178.0,107.0,12,True,3,False,62.0,12.0,False,False,True,2,False,False,SYNTHETIC,86.5,Critical,83.2
ORG-01584,medium,finance,1360,2027,230,51.7,31.5,48,62.4,False,False,2,112,True,46.7,32.2,36,False,False,44.7,True,False,30.8,57.8,True,False,41,33,15,21,12,True,16,True,41.5,True,226,True,True,False,95.0,74.0,24,True,6,True,58.0,7.0,False,True,True,1,True,False,SYNTHETIC,48.5,Moderate,45.0
ORG-01585,small,education,14,20,1,46.1,27.1,5,18.9,False,False,1,169,False,8.8,20.0,67,False,False,13.4,True,False,0.0,14.2,False,False,81,62,69,37,0,False,0,False,3.5,False,64,False,False,True,158.0,115.0,12,False,1,False,65.0,20.0,False,False,False,1,False,True,SYNTHETIC,100.0,Critical,87.9
ORG-01586,small,education,42,62,4,94.4,50.9,2,16.5,False,False,2,202,False,0.9,20.0,43,False,False,35.7,True,False,10.4,18.9,False,False,81,59,69,34,6,False,0,False,19.6,False,109,False,False,False,179.0,98.0,168,False,6,False,51.0,15.0,False,False,False,4,True,False,SYNTHETIC,100.0,Critical,87.3
ORG-01587,small,retail,24,34,2,95.5,10.3,1,0.0,False,False,1,185,True,14.7,20.0,69,True,False,10.0,False,False,18.6,20.9,False,False,83,51,70,38,24,False,0,False,0.0,False,67,False,False,False,174.0,88.0,6,False,12,False,57.0,28.0,False,False,False,7,True,False,SYNTHETIC,100.0,Critical,92.6
ORG-01588,large,manufacturing,4715,10669,1102,84.7,83.4,222,80.0,True,True,4,53,False,78.5,71.8,23,True,True,95.5,True,True,75.8,70.3,True,True,30,22,37,11,6,True,24,True,71.5,False,322,True,True,True,9.0,48.0,12,False,3,True,29.0,17.0,True,True,True,2,True,False,SYNTHETIC,25.1,Moderate,25.8
ORG-01589,medium,healthcare,413,607,59,57.6,35.4,15,59.1,True,True,3,117,True,46.2,70.2,23,True,True,100.0,True,True,62.3,63.6,True,True,34,16,31,13,12,True,8,True,65.6,False,348,True,False,True,60.0,37.0,24,False,3,True,21.0,9.0,True,True,True,0,False,False,SYNTHETIC,29.0,Moderate,29.4
ORG-01590,medium,energy,832,1322,129,59.1,68.2,28,72.5,True,True,4,51,True,53.3,72.8,17,True,True,90.3,True,True,94.3,88.2,True,True,27,18,24,15,6,True,0,True,55.4,True,312,True,True,True,29.0,25.0,12,True,6,False,29.0,17.0,True,False,True,1,False,False,SYNTHETIC,23.8,Low,24.6
ORG-01591,medium,healthcare,1538,2426,121,84.9,57.3,26,85.9,True,True,4,69,True,71.6,82.2,12,True,True,72.9,False,True,69.6,80.5,True,True,40,24,7,13,0,True,16,True,66.4,True,319,True,True,True,13.0,25.0,1,True,3,True,27.0,8.0,True,True,False,1,True,False,SYNTHETIC,15.7,Low,15.4
ORG-01592,small,education,32,44,2,55.9,0.0,8,0.0,False,False,1,187,False,17.2,20.0,65,False,False,10.0,True,False,14.2,15.1,False,False,98,62,91,47,6,True,0,True,18.1,True,31,False,False,False,194.0,99.0,12,False,0,False,62.0,22.0,False,False,False,4,True,False,SYNTHETIC,97.9,Critical,86.9
ORG-01593,large,technology,2915,5112,692,57.8,37.7,140,75.6,True,True,3,130,True,34.6,34.3,45,False,True,59.5,True,False,42.7,46.2,True,False,48,39,49,20,0,True,24,True,56.9,True,226,True,True,False,126.0,60.0,24,False,1,True,18.0,17.0,True,False,False,0,False,False,SYNTHETIC,39.3,Moderate,41.2
ORG-01594,medium,energy,982,1599,161,50.1,34.3,34,91.1,True,True,3,128,True,48.2,76.2,27,True,True,73.4,True,False,60.5,55.0,True,True,36,22,16,19,6,False,0,False,58.6,False,255,True,False,True,80.0,25.0,24,True,1,False,42.0,12.0,True,True,True,1,True,False,SYNTHETIC,32.3,Moderate,31.8
ORG-01595,small,healthcare,26,31,2,71.3,88.1,3,19.9,False,False,1,178,False,3.4,21.1,59,False,True,27.6,False,False,28.8,35.9,False,True,91,65,97,27,6,True,0,True,18.3,True,114,False,False,False,120.0,103.0,12,False,1,True,75.0,26.0,True,False,False,2,False,False,SYNTHETIC,86.8,Critical,76.3
ORG-01596,small,manufacturing,205,261,20,83.8,45.2,9,9.9,False,False,1,183,False,27.8,22.9,53,True,False,33.8,True,True,0.0,51.7,True,False,70,47,52,25,12,False,0,False,18.1,False,131,False,False,False,151.0,64.0,12,False,3,False,66.0,24.0,True,False,False,8,False,False,SYNTHETIC,90.5,Critical,76.9
ORG-01597,small,finance,10,12,1,72.8,0.0,3,35.1,False,False,3,165,False,22.6,42.4,40,False,True,50.3,True,False,31.7,48.1,True,False,46,37,52,32,6,False,0,False,28.6,False,208,True,True,True,138.0,76.0,24,True,3,False,60.0,21.0,False,False,True,4,False,False,SYNTHETIC,58.7,High,61.1
ORG-01598,small,healthcare,97,119,7,45.0,41.8,8,25.6,False,False,2,194,False,20.4,20.2,67,False,True,25.2,True,False,46.0,31.0,True,False,93,50,73,42,0,False,0,False,0.0,False,49,False,False,True,189.0,97.0,12,True,3,False,51.0,25.0,False,False,False,5,False,False,SYNTHETIC,72.4,High,74.9
ORG-01599,small,government,78,109,6,68.2,11.9,4,34.3,True,True,3,132,True,54.0,55.4,32,False,False,69.3,True,False,56.4,67.6,True,True,59,32,40,16,0,False,0,False,52.7,False,279,False,False,False,86.0,65.0,6,False,12,True,39.0,16.0,True,False,True,1,True,False,SYNTHETIC,54.3,High,55.1
ORG-01600,small,government,34,34,1,76.1,66.7,5,30.2,False,False,2,156,True,45.9,32.1,38,False,False,12.6,True,True,26.6,52.0,False,False,74,45,26,29,0,False,8,True,19.1,False,132,False,False,False,122.0,68.0,6,True,6,True,46.0,18.0,False,True,False,0,False,False,SYNTHETIC,62.3,High,62.1
ORG-01601,small,retail,168,215,6,57.3,23.7,2,44.9,True,True,2,120,False,65.2,57.7,39,True,False,61.8,True,True,27.6,60.6,True,False,37,35,47,20,12,False,0,False,38.4,False,215,True,True,False,87.0,66.0,12,False,12,False,23.0,12.0,False,True,True,2,False,True,SYNTHETIC,58.6,High,56.5
ORG-01602,large,government,10717,17313,2832,68.9,61.3,571,50.5,True,True,4,68,True,67.0,85.9,27,False,True,87.5,True,True,36.8,71.4,True,True,38,19,26,24,12,True,24,True,56.8,True,282,True,True,True,73.0,72.0,12,True,3,True,29.0,10.0,False,False,False,0,False,False,SYNTHETIC,28.7,Moderate,29.4
ORG-01603,small,energy,28,36,1,35.8,5.5,4,53.4,False,False,2,120,False,69.0,31.1,49,False,False,40.4,False,True,61.6,35.2,True,True,63,35,54,22,12,False,16,True,26.3,False,142,False,False,False,134.0,54.0,12,False,3,False,53.0,21.0,True,True,False,0,False,True,SYNTHETIC,73.3,High,65.2
ORG-01604,large,healthcare,3253,8040,1349,56.8,66.6,271,100.0,True,True,5,49,True,92.2,59.2,12,True,True,100.0,True,True,83.5,96.3,True,True,24,11,16,4,6,True,0,True,83.1,True,381,True,True,True,9.0,1.0,12,True,6,True,1.0,3.0,True,True,True,0,False,False,SYNTHETIC,11.5,Low,10.1
ORG-01605,small,government,8,10,1,62.8,78.8,3,41.4,False,False,4,119,True,54.4,50.0,44,True,False,55.1,True,True,40.6,44.0,False,True,52,32,39,18,24,False,0,False,43.4,False,202,False,False,False,105.0,48.0,12,False,1,False,34.0,18.0,False,True,False,0,False,True,SYNTHETIC,65.0,High,64.4
ORG-01606,medium,healthcare,372,603,60,38.3,75.9,14,47.8,True,True,3,107,True,17.5,46.9,38,True,True,63.0,True,True,38.8,59.5,False,True,59,28,27,17,12,True,16,True,29.8,True,190,False,False,True,108.0,97.0,12,True,6,True,45.0,13.0,True,True,False,1,False,False,SYNTHETIC,39.6,Moderate,37.5
ORG-01607,small,finance,33,41,3,98.0,48.0,3,23.9,False,False,3,171,False,27.7,20.0,47,False,True,25.5,True,True,27.9,38.8,False,True,83,54,49,18,12,False,0,False,40.5,False,73,True,False,False,137.0,75.0,1,True,3,False,55.0,16.0,False,False,True,5,False,False,SYNTHETIC,64.6,High,65.9
ORG-01608,small,healthcare,10,13,1,77.1,18.2,4,71.0,True,True,4,112,False,70.4,61.9,24,False,True,76.1,True,True,85.9,56.9,False,False,28,32,52,18,12,False,8,True,72.8,False,295,True,True,False,35.0,30.0,1,True,6,True,27.0,13.0,False,True,False,0,False,False,SYNTHETIC,35.9,Moderate,38.7
ORG-01609,large,retail,9518,16969,1871,85.4,67.3,380,61.4,True,True,3,70,True,87.4,79.2,17,False,True,76.6,True,False,79.4,58.3,True,True,20,24,8,12,12,True,24,True,76.1,True,250,True,True,True,28.0,5.0,12,True,12,True,22.0,10.0,True,True,True,1,False,False,SYNTHETIC,21.1,Low,21.1
ORG-01610,medium,healthcare,1050,1553,128,44.5,28.0,29,38.0,False,False,3,141,False,46.6,41.4,37,True,False,46.9,True,False,37.2,55.7,False,False,54,41,65,26,0,False,24,True,75.1,False,224,False,False,True,102.0,78.0,72,True,3,True,27.0,17.0,True,True,True,3,True,False,SYNTHETIC,55.4,High,54.4
ORG-01611,large,healthcare,10586,18251,1729,75.2,25.5,346,83.6,True,True,4,112,False,70.7,73.7,24,True,False,48.9,True,False,56.5,66.3,True,True,46,32,18,12,24,True,16,True,75.8,False,251,False,False,True,90.0,25.0,6,False,0,True,34.0,6.0,True,False,True,0,False,False,SYNTHETIC,38.9,Moderate,40.0
ORG-01612,large,finance,11526,25541,3277,95.0,57.8,657,94.9,True,True,4,135,True,74.6,84.9,23,False,True,81.6,True,True,79.5,70.6,True,True,38,25,6,6,12,True,0,True,100.0,True,293,True,True,True,30.0,22.0,1,True,6,True,33.0,1.0,True,True,True,1,False,False,SYNTHETIC,14.4,Low,13.7
ORG-01613,small,technology,79,79,3,63.4,28.6,4,83.5,False,False,3,132,True,59.8,56.1,38,True,True,62.4,True,False,44.1,47.3,False,True,47,30,40,19,12,True,0,True,48.4,True,239,True,False,False,97.0,69.0,72,True,3,True,23.0,15.0,True,False,False,0,False,False,SYNTHETIC,47.0,Moderate,46.1
ORG-01614,small,retail,10,14,1,63.2,63.2,1,35.4,False,False,3,84,True,23.6,52.1,51,False,True,33.1,True,True,55.4,55.2,True,True,65,50,55,17,6,False,0,False,43.4,False,184,True,False,True,114.0,80.0,6,False,0,False,59.0,18.0,True,True,False,2,False,False,SYNTHETIC,55.9,High,56.4
ORG-01615,small,healthcare,23,25,1,39.8,51.2,5,31.3,False,False,2,160,False,12.6,27.6,56,False,True,10.0,True,False,44.6,28.0,True,False,81,45,65,36,6,True,0,True,15.0,False,47,False,False,False,130.0,67.0,12,False,12,False,57.0,19.0,False,True,False,1,True,False,SYNTHETIC,83.7,Critical,78.0
ORG-01616,medium,technology,460,774,50,50.6,5.4,11,67.7,True,True,5,100,True,21.6,55.6,36,True,True,73.2,True,True,44.0,63.6,True,True,16,18,7,19,24,True,0,True,48.3,True,294,True,True,True,29.0,25.0,12,True,1,True,31.0,11.0,True,True,False,2,True,False,SYNTHETIC,23.7,Low,23.1
ORG-01617,small,healthcare,170,217,7,39.1,37.8,2,100.0,True,True,4,70,True,86.6,92.1,8,True,True,100.0,True,True,100.0,94.1,True,True,30,4,16,3,0,False,8,True,85.7,False,375,True,True,False,2.0,27.0,6,True,1,True,16.0,0.5,True,True,True,0,False,False,SYNTHETIC,13.2,Low,14.0
ORG-01618,small,government,26,37,1,85.0,11.0,4,68.0,True,True,3,90,True,75.5,72.3,31,True,False,69.1,True,True,59.2,91.9,True,True,40,17,43,14,12,False,0,False,68.7,False,236,True,True,True,62.0,32.0,12,False,1,False,19.0,6.0,True,False,True,0,False,True,SYNTHETIC,40.2,Moderate,40.2
ORG-01619,small,government,9,9,1,91.9,39.1,2,30.9,False,False,2,173,False,44.6,31.5,41,False,True,51.5,True,True,59.5,50.8,True,False,56,45,43,24,6,False,8,True,14.2,False,136,True,True,False,151.0,81.0,12,False,1,True,52.0,21.0,False,True,False,1,False,False,SYNTHETIC,62.9,High,62.8
ORG-01620,medium,energy,645,800,59,41.0,61.4,14,44.0,False,False,2,163,False,26.6,28.3,47,False,False,24.6,True,False,14.5,36.2,False,True,64,55,66,36,12,False,8,True,14.5,False,121,False,False,False,151.0,105.0,12,True,6,True,55.0,10.0,True,True,False,3,False,False,SYNTHETIC,69.5,High,70.5
ORG-01621,medium,education,234,414,48,63.2,27.8,18,52.5,True,True,4,71,True,39.3,79.8,23,True,True,73.2,True,False,56.8,85.0,True,True,30,31,36,15,0,True,16,True,76.5,True,268,True,False,True,63.0,25.0,6,True,3,True,27.0,11.0,True,True,True,0,False,False,SYNTHETIC,23.2,Low,25.0
ORG-01622,medium,government,1748,2166,143,56.2,24.9,31,18.9,False,False,3,133,True,14.7,38.4,46,False,False,43.4,True,True,43.6,48.4,True,False,62,49,38,31,12,True,8,True,31.6,True,160,False,False,True,141.0,89.0,24,False,3,False,49.0,24.0,False,True,False,2,False,False,SYNTHETIC,69.9,High,62.4
ORG-01623,small,education,22,32,1,76.6,0.0,1,12.2,False,False,2,179,False,9.9,20.0,62,False,False,35.5,True,False,7.0,31.4,False,False,88,60,67,34,12,False,0,False,8.7,False,58,False,False,False,184.0,110.0,12,False,1,False,74.0,21.0,False,False,False,4,True,False,SYNTHETIC,100.0,Critical,89.6
ORG-01624,medium,manufacturing,1474,2142,131,71.3,46.2,29,14.6,False,False,1,228,False,13.3,20.0,71,False,False,22.3,True,False,14.8,10.0,False,False,81,61,71,35,12,False,8,True,6.3,False,23,False,False,False,184.0,115.0,1,False,3,False,52.0,20.0,True,False,False,2,True,True,SYNTHETIC,98.1,Critical,86.4
ORG-01625,medium,manufacturing,213,375,26,51.1,0.0,6,73.7,True,True,2,134,False,62.8,42.6,34,True,True,49.6,True,True,52.0,66.2,True,False,60,48,39,14,0,False,8,True,37.8,False,206,True,False,False,112.0,52.0,6,True,12,False,29.0,14.0,True,True,False,1,False,False,SYNTHETIC,40.0,Moderate,42.9
ORG-01626,small,energy,45,50,2,78.8,32.9,2,51.2,False,False,3,128,True,33.2,44.4,35,True,True,55.4,True,False,56.4,68.4,True,False,37,27,39,21,0,False,0,False,40.4,False,234,True,False,False,99.0,40.0,6,True,3,True,31.0,6.0,True,False,False,1,True,False,SYNTHETIC,49.4,Moderate,49.5
ORG-01627,medium,government,278,377,21,67.3,41.9,9,38.9,False,False,4,114,True,56.1,44.9,35,False,False,44.8,False,True,73.8,43.4,False,False,57,45,52,24,0,True,0,True,41.0,True,222,True,True,False,141.0,67.0,12,False,1,True,42.0,12.0,False,False,True,5,True,False,SYNTHETIC,55.7,High,57.7
ORG-01628,small,manufacturing,70,96,3,62.7,56.2,1,30.8,False,False,2,200,False,30.2,37.5,52,True,False,32.1,True,True,36.2,41.3,False,True,53,51,85,24,24,False,16,True,20.2,False,132,False,False,True,141.0,83.0,24,False,6,False,54.0,20.0,True,False,True,2,True,True,SYNTHETIC,76.3,Critical,73.2
ORG-01629,small,healthcare,20,27,1,33.4,11.2,1,0.0,False,False,2,180,False,22.6,20.0,62,False,False,20.3,True,True,22.1,30.9,False,True,88,63,75,37,12,False,0,False,15.4,False,66,False,False,False,163.0,109.0,1,False,6,False,57.0,30.0,False,False,False,3,False,False,SYNTHETIC,98.6,Critical,87.2
ORG-01630,medium,education,516,879,73,71.9,5.1,19,71.0,True,True,3,96,True,76.0,45.3,14,True,True,48.9,True,False,69.8,70.8,False,True,49,33,54,6,12,True,8,True,62.9,True,246,False,False,True,96.0,63.0,6,True,3,False,41.0,12.0,True,True,True,0,False,False,SYNTHETIC,39.0,Moderate,37.3
ORG-01631,medium,education,1407,2030,198,58.9,54.1,43,14.9,False,False,1,169,False,45.8,26.4,55,False,False,38.9,False,False,20.5,29.8,False,False,72,59,56,31,12,True,8,True,8.6,True,79,False,False,False,136.0,90.0,168,False,6,False,63.0,13.0,False,False,False,1,False,True,SYNTHETIC,95.8,Critical,84.2
ORG-01632,small,education,19,22,1,83.5,28.5,6,19.8,False,False,2,148,False,5.2,33.3,46,False,False,36.4,True,True,32.3,28.0,False,False,76,54,75,21,0,False,16,True,36.9,False,111,False,False,False,156.0,91.0,6,False,12,False,64.0,19.0,True,False,False,1,False,False,SYNTHETIC,82.9,Critical,76.2
ORG-01633,medium,education,544,859,66,81.3,0.0,13,35.5,True,True,3,105,False,46.4,32.3,25,False,False,33.4,True,True,29.0,59.8,True,True,63,27,35,23,12,True,8,True,31.6,True,227,True,False,True,115.0,49.0,12,False,0,False,30.0,9.0,True,False,False,0,False,False,SYNTHETIC,48.2,Moderate,51.7
ORG-01634,small,retail,32,36,1,57.1,34.2,4,34.0,False,False,2,154,False,43.9,30.2,46,False,True,32.7,True,True,28.3,42.1,False,False,70,67,57,24,6,False,0,False,37.1,False,150,False,False,False,152.0,80.0,1,False,3,False,42.0,17.0,False,False,False,2,False,False,SYNTHETIC,74.3,High,75.2
ORG-01635,small,energy,38,43,1,81.7,25.6,1,40.5,False,False,2,142,False,59.6,34.0,46,True,True,44.0,True,False,21.2,34.3,True,False,58,45,21,21,12,False,0,False,37.7,False,203,True,False,True,83.0,83.0,6,True,3,False,52.0,16.0,True,False,False,0,False,False,SYNTHETIC,59.7,High,56.9
ORG-01636,small,technology,75,96,4,86.5,7.8,5,14.8,False,False,2,132,False,6.9,22.9,34,True,False,32.9,True,False,40.4,33.1,True,True,86,54,50,39,0,False,8,True,33.0,False,175,False,False,False,152.0,92.0,12,False,6,False,70.0,14.0,False,False,False,0,False,True,SYNTHETIC,89.1,Critical,81.7
ORG-01637,medium,government,1704,2667,307,58.7,24.3,67,24.1,False,False,2,168,False,5.6,31.6,45,True,True,29.4,True,True,20.3,44.2,False,True,72,60,53,20,0,True,8,True,44.8,False,124,False,False,True,137.0,81.0,12,False,3,False,53.0,16.0,True,False,True,0,False,False,SYNTHETIC,64.1,High,63.8
ORG-01638,small,education,33,37,1,81.3,45.7,5,59.2,True,True,4,115,False,67.6,53.5,26,False,True,47.5,True,False,55.1,59.1,True,False,49,24,22,18,6,True,8,True,71.3,True,186,True,True,False,106.0,64.0,24,True,12,False,19.0,11.0,True,True,False,2,False,False,SYNTHETIC,38.0,Moderate,37.8
ORG-01639,medium,manufacturing,1100,1588,160,35.0,22.5,34,82.2,False,False,4,84,True,77.0,55.4,21,False,True,58.5,True,True,45.5,77.9,False,True,29,38,20,15,12,False,8,True,49.6,False,270,True,True,True,98.0,40.0,6,False,0,True,41.0,3.0,True,False,False,1,False,False,SYNTHETIC,42.3,Moderate,43.8
ORG-01640,large,manufacturing,19925,30723,5319,77.4,7.2,1067,100.0,True,True,4,61,True,88.4,89.2,22,True,True,100.0,True,True,79.1,93.9,True,True,13,11,21,1,0,True,24,True,85.7,True,357,True,True,True,17.0,23.0,6,True,12,True,1.0,2.0,True,True,True,0,False,False,SYNTHETIC,8.8,Low,8.9
ORG-01641,medium,government,1388,2163,150,51.4,54.6,32,68.0,True,True,3,93,True,64.2,61.6,31,True,True,66.1,True,True,74.7,64.7,True,True,38,30,36,13,0,False,8,True,71.2,False,269,True,True,False,107.0,25.0,24,True,3,True,21.0,12.0,True,True,True,2,False,False,SYNTHETIC,25.9,Moderate,27.4
ORG-01642,large,government,15668,31844,2753,67.0,35.1,558,57.8,True,True,3,159,False,53.7,47.4,31,True,False,46.5,True,False,44.7,66.0,True,True,61,33,33,21,12,True,16,True,62.0,True,247,False,False,True,134.0,76.0,6,True,3,True,26.0,15.0,True,False,True,1,True,False,SYNTHETIC,42.7,Moderate,41.7
ORG-01643,small,education,12,15,1,79.4,0.0,3,35.4,False,False,2,177,False,57.4,31.5,40,False,False,34.7,False,False,31.6,40.1,False,False,77,51,72,26,24,True,24,True,35.8,True,192,False,False,True,119.0,92.0,1,False,3,False,47.0,23.0,True,True,False,4,True,False,SYNTHETIC,72.3,High,69.0
ORG-01644,small,manufacturing,11,12,1,69.7,54.3,1,22.0,False,False,2,158,False,23.6,20.0,43,False,False,41.7,True,False,29.3,21.0,False,False,80,44,60,20,0,False,8,True,18.8,False,130,False,False,False,150.0,103.0,6,True,3,False,55.0,11.0,True,False,True,1,True,False,SYNTHETIC,72.5,High,71.4
ORG-01645,small,finance,13,13,1,93.8,49.8,3,48.7,False,False,2,146,True,9.2,27.6,37,True,True,63.1,True,False,59.6,60.7,True,True,60,43,55,27,12,False,0,False,30.8,False,132,True,False,True,155.0,62.0,12,True,0,False,51.0,18.0,False,True,False,2,False,False,SYNTHETIC,57.0,High,59.1
ORG-01646,small,healthcare,39,44,2,66.4,64.5,2,1.9,False,False,2,190,False,11.6,20.0,66,False,False,10.0,True,False,20.5,23.6,False,True,97,71,86,31,12,False,8,True,0.0,False,47,False,False,True,195.0,103.0,12,False,3,False,51.0,24.0,False,False,False,2,False,False,SYNTHETIC,100.0,Critical,88.3
ORG-01647,small,government,46,46,2,80.1,27.3,3,34.7,False,False,4,103,True,63.6,39.8,35,False,False,67.3,True,False,53.2,75.7,True,False,44,34,31,14,24,True,0,True,38.1,True,214,True,True,True,83.0,60.0,12,True,3,True,41.0,15.0,False,True,False,2,True,False,SYNTHETIC,43.7,Moderate,45.5
ORG-01648,large,energy,5673,12486,1444,85.2,52.7,293,33.7,True,True,2,108,False,74.9,41.1,44,False,True,51.4,True,False,35.8,66.5,False,True,59,23,39,19,6,False,16,True,59.7,False,231,True,True,False,92.0,57.0,1,True,12,True,48.0,14.0,True,False,True,0,False,False,SYNTHETIC,50.1,High,49.1
ORG-01649,large,education,7634,14943,2045,95.0,27.3,413,76.6,True,True,3,112,True,47.2,62.1,28,True,False,74.0,True,True,71.7,95.4,True,False,25,36,49,18,6,True,24,True,73.1,False,285,True,True,True,111.0,43.0,6,True,3,False,30.0,12.0,False,False,False,0,False,False,SYNTHETIC,29.1,Moderate,31.0
ORG-01650,large,energy,2891,5708,701,68.1,11.7,141,100.0,True,True,4,67,True,74.5,78.3,30,True,True,79.1,True,False,62.2,70.1,True,True,27,13,29,5,12,True,24,True,72.1,True,331,False,False,True,43.0,19.0,1,True,12,True,26.0,1.0,True,True,True,0,False,False,SYNTHETIC,22.1,Low,22.2
ORG-01651,small,government,110,128,8,65.7,25.1,5,16.2,False,False,1,201,False,8.6,20.0,69,False,False,10.0,True,False,25.5,47.7,False,False,88,63,71,31,0,False,0,False,11.9,False,61,False,False,False,191.0,131.0,6,True,6,True,72.0,17.0,False,False,False,1,False,False,SYNTHETIC,85.3,Critical,81.5
ORG-01652,medium,energy,2363,4225,306,41.8,8.5,63,88.1,True,True,5,50,True,100.0,88.0,1,True,True,100.0,True,True,85.5,97.9,True,True,29,8,2,1,0,True,16,True,100.0,False,419,True,True,True,45.0,1.0,12,True,3,True,10.0,0.5,True,True,True,0,False,False,SYNTHETIC,5.5,Low,4.7
ORG-01653,medium,energy,1284,2227,214,58.3,24.7,45,40.1,True,True,3,104,False,46.6,37.9,31,True,False,63.3,True,True,39.9,71.1,True,True,68,29,41,17,12,True,8,True,34.2,True,253,True,True,True,88.0,65.0,168,True,6,False,40.0,11.0,True,False,True,1,False,False,SYNTHETIC,37.4,Moderate,41.2
ORG-01654,medium,education,826,1127,104,42.9,0.0,23,64.7,False,False,4,81,True,61.5,67.1,37,True,True,73.1,True,False,85.8,78.1,True,False,54,30,36,22,0,True,16,True,64.5,True,221,True,True,True,36.0,52.0,12,True,6,True,32.0,10.0,True,True,True,1,False,False,SYNTHETIC,28.4,Moderate,32.7
ORG-01655,medium,education,441,590,32,19.3,53.4,9,46.7,False,True,4,123,True,38.6,30.8,40,False,True,52.3,True,False,33.1,46.5,True,False,59,43,59,20,12,False,0,False,35.0,False,216,False,False,False,105.0,66.0,6,True,3,False,47.0,14.0,False,False,True,3,True,False,SYNTHETIC,56.9,High,57.7
ORG-01656,medium,education,895,1567,172,25.4,37.8,36,57.0,False,False,3,127,False,66.3,43.4,28,True,False,61.1,True,True,40.1,68.7,True,True,61,35,39,19,0,False,16,True,70.8,False,212,False,False,True,103.0,50.0,72,True,1,True,46.0,14.0,True,True,False,2,True,False,SYNTHETIC,43.8,Moderate,45.1
ORG-01657,small,government,13,14,1,64.2,34.3,4,27.3,False,False,2,160,False,44.0,20.4,61,False,False,20.8,True,True,0.2,26.1,True,True,85,63,56,35,12,False,0,False,0.0,False,98,False,False,False,176.0,117.0,6,False,0,False,88.0,22.0,False,False,False,4,False,False,SYNTHETIC,90.6,Critical,82.3
ORG-01658,large,education,10027,18414,2978,82.6,41.1,599,97.1,True,True,5,59,True,66.1,75.8,20,True,True,100.0,True,True,69.6,93.4,True,True,48,22,26,12,12,False,16,True,71.1,False,290,True,True,False,10.0,18.0,72,True,1,True,21.0,7.0,False,False,False,0,False,False,SYNTHETIC,26.4,Moderate,25.4
ORG-01659,small,finance,20,22,1,58.0,55.0,4,80.3,True,True,3,88,True,78.1,70.9,29,False,True,66.8,True,True,68.6,68.2,False,True,40,26,40,17,12,True,0,True,24.0,False,286,True,True,False,67.0,6.0,72,True,6,True,28.0,11.0,True,True,True,3,False,False,SYNTHETIC,33.7,Moderate,31.3
ORG-01660,medium,energy,484,831,42,51.1,14.7,15,87.7,True,True,4,74,True,69.9,88.3,12,True,True,93.1,True,True,58.9,87.2,True,True,19,21,20,10,12,True,8,True,89.6,True,302,True,True,True,50.0,13.0,12,True,0,True,20.0,4.0,True,True,True,0,False,False,SYNTHETIC,13.8,Low,13.3
ORG-01661,medium,energy,1636,2908,231,22.5,28.3,50,50.5,True,True,4,82,False,79.0,50.9,34,True,True,61.6,True,True,71.1,72.9,True,True,43,20,45,14,24,False,16,True,59.5,False,209,True,True,True,58.0,31.0,1,True,3,True,22.0,9.0,True,True,True,1,True,False,SYNTHETIC,32.5,Moderate,32.0
ORG-01662,large,technology,6673,11031,1328,73.8,60.0,267,100.0,True,True,5,22,True,75.6,76.8,12,True,True,87.1,True,True,66.8,82.5,True,True,4,13,2,5,12,True,16,True,87.1,False,392,True,True,True,1.0,1.0,12,True,1,True,9.0,0.5,True,True,True,0,False,False,SYNTHETIC,7.9,Low,6.3
ORG-01663,medium,education,1288,1559,146,56.0,18.8,31,63.3,True,True,4,101,False,54.4,60.2,34,True,True,59.1,True,True,49.5,68.5,True,False,33,36,46,17,12,True,16,True,38.6,True,225,True,False,False,109.0,61.0,6,True,6,False,41.0,19.0,True,False,True,1,False,False,SYNTHETIC,40.2,Moderate,38.4
ORG-01664,small,energy,26,36,1,38.1,29.4,1,76.0,True,True,4,73,False,66.1,73.1,24,True,True,59.3,True,False,63.7,82.6,True,True,38,10,29,5,6,False,0,False,56.8,False,292,True,True,False,34.0,21.0,24,True,12,True,15.0,0.5,True,True,True,2,False,False,SYNTHETIC,33.7,Moderate,33.1
ORG-01665,medium,manufacturing,673,1051,55,35.7,7.5,12,50.3,False,False,2,115,True,46.2,41.4,34,True,False,51.1,True,False,41.4,61.3,True,False,58,41,47,19,12,False,8,True,34.6,False,242,False,False,False,95.0,63.0,24,False,6,True,55.0,12.0,True,False,True,3,True,False,SYNTHETIC,61.6,High,63.0
ORG-01666,medium,manufacturing,1162,1403,123,65.2,0.0,25,56.5,True,True,3,103,False,61.6,46.2,25,True,True,67.9,False,False,43.4,79.7,False,False,64,37,34,12,12,True,24,True,40.5,True,251,False,False,True,128.0,36.0,6,False,0,False,36.0,9.0,False,False,False,2,True,False,SYNTHETIC,53.7,High,52.5
ORG-01667,small,technology,22,27,1,15.5,9.7,3,46.5,False,False,3,142,False,33.2,56.3,41,True,True,62.7,True,False,49.0,61.4,True,True,46,44,27,21,12,True,0,True,53.7,True,184,False,False,False,162.0,80.0,24,False,1,True,36.0,19.0,True,False,False,1,True,False,SYNTHETIC,56.2,High,58.1
ORG-01668,small,energy,19,26,1,47.4,33.5,5,59.9,False,False,4,117,True,47.8,54.4,22,True,True,83.0,True,True,80.7,72.9,True,True,29,15,36,14,12,True,0,True,58.7,True,241,False,False,True,94.0,36.0,24,True,0,False,19.0,5.0,True,True,False,0,False,False,SYNTHETIC,38.4,Moderate,36.5
ORG-01669,small,education,25,36,2,70.9,0.0,5,19.6,False,False,2,178,False,12.8,20.0,63,False,False,31.9,True,False,9.3,36.0,False,False,99,46,69,37,0,False,8,True,4.6,False,47,False,False,False,168.0,109.0,24,True,3,False,54.0,24.0,False,True,False,2,False,False,SYNTHETIC,83.7,Critical,77.9
ORG-01670,small,finance,42,62,1,59.3,25.3,2,59.5,True,True,3,94,True,79.5,58.5,29,True,True,61.7,True,True,43.1,76.5,True,True,38,36,40,15,6,False,0,False,43.1,False,262,True,False,False,67.0,54.0,6,True,3,False,31.0,6.0,False,True,False,1,False,False,SYNTHETIC,38.4,Moderate,40.2
ORG-01671,large,finance,5540,10935,2020,73.3,5.0,405,68.2,True,True,3,92,False,46.1,56.7,22,True,True,87.8,True,True,42.0,64.4,True,True,33,26,28,21,24,False,24,True,66.6,False,290,False,False,True,78.0,29.0,12,False,3,False,20.0,15.0,True,True,False,2,False,True,SYNTHETIC,42.2,Moderate,42.7
ORG-01672,small,finance,37,39,2,74.5,44.5,4,40.2,False,True,3,133,True,47.3,48.4,46,False,True,48.0,True,True,42.5,52.6,True,False,60,47,46,24,0,False,0,False,40.8,False,247,True,True,True,91.0,76.0,12,False,6,True,40.0,18.0,True,False,True,3,True,False,SYNTHETIC,49.3,Moderate,50.4
ORG-01673,medium,government,936,1657,94,74.0,89.7,19,24.0,False,False,2,159,False,24.8,41.2,47,False,False,55.6,True,True,46.2,42.9,False,False,71,46,52,15,12,True,16,True,58.8,True,127,True,False,False,137.0,58.0,24,True,3,True,49.0,21.0,True,True,True,0,False,False,SYNTHETIC,51.4,High,50.4
ORG-01674,medium,technology,792,1176,80,15.0,11.4,18,48.8,True,True,3,118,True,54.6,46.5,38,True,True,68.2,True,False,29.0,58.3,False,True,57,41,58,15,24,False,8,True,29.8,False,270,True,True,True,88.0,56.0,6,False,6,False,43.0,14.0,False,True,True,3,True,False,SYNTHETIC,64.2,High,55.2
ORG-01675,small,education,8,8,1,27.4,37.4,2,0.0,False,False,1,199,False,5.7,20.0,76,False,False,21.7,True,True,0.0,21.5,False,False,91,64,81,40,6,False,8,True,0.0,False,85,False,False,False,181.0,118.0,12,False,6,False,73.0,33.0,False,False,False,4,False,True,SYNTHETIC,96.3,Critical,87.9
ORG-01676,large,retail,2507,3917,769,87.9,46.1,154,74.7,True,True,4,61,True,60.9,63.5,37,True,True,68.1,True,True,69.9,82.0,False,True,29,27,29,7,12,False,16,True,76.3,False,308,False,False,False,52.0,32.0,24,False,3,True,9.0,4.0,True,True,False,2,True,False,SYNTHETIC,38.9,Moderate,36.2
ORG-01677,small,education,52,76,4,58.3,40.7,4,21.5,False,False,2,94,True,63.1,50.2,41,False,True,24.0,True,True,51.2,67.8,False,False,42,36,49,20,6,False,8,True,59.4,False,187,True,True,True,122.0,45.0,12,True,12,False,44.0,10.0,False,False,False,0,False,False,SYNTHETIC,56.2,High,55.7
ORG-01678,medium,healthcare,641,1129,115,46.2,40.9,27,21.3,False,False,2,214,False,1.2,20.0,73,False,False,30.7,True,False,3.3,19.1,False,False,81,61,57,25,12,False,0,False,14.1,False,42,False,False,False,176.0,103.0,72,False,0,False,69.0,22.0,False,True,False,5,True,False,SYNTHETIC,87.7,Critical,85.2
ORG-01679,small,energy,28,28,1,71.0,7.7,5,36.5,True,True,4,95,True,19.4,53.9,35,True,False,47.1,False,False,55.1,46.2,True,True,52,34,56,14,12,False,0,False,30.1,False,201,False,False,False,159.0,62.0,168,False,6,False,49.0,11.0,True,True,True,1,False,False,SYNTHETIC,56.1,High,58.4
ORG-01680,medium,healthcare,866,1120,62,73.3,53.8,14,38.1,False,False,2,104,False,41.9,47.9,29,False,False,44.9,True,True,43.3,79.4,False,True,62,45,48,15,12,False,24,True,49.5,False,182,False,False,True,106.0,96.0,24,False,1,False,41.0,17.0,False,True,False,2,False,False,SYNTHETIC,64.2,High,64.1
ORG-01681,small,energy,43,43,1,83.5,55.4,3,54.9,False,True,2,94,True,45.6,49.0,45,True,True,68.4,True,True,47.4,51.8,True,False,46,26,31,19,12,False,0,False,34.1,False,286,True,True,True,84.0,29.0,24,False,3,True,31.0,10.0,True,True,False,2,True,False,SYNTHETIC,44.6,Moderate,44.3
ORG-01682,medium,healthcare,1067,1918,152,46.6,0.0,35,13.8,False,False,1,162,False,49.6,31.3,54,False,False,10.0,True,True,31.0,45.5,False,True,76,61,60,36,0,True,0,True,18.8,True,98,True,False,False,177.0,80.0,6,False,1,False,57.0,11.0,False,False,False,3,True,False,SYNTHETIC,86.3,Critical,77.4
ORG-01683,small,manufacturing,24,28,1,65.9,57.1,12,38.3,False,False,3,164,True,53.3,33.0,37,False,True,43.7,True,False,61.3,44.3,True,False,55,37,53,18,12,False,0,False,40.3,False,178,True,True,False,125.0,71.0,1,True,3,False,40.0,11.0,True,False,True,3,False,False,SYNTHETIC,56.9,High,55.3
ORG-01684,medium,retail,1070,1875,134,79.3,46.8,31,30.0,False,False,1,162,False,0.0,20.0,53,False,False,36.3,True,False,4.2,25.8,True,False,85,69,74,35,12,True,24,True,8.5,False,114,False,False,False,218.0,101.0,12,False,3,False,61.0,17.0,False,True,True,1,False,False,SYNTHETIC,84.9,Critical,75.4
ORG-01685,small,finance,40,54,3,48.7,0.0,2,49.8,True,True,4,94,True,33.5,63.5,23,True,True,64.2,True,False,58.9,58.3,False,True,52,31,32,24,24,True,0,True,58.8,True,247,False,False,False,75.0,53.0,72,False,6,True,30.0,14.0,False,True,False,0,False,True,SYNTHETIC,53.1,High,52.4
ORG-01686,small,energy,55,60,1,94.9,36.7,1,45.7,True,True,4,78,True,70.0,49.8,24,False,False,56.7,True,True,36.3,80.3,False,True,29,35,31,14,12,False,0,False,66.5,False,333,True,True,False,62.0,26.0,6,True,6,True,31.0,12.0,True,True,True,4,False,False,SYNTHETIC,34.6,Moderate,35.8
ORG-01687,medium,energy,1361,2442,237,95.0,38.6,49,83.7,True,True,4,76,False,54.6,84.9,15,True,True,65.4,True,True,75.9,82.0,False,True,31,18,24,9,0,True,16,True,69.3,True,312,False,False,True,27.0,61.0,24,False,3,True,17.0,8.0,True,True,False,1,False,False,SYNTHETIC,32.0,Moderate,32.4
ORG-01688,medium,retail,486,637,72,33.9,15.6,18,16.9,False,False,2,206,False,23.8,20.0,47,False,True,20.6,True,True,0.0,24.9,False,False,91,47,81,27,12,False,8,True,26.9,False,64,True,False,False,182.0,116.0,6,False,1,False,64.0,29.0,False,False,False,2,False,True,SYNTHETIC,90.9,Critical,79.4
ORG-01689,small,energy,288,367,15,50.8,0.9,8,9.3,False,False,2,163,False,30.1,20.0,58,False,True,22.3,True,False,10.9,36.5,True,True,81,48,66,30,24,False,8,True,28.3,False,112,False,False,False,133.0,120.0,24,False,3,False,36.0,19.0,False,True,True,1,True,False,SYNTHETIC,92.0,Critical,79.1
ORG-01690,large,healthcare,12125,28746,3606,88.9,59.2,722,58.8,True,True,4,71,True,54.0,65.1,33,True,True,63.2,True,False,62.0,75.3,True,True,32,14,24,15,6,True,0,True,45.5,True,294,False,False,False,64.0,56.0,1,False,6,False,35.0,13.0,True,False,False,1,False,True,SYNTHETIC,47.5,Moderate,46.5
ORG-01691,large,energy,6420,9784,1882,65.1,9.2,380,84.3,True,True,5,63,True,100.0,86.7,14,True,True,90.5,True,True,76.2,92.4,True,True,13,9,14,1,24,True,16,True,75.9,False,366,True,True,True,16.0,23.0,12,True,12,True,9.0,0.5,True,True,True,0,False,False,SYNTHETIC,10.0,Low,12.3
ORG-01692,medium,manufacturing,1158,1676,122,56.1,33.5,30,27.9,False,False,2,192,False,18.7,20.0,46,False,False,30.2,True,False,0.0,14.6,True,False,66,39,53,29,0,False,8,True,24.9,False,80,True,True,False,173.0,103.0,6,False,12,False,74.0,25.0,True,False,False,3,True,False,SYNTHETIC,85.4,Critical,78.0
ORG-01693,small,finance,36,37,1,48.3,53.5,5,72.7,False,False,4,85,True,27.6,53.4,28,True,True,63.6,True,True,65.0,58.7,True,True,36,25,35,10,12,False,0,False,62.0,False,251,True,False,False,43.0,24.0,72,True,6,True,27.0,11.0,False,False,False,0,False,False,SYNTHETIC,41.5,Moderate,42.3
ORG-01694,small,technology,7,9,1,99.9,53.1,4,27.4,True,True,3,124,False,37.9,57.9,34,True,True,60.9,True,True,35.7,59.2,False,True,57,34,55,20,0,True,0,True,40.1,False,221,False,False,False,85.0,62.0,6,True,3,True,44.0,12.0,True,False,False,3,False,False,SYNTHETIC,47.8,Moderate,48.4
ORG-01695,medium,finance,681,887,61,65.1,31.5,13,40.4,False,False,3,100,True,37.4,45.2,49,False,False,63.3,False,True,34.9,46.7,False,True,61,35,42,16,12,False,16,True,47.8,False,175,False,False,False,122.0,51.0,12,False,3,False,49.0,8.0,False,False,False,2,False,False,SYNTHETIC,66.6,High,64.8
ORG-01696,medium,education,785,1366,117,49.5,19.8,25,58.3,True,True,3,135,True,36.3,45.4,28,True,True,29.6,True,False,62.9,62.9,True,False,54,33,39,22,12,True,16,True,44.0,True,244,True,True,False,71.0,97.0,12,False,12,True,26.0,13.0,True,False,True,0,False,False,SYNTHETIC,47.2,Moderate,46.3
ORG-01697,medium,energy,363,610,47,36.3,18.2,9,80.8,True,True,4,51,True,79.8,86.0,21,True,True,69.1,True,True,94.5,92.8,True,False,15,26,25,6,24,True,8,True,75.9,True,338,True,True,True,37.0,31.0,6,True,6,True,11.0,8.0,True,True,True,1,True,False,SYNTHETIC,18.3,Low,16.9
ORG-01698,small,finance,34,42,3,54.2,25.9,5,100.0,True,True,4,15,True,77.0,91.9,1,True,True,99.6,True,True,89.8,100.0,True,True,8,13,6,5,6,True,0,True,81.2,True,388,True,True,False,76.0,1.0,1,True,12,True,20.0,0.5,True,True,True,0,False,False,SYNTHETIC,12.8,Low,13.2
ORG-01699,medium,technology,1638,2436,272,44.1,63.8,56,24.4,False,False,3,145,False,32.4,23.3,31,False,True,50.0,True,False,23.4,37.3,False,False,72,65,55,30,6,True,8,True,13.2,True,66,False,False,False,136.0,92.0,24,False,6,False,52.0,22.0,False,False,False,2,True,True,SYNTHETIC,86.5,Critical,78.4
ORG-01700,small,retail,23,32,1,55.3,57.6,1,37.3,False,False,3,141,True,58.0,42.3,37,False,False,68.3,True,False,45.0,60.7,False,False,37,40,17,7,0,False,0,False,53.5,False,249,True,False,False,82.0,63.0,6,True,12,True,30.0,13.0,False,True,False,1,False,False,SYNTHETIC,52.4,High,51.6
ORG-01701,small,energy,61,90,5,100.0,46.1,2,46.8,True,True,3,106,False,28.2,56.6,38,False,False,69.1,True,False,25.0,64.9,True,False,59,23,40,18,6,False,0,False,35.3,False,240,True,False,True,114.0,79.0,1,False,6,True,49.0,14.0,False,True,True,2,False,True,SYNTHETIC,54.8,High,55.3
ORG-01702,medium,manufacturing,269,380,32,47.9,12.1,8,44.2,False,False,3,124,True,10.6,31.2,27,False,True,53.4,True,True,62.9,42.0,False,False,51,42,59,13,12,False,16,True,49.3,False,151,True,True,False,87.0,70.0,6,False,6,False,33.0,11.0,True,False,True,0,False,False,SYNTHETIC,55.0,High,56.9
ORG-01703,small,technology,35,37,1,49.4,73.3,4,47.2,False,False,2,157,False,20.9,20.0,55,False,False,45.9,True,True,25.7,42.2,False,False,84,49,66,24,24,False,0,False,22.9,False,89,False,False,False,173.0,83.0,6,True,3,True,48.0,17.0,False,False,False,1,False,False,SYNTHETIC,75.1,Critical,71.8
ORG-01704,medium,retail,636,1122,119,58.8,48.4,26,34.0,False,False,2,142,False,48.4,54.4,46,True,False,46.9,True,True,51.8,40.1,True,True,70,40,42,19,0,False,0,False,34.1,False,203,False,False,True,117.0,83.0,12,True,6,False,47.0,18.0,False,True,False,2,False,False,SYNTHETIC,62.4,High,59.9
ORG-01705,large,technology,7380,16218,3175,95.0,27.0,641,79.0,True,True,4,80,True,99.9,48.9,16,True,True,77.1,True,True,58.8,87.9,True,True,31,28,22,1,6,True,24,True,57.4,True,331,True,True,True,66.0,2.0,1,False,6,True,7.0,8.0,False,True,True,1,False,True,SYNTHETIC,23.9,Low,23.7
ORG-01706,small,healthcare,8,11,1,32.4,21.2,2,28.3,False,False,2,144,False,21.9,20.0,56,False,False,31.0,True,False,9.7,40.6,False,False,77,66,48,33,0,False,0,False,7.9,False,111,True,False,False,173.0,85.0,168,True,3,False,59.0,14.0,False,False,False,2,True,False,SYNTHETIC,76.2,Critical,75.5
ORG-01707,medium,finance,1001,1524,115,60.4,11.5,24,85.1,True,True,5,63,True,72.8,85.7,18,True,True,97.3,True,True,73.5,95.5,True,True,43,25,2,12,24,True,8,True,79.3,True,361,True,True,True,4.0,33.0,6,True,6,True,17.0,7.0,True,True,True,1,True,False,SYNTHETIC,15.2,Low,14.3
ORG-01708,large,government,7784,12445,1850,65.0,43.8,374,100.0,True,True,4,50,True,78.2,80.5,13,True,True,92.1,True,True,69.0,89.5,True,True,32,19,2,10,12,True,24,True,71.7,True,339,True,True,True,40.0,8.0,12,True,6,True,10.0,7.0,True,True,True,0,False,False,SYNTHETIC,8.2,Low,10.8
ORG-01709,large,government,16102,31042,4127,59.4,61.3,828,59.4,True,True,4,48,False,68.1,86.6,15,True,True,96.6,True,True,100.0,90.0,True,True,25,19,34,17,12,True,0,True,63.1,True,344,True,True,True,64.0,28.0,6,True,12,True,17.0,10.0,False,True,True,0,False,False,SYNTHETIC,27.7,Moderate,29.5
ORG-01710,medium,energy,545,823,63,54.6,12.2,14,79.0,True,True,4,98,True,67.8,63.2,20,False,True,91.2,True,True,62.4,83.0,True,False,33,35,7,8,12,True,8,True,95.5,True,281,False,False,False,47.0,45.0,12,True,0,True,14.0,10.0,True,True,True,0,False,False,SYNTHETIC,20.8,Low,18.9
ORG-01711,small,healthcare,129,176,14,53.0,45.7,3,81.2,False,False,4,54,False,45.0,57.3,17,True,False,85.8,True,False,36.3,67.7,True,False,41,44,50,11,0,False,0,False,70.3,False,254,True,True,False,83.0,42.0,6,True,6,True,38.0,6.0,False,True,False,2,True,False,SYNTHETIC,48.2,Moderate,47.4
ORG-01712,medium,education,1509,2198,171,25.9,14.4,39,18.1,False,False,3,153,False,22.7,39.9,34,True,True,37.3,True,False,13.8,38.0,True,False,72,55,56,29,0,False,8,True,37.9,False,184,True,False,False,137.0,78.0,12,False,0,False,44.0,11.0,False,False,False,1,True,False,SYNTHETIC,76.5,Critical,73.4
ORG-01713,large,technology,6735,10848,2011,67.1,70.7,403,24.1,False,False,3,136,False,24.7,43.7,43,True,False,26.6,True,False,26.4,59.5,False,True,63,52,53,30,12,True,24,True,48.3,False,206,False,False,True,157.0,46.0,12,False,6,False,51.0,20.0,False,False,False,1,False,False,SYNTHETIC,72.8,High,72.3
ORG-01714,small,healthcare,31,32,1,82.7,0.0,4,4.6,False,False,2,172,False,22.8,22.7,53,False,True,28.0,True,False,50.0,47.4,True,False,77,48,59,33,12,False,8,True,2.9,False,151,False,False,True,183.0,80.0,24,False,6,False,58.0,18.0,True,False,True,2,True,False,SYNTHETIC,88.1,Critical,77.8
ORG-01715,medium,technology,736,1198,117,59.7,53.9,24,48.5,False,False,3,156,False,62.9,49.0,30,False,True,42.2,True,False,42.2,51.4,True,True,52,33,47,27,12,False,24,True,46.1,False,221,True,False,False,110.0,75.0,1,True,0,False,47.0,17.0,True,False,False,1,False,False,SYNTHETIC,57.1,High,57.2
ORG-01716,small,healthcare,55,58,1,66.5,38.9,3,12.3,False,False,1,188,True,15.0,20.0,62,False,False,20.7,True,False,7.6,10.0,False,False,87,62,102,38,12,False,8,True,26.8,False,72,False,False,True,184.0,131.0,24,False,6,True,57.0,21.0,False,False,False,1,False,True,SYNTHETIC,93.5,Critical,82.2
ORG-01717,small,finance,48,58,3,58.9,32.8,4,84.2,True,True,4,57,True,97.5,81.8,7,True,True,100.0,True,True,84.0,94.8,True,True,1,8,20,7,12,True,8,True,84.1,True,390,True,True,True,2.0,1.0,12,True,6,True,11.0,9.0,True,True,True,1,True,False,SYNTHETIC,14.8,Low,11.5
ORG-01718,small,healthcare,23,27,1,82.0,19.6,2,16.2,False,False,2,169,False,3.6,37.2,48,True,False,26.7,True,False,45.4,30.3,True,False,84,68,57,28,6,False,8,True,30.9,False,100,False,False,True,137.0,109.0,12,False,6,False,59.0,15.0,True,True,False,8,True,False,SYNTHETIC,79.6,Critical,74.7
ORG-01719,medium,healthcare,999,1290,140,43.3,3.1,32,16.1,False,False,3,176,False,4.3,28.2,59,False,False,25.0,True,False,11.1,36.0,False,False,73,60,71,33,12,True,8,True,9.0,True,139,False,False,False,142.0,117.0,12,True,6,False,56.0,15.0,False,True,True,2,False,False,SYNTHETIC,76.4,Critical,72.3
ORG-01720,medium,education,2826,5044,293,92.3,20.9,62,49.3,True,True,3,126,True,32.9,55.6,17,False,False,36.1,True,True,56.9,56.8,False,True,53,40,57,18,12,True,16,True,36.5,True,206,False,False,True,104.0,65.0,24,False,3,False,42.0,13.0,False,True,False,2,True,True,SYNTHETIC,53.2,High,52.2
ORG-01721,small,retail,32,37,1,86.1,37.8,2,15.5,False,False,2,145,True,19.3,20.0,50,False,False,36.2,True,False,12.5,25.9,False,False,79,42,61,33,12,False,0,False,9.9,False,145,False,False,True,161.0,117.0,6,False,3,False,59.0,26.0,False,True,False,4,True,True,SYNTHETIC,89.9,Critical,80.7
ORG-01722,small,education,82,101,2,69.3,51.0,4,39.7,True,True,3,105,True,46.6,51.9,34,False,False,68.8,True,True,78.1,39.2,True,False,49,51,32,26,12,False,16,True,52.8,False,182,True,True,False,111.0,79.0,1,True,12,False,45.0,10.0,True,False,True,2,True,False,SYNTHETIC,42.5,Moderate,43.9
ORG-01723,large,education,13912,31623,4878,77.9,25.1,978,52.9,True,True,4,74,False,44.3,65.0,28,True,True,50.2,True,True,67.1,63.2,False,False,43,45,24,10,12,False,24,True,56.3,False,234,True,True,False,97.0,64.0,24,True,0,False,46.0,13.0,True,True,False,1,True,False,SYNTHETIC,38.1,Moderate,36.9
ORG-01724,small,energy,39,43,1,57.2,48.8,3,35.2,False,False,4,99,False,61.9,53.5,53,True,True,62.5,True,False,60.0,57.3,True,True,53,35,39,10,24,False,8,True,52.1,False,234,True,True,False,110.0,60.0,12,True,3,True,39.0,9.0,True,True,False,1,True,False,SYNTHETIC,49.3,Moderate,48.4
ORG-01725,medium,healthcare,580,850,52,34.4,88.5,12,50.9,False,False,4,113,True,68.7,60.6,48,True,True,45.2,True,True,68.4,78.0,True,True,48,39,36,25,12,True,16,True,41.9,True,247,True,False,False,102.0,72.0,12,True,6,True,26.0,11.0,False,True,False,2,False,False,SYNTHETIC,43.1,Moderate,42.9
ORG-01726,medium,education,367,574,45,27.7,37.8,11,33.0,True,True,3,97,True,38.5,41.2,62,True,True,67.0,True,True,36.4,53.2,True,True,49,37,40,23,0,False,16,True,45.8,False,214,False,False,True,121.0,89.0,6,True,6,True,30.0,15.0,True,False,False,2,False,False,SYNTHETIC,43.0,Moderate,42.1
ORG-01727,small,technology,43,53,2,91.7,0.0,3,41.2,False,False,4,126,False,43.4,45.2,35,False,False,57.0,True,True,38.6,43.2,True,False,67,48,44,12,12,False,0,False,58.6,False,99,False,False,True,101.0,100.0,6,True,12,True,54.0,12.0,False,False,False,1,False,False,SYNTHETIC,56.6,High,57.8
ORG-01728,small,finance,46,62,2,42.0,0.0,3,73.8,True,True,4,88,True,61.4,79.8,16,True,True,70.6,True,True,99.8,75.1,True,True,40,24,33,16,12,True,16,True,52.6,False,303,True,True,False,44.0,63.0,24,True,6,True,29.0,5.0,True,True,True,0,False,False,SYNTHETIC,22.4,Low,23.7
ORG-01729,large,healthcare,15753,24337,2379,46.1,39.4,478,67.0,True,True,5,78,True,52.7,93.6,17,True,True,86.0,True,True,71.6,72.9,True,True,15,20,9,5,12,True,24,True,87.3,True,353,True,True,True,41.0,21.0,12,True,12,True,9.0,6.0,True,True,True,0,False,False,SYNTHETIC,12.6,Low,12.4
ORG-01730,large,government,5846,11892,1027,77.7,75.4,207,55.6,False,True,3,133,True,36.3,53.3,27,False,True,65.6,True,False,72.6,52.8,False,True,46,21,37,19,12,True,24,True,56.6,False,244,False,False,False,92.0,44.0,6,True,6,False,29.0,14.0,True,True,False,0,False,False,SYNTHETIC,43.1,Moderate,44.1
ORG-01731,medium,retail,661,1169,112,59.2,17.8,23,20.4,False,False,1,182,False,43.7,20.0,53,False,True,39.0,True,True,36.8,45.4,False,False,71,60,79,38,12,False,8,True,18.1,False,87,False,False,False,176.0,72.0,6,True,6,True,72.0,17.0,True,False,False,4,True,False,SYNTHETIC,71.7,High,70.3
ORG-01732,medium,manufacturing,133,186,9,75.8,42.3,5,29.7,False,False,2,146,False,33.0,36.9,46,True,False,37.4,True,True,4.8,48.3,False,False,51,40,48,31,24,True,16,True,20.5,False,197,True,False,True,159.0,54.0,12,False,1,False,37.0,14.0,True,False,True,0,False,False,SYNTHETIC,72.7,High,64.9
ORG-01733,large,retail,9951,23172,3269,48.7,38.7,657,46.1,False,False,3,126,False,36.8,43.1,32,True,False,47.7,True,False,18.4,51.4,False,True,36,25,41,24,12,True,16,True,30.5,True,212,False,False,True,127.0,67.0,24,False,6,False,25.0,9.0,True,False,False,2,True,False,SYNTHETIC,65.1,High,65.0
ORG-01734,large,energy,9642,20805,3710,95.0,43.2,746,75.7,True,True,4,94,False,77.1,90.1,22,False,True,87.2,True,True,72.4,70.8,True,True,23,27,9,10,12,True,16,True,74.1,True,334,True,False,True,22.0,33.0,1,True,12,True,14.0,1.0,True,True,True,0,False,False,SYNTHETIC,21.4,Low,20.3
ORG-01735,small,finance,21,26,1,63.2,15.1,2,42.3,False,False,3,163,False,15.0,40.3,57,True,False,21.3,True,False,42.4,39.7,False,False,50,38,62,22,0,False,8,True,39.5,False,152,False,False,False,154.0,74.0,12,False,1,False,49.0,15.0,True,False,True,0,False,False,SYNTHETIC,74.4,High,73.1
ORG-01736,medium,technology,190,301,18,60.3,75.0,9,26.7,False,False,2,175,False,27.6,20.0,59,False,False,51.5,True,True,0.0,30.7,True,True,98,53,82,24,12,False,8,True,6.7,False,94,False,False,True,158.0,96.0,12,False,0,False,65.0,20.0,True,False,False,1,False,False,SYNTHETIC,78.5,Critical,74.0
ORG-01737,small,finance,36,47,2,77.8,23.8,3,30.0,True,True,3,156,True,17.5,61.2,18,False,True,59.9,True,True,25.2,50.6,False,True,63,52,22,16,12,False,0,False,55.6,False,228,True,True,True,139.0,72.0,12,True,6,True,34.0,14.0,False,True,True,0,False,False,SYNTHETIC,39.1,Moderate,40.0
ORG-01738,medium,energy,839,1220,94,21.0,29.6,23,62.1,False,False,4,71,True,69.0,81.8,36,True,True,78.4,True,True,87.0,68.1,False,True,28,30,14,14,6,True,0,True,77.9,True,314,True,True,True,57.0,41.0,6,True,6,True,31.0,8.0,True,False,False,0,False,False,SYNTHETIC,31.6,Moderate,31.1
ORG-01739,medium,finance,277,406,34,43.8,59.7,12,82.7,True,True,5,87,True,72.0,86.4,25,True,True,68.6,True,False,71.1,66.7,True,True,31,25,41,17,0,False,8,True,53.7,False,322,True,True,True,29.0,25.0,1,True,0,True,25.0,5.0,True,True,True,1,False,False,SYNTHETIC,27.9,Moderate,27.1
ORG-01740,medium,technology,1184,1678,157,66.6,40.8,32,25.9,False,False,2,129,False,46.1,38.2,54,False,True,48.0,True,False,44.6,51.9,False,True,65,47,55,31,24,False,16,True,27.9,False,111,False,False,True,113.0,84.0,24,True,0,True,47.0,21.0,False,False,False,3,False,False,SYNTHETIC,66.3,High,68.8
ORG-01741,large,government,4483,9389,1195,63.9,65.8,243,82.3,True,True,4,15,True,100.0,95.9,3,True,True,100.0,True,True,100.0,88.9,True,True,14,6,8,9,6,True,24,True,100.0,True,377,True,True,True,10.0,42.0,6,True,6,True,13.0,0.5,True,True,False,0,False,False,SYNTHETIC,9.8,Low,9.6
ORG-01742,small,manufacturing,24,30,1,43.7,19.7,5,39.5,False,False,3,152,True,0.0,32.8,50,True,False,46.0,True,True,49.9,45.4,True,True,68,40,75,31,0,True,0,True,30.8,True,213,False,False,False,190.0,72.0,12,True,12,False,47.0,23.0,True,True,False,0,False,False,SYNTHETIC,58.5,High,57.6
ORG-01743,small,energy,83,97,3,100.0,41.7,1,44.8,False,False,2,129,True,62.6,33.6,42,True,True,39.7,True,True,12.6,39.8,False,False,65,36,52,22,12,False,0,False,24.5,False,269,False,False,True,119.0,87.0,1,True,12,True,47.0,17.0,False,True,True,2,False,False,SYNTHETIC,59.8,High,59.1
ORG-01744,medium,government,896,1308,72,95.0,24.2,15,64.9,True,True,3,54,False,34.7,48.4,33,False,False,61.3,True,True,79.1,66.5,False,True,50,37,36,23,0,False,16,True,58.6,False,228,True,True,True,92.0,77.0,72,True,12,False,35.0,6.0,True,False,False,2,False,False,SYNTHETIC,45.5,Moderate,44.5
ORG-01745,small,healthcare,14,19,1,84.5,22.0,2,60.1,False,False,3,124,True,59.4,49.5,40,False,False,50.3,True,False,51.7,60.2,True,False,53,28,35,24,12,False,8,True,51.9,False,194,False,False,True,82.0,45.0,24,False,6,True,38.0,12.0,True,False,True,1,True,False,SYNTHETIC,58.7,High,56.9
ORG-01746,medium,energy,261,414,47,68.5,38.1,11,66.1,True,True,3,77,False,74.5,67.6,32,False,True,68.6,True,True,50.7,55.4,True,False,35,21,26,14,0,True,8,True,62.3,True,251,True,True,True,113.0,19.0,12,True,6,True,30.0,8.0,True,True,False,3,False,False,SYNTHETIC,27.8,Moderate,26.9
ORG-01747,medium,technology,1008,1391,164,53.5,11.8,34,59.3,False,False,3,89,True,57.4,58.6,36,True,True,76.7,True,True,67.3,69.6,True,False,22,40,23,13,0,True,0,True,64.8,True,273,False,False,False,65.0,51.0,24,True,6,True,38.0,1.0,True,True,False,0,False,False,SYNTHETIC,35.3,Moderate,35.8
ORG-01748,small,government,25,29,1,47.9,0.0,5,44.9,False,False,2,131,False,40.5,40.6,54,False,False,50.7,True,False,20.3,26.5,False,False,69,34,52,35,0,False,0,False,33.1,False,140,True,False,False,137.0,106.0,72,True,12,False,40.0,12.0,True,False,False,0,False,False,SYNTHETIC,67.9,High,70.5
ORG-01749,medium,retail,459,580,44,60.5,44.6,12,75.9,True,True,3,83,True,52.1,50.9,28,False,True,64.3,True,True,84.9,81.7,True,False,24,33,38,16,6,True,0,True,45.4,False,246,False,False,True,82.0,65.0,12,True,12,True,23.0,6.0,False,False,True,1,True,False,SYNTHETIC,34.4,Moderate,35.3
ORG-01750,large,finance,10952,19380,3311,60.7,56.8,665,88.9,True,True,5,71,True,74.8,84.2,13,True,True,97.8,True,True,86.4,86.0,True,True,1,26,10,10,6,True,16,True,100.0,True,333,True,True,True,1.0,29.0,24,True,3,True,9.0,0.5,True,True,True,0,False,False,SYNTHETIC,5.8,Low,7.8
ORG-01751,small,healthcare,27,27,1,51.8,0.0,4,25.3,False,False,2,139,True,37.1,20.0,40,False,False,39.6,True,False,22.7,39.3,True,False,80,45,53,32,12,False,8,True,40.8,False,125,True,True,True,137.0,61.0,24,True,1,False,50.0,16.0,False,False,True,0,False,False,SYNTHETIC,63.4,High,62.4
ORG-01752,large,retail,10092,15819,1389,67.6,23.8,278,46.2,False,True,4,62,True,76.3,76.7,24,True,True,90.7,True,True,76.9,67.9,True,False,12,20,43,5,6,True,24,True,66.7,True,233,True,True,True,32.0,32.0,12,True,3,True,24.0,6.0,True,True,False,1,False,False,SYNTHETIC,21.0,Low,21.5
ORG-01753,medium,retail,1242,1684,200,42.1,11.5,46,50.8,False,False,2,179,True,16.9,20.0,54,True,False,35.4,True,False,14.5,32.7,True,False,82,47,52,32,6,False,0,False,29.0,False,113,True,False,True,157.0,91.0,6,False,3,False,63.0,20.0,False,True,False,2,False,False,SYNTHETIC,78.3,Critical,70.3
ORG-01754,medium,healthcare,714,1214,76,43.8,6.4,18,62.1,True,True,4,96,True,68.6,65.8,34,True,False,55.9,False,True,27.7,73.7,True,True,65,43,39,17,6,True,16,True,61.8,True,259,True,True,True,88.0,53.0,24,False,3,True,20.0,7.0,True,True,True,0,False,False,SYNTHETIC,33.2,Moderate,32.1
ORG-01755,medium,government,1962,3448,175,57.9,17.7,36,86.8,False,False,4,64,True,62.0,65.1,33,True,True,62.9,True,True,60.7,74.7,True,True,28,44,20,19,24,True,8,True,58.4,False,255,True,False,True,95.0,46.0,12,True,6,True,23.0,15.0,False,True,False,1,False,False,SYNTHETIC,33.9,Moderate,34.1
ORG-01756,medium,finance,1625,2309,176,45.1,9.1,36,26.3,False,False,3,177,False,7.2,40.7,41,False,False,47.7,True,False,9.6,54.0,False,False,79,37,60,25,12,False,8,True,32.8,False,202,False,False,False,121.0,92.0,12,False,12,True,47.0,13.0,False,True,False,0,False,False,SYNTHETIC,78.2,Critical,77.3
ORG-01757,large,technology,12328,22117,2469,72.0,28.4,496,54.5,True,True,3,132,True,52.5,74.2,43,True,False,75.9,True,True,71.2,54.1,True,True,36,35,18,26,12,True,24,True,59.2,False,239,False,False,False,93.0,58.0,72,True,3,False,25.0,13.0,True,False,True,2,False,False,SYNTHETIC,34.3,Moderate,34.8
ORG-01758,small,finance,40,47,1,78.0,22.2,1,15.0,False,False,2,178,False,4.8,31.6,64,False,True,26.6,True,False,13.6,10.0,False,False,73,67,75,35,24,False,0,False,17.3,False,63,False,False,True,173.0,104.0,6,False,3,False,71.0,25.0,False,False,False,3,False,False,SYNTHETIC,99.4,Critical,86.4
ORG-01759,medium,technology,793,1168,62,49.4,20.8,14,83.7,False,False,4,77,True,61.1,62.9,33,True,True,77.5,True,False,79.4,84.1,True,True,23,29,38,12,0,True,0,True,66.8,False,270,True,True,True,45.0,32.0,1,False,6,True,40.0,5.0,True,False,True,0,False,True,SYNTHETIC,41.8,Moderate,39.2
ORG-01760,medium,technology,1961,3168,362,41.8,21.2,76,65.0,True,True,4,91,True,59.9,73.2,23,True,False,60.5,True,True,57.3,85.9,True,True,39,22,34,11,6,True,16,True,79.3,True,272,True,False,True,64.0,42.0,24,True,6,False,39.0,1.0,True,True,True,1,True,False,SYNTHETIC,26.1,Moderate,25.4
ORG-01761,small,technology,8,10,1,68.0,35.8,2,0.0,False,False,2,201,False,23.0,20.0,52,False,False,21.6,True,False,17.4,24.4,True,True,64,57,50,34,24,False,0,False,15.1,False,89,False,False,True,179.0,123.0,72,True,6,True,66.0,20.0,False,False,False,4,False,False,SYNTHETIC,81.9,Critical,77.7
ORG-01762,small,retail,15,18,1,66.6,19.9,1,31.0,False,False,2,160,False,27.5,26.7,49,False,False,28.9,True,False,41.3,38.7,False,True,88,50,69,19,12,False,16,True,15.3,False,39,False,False,True,172.0,120.0,12,False,6,False,48.0,26.0,False,False,False,2,True,False,SYNTHETIC,86.1,Critical,81.1
ORG-01763,small,healthcare,84,89,6,48.5,20.1,3,35.8,False,False,3,117,True,39.6,28.3,39,True,True,42.0,True,False,26.8,44.4,False,True,66,38,52,21,0,False,8,True,34.4,False,148,True,True,False,110.0,101.0,12,True,1,False,62.0,13.0,True,False,False,2,False,False,SYNTHETIC,61.2,High,59.7
ORG-01764,medium,government,376,539,57,65.9,54.2,14,54.0,True,True,4,102,False,34.9,39.0,23,False,False,52.9,True,True,59.0,53.3,False,True,48,45,29,16,12,False,24,True,57.0,False,196,True,False,True,80.0,53.0,6,True,12,False,43.0,2.0,True,True,True,2,True,False,SYNTHETIC,41.8,Moderate,41.1
ORG-01765,medium,finance,461,589,53,74.8,55.3,14,89.5,True,True,4,27,True,73.7,74.5,14,True,True,95.6,True,True,78.9,99.9,True,True,1,3,12,8,6,True,0,True,81.3,True,431,True,True,True,31.0,1.0,6,True,3,True,11.0,8.0,True,True,True,0,False,False,SYNTHETIC,9.4,Low,10.9
ORG-01766,medium,education,612,947,103,63.6,36.7,23,39.9,False,True,3,113,False,37.6,24.9,42,False,False,57.1,True,True,64.1,71.0,True,True,65,43,44,23,12,False,16,True,62.8,False,179,False,False,False,91.0,77.0,1,False,12,True,35.0,13.0,True,False,False,1,False,False,SYNTHETIC,59.6,High,60.4
ORG-01767,medium,energy,1556,1899,166,44.2,39.3,33,65.9,True,True,5,84,True,64.4,79.4,18,True,True,97.0,True,True,78.1,73.6,True,True,30,23,10,5,24,True,8,True,84.0,True,349,True,False,True,60.0,50.0,12,True,12,False,20.0,8.0,True,True,True,1,False,False,SYNTHETIC,21.4,Low,21.1
ORG-01768,medium,retail,508,810,87,37.9,30.3,21,47.2,True,True,3,73,True,46.3,43.3,36,True,False,53.2,True,True,54.0,64.8,True,True,51,34,31,23,12,True,0,True,56.6,True,248,True,True,True,98.0,51.0,12,True,3,True,38.0,11.0,False,False,False,0,False,False,SYNTHETIC,38.4,Moderate,37.7
ORG-01769,medium,government,408,677,65,73.3,47.3,15,36.9,False,False,3,162,True,37.3,37.8,43,False,False,51.0,True,False,6.5,51.9,False,True,51,31,22,16,12,True,24,True,53.7,True,161,False,False,True,128.0,65.0,1,True,0,True,42.0,11.0,True,True,False,1,False,False,SYNTHETIC,44.6,Moderate,46.6
ORG-01770,medium,finance,539,765,43,69.3,50.3,9,31.8,False,False,2,150,False,16.6,40.9,33,False,False,51.7,True,False,28.0,40.4,True,False,45,40,50,20,24,True,8,True,32.9,True,166,False,False,True,143.0,77.0,72,False,0,False,54.0,15.0,False,False,True,5,True,False,SYNTHETIC,67.4,High,69.5
ORG-01771,large,education,13624,32510,6170,75.6,16.1,1236,86.8,True,True,4,95,True,82.9,72.8,33,True,True,76.2,True,True,68.1,74.3,True,False,41,16,28,3,12,True,16,True,67.6,True,332,True,False,True,56.0,22.0,12,True,3,True,21.0,0.5,True,False,True,1,False,False,SYNTHETIC,16.2,Low,18.7
ORG-01772,small,retail,92,108,3,53.2,40.1,1,52.6,False,False,3,77,False,68.2,78.7,25,True,False,60.5,True,True,48.1,54.6,True,True,44,28,17,14,12,False,8,True,61.5,False,211,True,True,False,116.0,38.0,72,True,6,True,21.0,4.0,True,True,False,1,True,False,SYNTHETIC,41.0,Moderate,41.7
ORG-01773,large,manufacturing,7843,13111,2070,75.9,51.0,418,82.8,True,True,3,54,True,72.9,75.8,19,True,True,79.7,True,True,51.5,70.4,True,True,26,15,12,18,12,True,24,True,90.9,False,281,True,True,True,71.0,33.0,12,True,12,True,44.0,12.0,True,True,True,1,True,False,SYNTHETIC,19.9,Low,18.6
ORG-01774,small,manufacturing,21,26,1,75.8,0.0,3,55.1,False,False,3,127,True,0.0,33.9,56,False,False,62.4,True,True,36.9,39.8,True,True,67,42,46,18,24,True,0,True,28.2,True,190,False,False,False,131.0,71.0,12,False,12,True,22.0,13.0,True,True,False,1,False,False,SYNTHETIC,63.2,High,57.5
ORG-01775,small,technology,58,74,3,43.1,59.5,1,24.0,False,False,2,205,False,2.8,20.0,64,False,False,15.8,True,False,3.6,27.4,False,False,95,58,63,37,6,False,0,False,13.0,False,91,False,False,False,179.0,116.0,12,False,6,False,74.0,24.0,False,False,False,2,True,False,SYNTHETIC,97.7,Critical,88.6
ORG-01776,medium,education,731,1167,124,75.4,23.9,26,80.5,True,True,3,64,True,65.3,47.9,4,True,True,70.9,True,True,80.1,79.9,True,True,10,11,8,11,12,True,24,True,73.7,True,350,True,True,True,47.0,24.0,24,True,12,True,1.0,10.0,True,True,True,0,False,False,SYNTHETIC,14.2,Low,16.0
ORG-01777,medium,energy,458,754,67,64.4,0.0,13,51.3,True,True,3,156,False,32.0,55.7,35,True,True,68.4,True,True,56.9,61.9,True,True,42,38,28,24,12,True,24,True,62.2,True,259,True,True,False,70.0,58.0,72,True,12,True,23.0,4.0,True,False,False,0,False,False,SYNTHETIC,35.5,Moderate,35.1
ORG-01778,medium,manufacturing,696,1126,59,39.5,0.0,15,22.5,False,False,2,201,False,11.9,20.8,57,False,True,45.3,True,True,26.8,28.5,False,True,91,63,75,37,0,False,8,True,37.2,False,122,True,False,False,225.0,113.0,12,True,3,False,74.0,16.0,False,True,False,0,False,False,SYNTHETIC,65.7,High,67.3
ORG-01779,small,manufacturing,38,46,1,45.6,17.4,2,20.7,False,False,2,130,False,32.3,38.4,38,False,False,16.6,True,False,29.2,39.3,False,True,85,55,49,29,12,False,16,True,32.2,False,146,False,False,False,157.0,87.0,12,False,1,False,37.0,17.0,True,False,False,1,True,False,SYNTHETIC,79.7,Critical,78.8
ORG-01780,large,healthcare,2849,4896,719,47.3,18.3,146,69.7,True,True,4,108,True,44.1,57.1,21,True,True,91.3,True,True,96.2,81.8,True,True,33,31,31,9,6,True,16,True,83.2,True,328,True,False,True,60.0,50.0,12,True,12,True,17.0,14.0,True,False,True,1,True,False,SYNTHETIC,22.1,Low,21.8
ORG-01781,small,technology,26,30,1,80.0,15.2,2,85.3,True,True,3,54,True,80.5,69.0,23,True,True,74.9,True,True,65.1,91.4,True,True,21,17,50,9,6,False,0,False,63.1,False,357,True,True,True,55.0,58.0,12,True,3,True,19.0,12.0,True,False,False,0,False,False,SYNTHETIC,25.8,Moderate,28.3
ORG-01782,small,energy,17,24,1,59.5,0.0,3,22.5,False,False,2,170,False,17.7,28.7,52,False,False,35.0,True,False,27.6,46.0,True,False,81,64,51,33,24,False,8,True,53.2,False,73,True,True,False,185.0,71.0,1,False,12,True,57.0,18.0,False,False,False,2,False,False,SYNTHETIC,80.4,Critical,77.5
ORG-01783,small,technology,53,78,3,64.5,48.1,3,58.4,False,True,4,91,True,58.3,73.7,26,False,True,67.4,True,True,60.7,84.3,True,True,28,12,50,12,12,True,0,True,55.6,True,283,False,False,False,69.0,35.0,12,True,0,False,23.0,10.0,True,True,True,2,False,False,SYNTHETIC,34.4,Moderate,35.8
ORG-01784,small,retail,135,194,3,77.2,45.3,3,32.5,False,False,4,137,False,37.1,40.4,55,False,True,58.2,True,True,49.8,67.9,False,False,71,51,58,19,12,False,0,False,32.0,False,134,False,False,False,138.0,70.0,1,True,12,True,36.0,8.0,False,True,False,2,False,False,SYNTHETIC,62.5,High,63.0
ORG-01785,medium,retail,704,1185,104,38.4,3.7,25,59.2,False,False,3,120,False,50.6,75.0,36,True,True,45.1,True,True,43.3,65.1,True,True,48,35,50,20,0,True,0,True,51.9,True,230,True,True,True,114.0,40.0,12,True,0,True,45.0,18.0,True,True,False,0,False,False,SYNTHETIC,39.6,Moderate,39.8
ORG-01786,small,retail,45,60,3,83.6,40.4,2,27.6,False,False,2,169,False,10.1,31.2,37,True,True,39.4,True,False,30.5,34.5,False,False,66,50,66,18,12,False,0,False,35.5,False,190,False,False,False,118.0,69.0,1,False,0,False,47.0,21.0,True,True,True,1,True,False,SYNTHETIC,76.9,Critical,71.9
ORG-01787,small,retail,105,127,3,41.7,16.2,5,45.8,False,False,2,144,True,29.2,39.1,42,False,False,59.8,True,False,0.0,29.5,False,True,74,46,45,23,0,False,0,False,25.1,False,138,True,False,True,148.0,97.0,24,False,6,True,43.0,18.0,False,False,False,2,False,True,SYNTHETIC,69.2,High,69.9
ORG-01788,large,education,4830,9173,847,61.1,14.5,171,78.7,True,True,3,83,True,60.1,70.8,36,True,True,67.8,True,True,63.5,62.8,True,True,41,20,51,16,0,False,24,True,56.4,False,218,False,False,True,59.0,68.0,24,True,6,True,17.0,8.0,False,True,True,2,False,False,SYNTHETIC,32.9,Moderate,33.0
ORG-01789,small,healthcare,20,23,1,83.2,32.7,6,13.8,False,False,1,169,False,0.0,20.0,52,True,True,20.6,False,False,30.8,24.9,True,False,82,57,82,29,24,False,8,True,28.7,False,97,True,False,False,187.0,97.0,168,True,12,False,62.0,25.0,False,False,False,2,True,False,SYNTHETIC,81.4,Critical,77.4
ORG-01790,large,technology,14808,34339,3301,68.3,43.5,662,49.4,False,False,3,111,True,33.8,42.0,36,False,True,36.2,True,True,42.1,46.2,True,False,41,35,60,28,12,True,16,True,68.5,True,202,True,True,False,128.0,46.0,12,False,12,False,40.0,16.0,True,True,True,1,False,False,SYNTHETIC,50.5,High,51.7
ORG-01791,small,healthcare,107,118,5,66.8,32.1,2,38.2,False,False,2,157,False,35.3,35.2,49,True,False,60.5,True,True,68.8,41.3,False,False,58,44,54,26,0,False,0,False,39.4,False,171,False,False,True,141.0,107.0,1,False,6,False,65.0,9.0,True,True,False,2,False,False,SYNTHETIC,70.0,High,69.6
ORG-01792,large,technology,8658,20054,3916,69.8,35.8,785,48.8,True,True,3,101,True,65.1,50.3,36,True,True,54.2,True,True,48.5,71.0,True,True,48,38,37,20,6,True,16,True,52.4,True,254,True,True,True,73.0,73.0,6,True,6,False,28.0,11.0,True,True,False,2,False,False,SYNTHETIC,30.5,Moderate,31.4
ORG-01793,medium,energy,373,624,54,23.6,56.9,14,12.9,False,False,3,147,False,31.8,20.3,38,False,False,27.1,False,False,10.4,60.5,False,False,73,45,52,25,0,True,0,True,31.2,True,156,True,False,False,148.0,84.0,6,True,3,True,44.0,26.0,True,False,False,1,False,False,SYNTHETIC,71.8,High,64.5
ORG-01794,small,manufacturing,11,11,1,66.8,40.5,3,30.3,False,False,2,176,False,9.9,22.4,50,False,True,31.4,True,True,14.5,33.9,False,False,84,42,73,26,12,False,0,False,8.5,False,98,False,False,False,160.0,104.0,72,True,12,False,50.0,20.0,False,False,False,3,False,False,SYNTHETIC,75.4,Critical,75.9
ORG-01795,small,energy,32,35,2,43.4,0.0,1,21.4,False,False,2,134,False,61.0,39.3,44,True,False,44.1,True,False,40.3,45.5,True,False,50,40,39,31,12,False,0,False,42.0,False,178,True,False,False,101.0,76.0,24,False,0,False,53.0,10.0,False,True,False,2,False,False,SYNTHETIC,70.1,High,72.7
ORG-01796,medium,retail,2508,3991,458,85.4,46.1,96,52.8,True,True,2,130,True,43.2,46.6,39,True,True,64.9,True,False,31.1,52.5,True,True,76,29,32,14,0,True,16,True,66.8,False,216,False,False,True,94.0,65.0,6,True,6,True,38.0,14.0,False,True,False,3,False,False,SYNTHETIC,37.8,Moderate,38.2
ORG-01797,small,government,23,25,1,87.1,67.1,2,20.3,False,False,3,157,True,23.7,26.6,47,False,False,51.0,True,True,12.2,38.1,True,False,54,53,48,23,0,True,8,True,29.8,True,149,False,False,False,111.0,65.0,24,False,6,True,40.0,20.0,True,False,False,1,False,False,SYNTHETIC,64.1,High,60.7
ORG-01798,small,energy,38,43,1,75.6,26.9,4,56.8,True,True,2,109,True,29.9,68.3,31,True,True,68.8,True,True,45.8,83.5,True,True,52,26,19,16,6,False,16,True,65.0,False,292,True,False,False,79.0,58.0,24,False,6,False,33.0,4.0,True,True,False,0,False,False,SYNTHETIC,41.6,Moderate,40.9
ORG-01799,medium,technology,738,1298,82,15.0,44.6,22,45.0,True,True,3,103,True,48.0,52.1,38,True,False,69.7,True,False,37.9,54.0,True,True,60,38,41,12,12,True,8,True,64.6,True,194,True,False,True,96.0,82.0,6,True,6,True,27.0,10.0,False,True,True,2,False,False,SYNTHETIC,39.3,Moderate,37.7
ORG-01800,small,education,60,68,3,70.5,32.4,1,9.5,False,False,1,181,False,3.7,20.0,56,False,False,10.0,True,False,1.5,24.1,False,False,92,64,84,40,0,False,8,True,26.9,False,51,False,False,True,180.0,123.0,12,False,6,False,70.0,24.0,False,False,False,3,True,False,SYNTHETIC,100.0,Critical,87.6
ORG-01801,small,manufacturing,56,74,5,64.3,28.7,5,20.0,False,False,1,179,False,34.4,20.0,67,False,False,17.3,True,False,0.0,27.2,False,False,108,65,84,30,12,False,16,True,4.2,False,50,False,False,False,211.0,117.0,1,False,0,False,78.0,22.0,False,False,False,5,True,False,SYNTHETIC,95.7,Critical,88.8
ORG-01802,medium,retail,329,513,42,55.8,34.4,8,30.1,False,False,2,146,False,1.5,20.0,51,False,False,15.2,True,False,8.4,20.1,False,True,106,61,81,30,12,False,8,True,25.4,False,113,False,False,True,169.0,95.0,12,False,6,False,53.0,21.0,False,False,True,2,False,False,SYNTHETIC,94.7,Critical,83.2
ORG-01803,medium,energy,1044,1443,164,45.4,7.6,35,39.2,False,False,2,147,False,34.2,25.2,47,False,True,32.5,True,False,10.6,53.4,False,True,51,53,49,33,0,False,0,False,33.0,False,173,True,False,False,103.0,59.0,12,True,6,False,40.0,14.0,False,False,False,1,False,False,SYNTHETIC,71.1,High,69.5
ORG-01804,medium,energy,1119,1490,162,81.1,29.3,35,17.7,False,False,3,145,False,37.3,40.7,36,True,False,33.7,True,False,45.1,56.7,True,True,58,52,58,16,12,False,8,True,42.9,False,222,False,False,False,116.0,59.0,6,False,6,True,47.0,9.0,True,False,False,1,False,False,SYNTHETIC,78.0,Critical,69.9
ORG-01805,small,education,44,57,2,83.7,67.8,2,43.3,False,False,3,171,False,23.2,37.2,52,True,True,25.9,True,True,2.6,41.0,True,True,69,47,60,25,12,True,8,True,35.6,True,196,True,False,False,167.0,88.0,6,False,6,False,67.0,23.0,True,False,False,2,False,False,SYNTHETIC,66.9,High,65.0
ORG-01806,medium,education,821,1244,69,48.8,29.5,15,6.3,False,False,1,176,False,0.0,20.3,69,False,False,16.6,True,False,0.0,35.3,True,False,73,58,70,31,12,False,16,True,9.1,False,33,False,False,True,193.0,53.0,12,False,3,False,56.0,32.0,False,True,False,4,False,False,SYNTHETIC,94.5,Critical,81.1
ORG-01807,medium,retail,492,680,40,51.1,56.3,15,48.9,False,True,3,138,True,53.5,59.9,42,True,True,50.7,True,False,40.7,63.3,True,True,52,41,31,21,0,False,8,True,55.3,False,266,True,False,False,79.0,27.0,6,True,6,False,49.0,17.0,False,False,True,4,True,False,SYNTHETIC,47.6,Moderate,49.1
ORG-01808,large,healthcare,4776,11194,1167,68.6,17.4,233,77.9,False,False,4,142,False,73.2,58.1,27,False,True,51.9,True,True,55.5,50.2,False,True,50,21,42,16,6,False,24,True,53.0,False,283,False,False,True,86.0,68.0,24,True,0,True,47.0,7.0,True,True,True,0,False,False,SYNTHETIC,40.6,Moderate,42.0
ORG-01809,small,manufacturing,66,73,4,96.1,11.3,3,11.3,False,False,2,193,False,24.3,23.8,61,False,False,31.1,True,False,7.3,36.6,False,True,80,56,51,25,12,False,0,False,27.0,False,51,False,False,False,180.0,88.0,24,False,3,False,64.0,29.0,False,False,False,6,True,False,SYNTHETIC,96.0,Critical,86.0
ORG-01810,small,energy,72,105,4,86.8,0.0,1,4.8,False,False,2,197,False,0.0,20.0,57,False,False,41.4,True,False,24.4,21.4,False,False,94,59,78,28,6,False,0,False,0.0,False,105,False,False,False,173.0,112.0,24,False,6,False,58.0,21.0,False,False,False,0,False,False,SYNTHETIC,96.2,Critical,88.8
ORG-01811,small,finance,21,28,1,75.0,44.1,5,51.6,False,True,4,96,False,38.4,37.6,37,False,False,31.6,True,False,33.0,50.6,True,True,61,38,40,16,24,True,8,True,57.4,True,139,False,False,True,106.0,53.0,12,False,0,False,30.0,14.0,True,True,False,0,False,False,SYNTHETIC,55.6,High,55.9
ORG-01812,small,finance,75,100,5,87.1,20.0,4,44.0,False,False,3,132,True,32.3,42.7,33,True,True,46.5,True,True,35.5,37.6,True,False,67,24,51,27,0,False,16,True,34.1,False,200,True,True,False,112.0,88.0,1,False,6,False,44.0,15.0,True,True,True,1,True,True,SYNTHETIC,56.7,High,56.0
ORG-01813,medium,manufacturing,739,1198,139,55.3,50.1,27,14.2,False,False,2,142,False,45.7,30.4,59,False,True,36.6,True,False,58.7,47.2,False,False,76,58,51,22,24,True,16,True,9.8,True,110,False,False,True,132.0,107.0,24,False,12,True,60.0,20.0,False,False,False,6,True,True,SYNTHETIC,88.4,Critical,75.6
ORG-01814,small,technology,105,152,5,69.6,21.8,1,28.4,False,False,2,160,False,2.1,20.0,57,False,False,25.1,True,False,24.8,16.7,False,False,82,49,71,31,0,False,8,True,9.9,False,58,True,False,False,170.0,93.0,12,False,6,True,46.0,20.0,False,False,False,2,True,True,SYNTHETIC,88.1,Critical,82.1
ORG-01815,small,energy,20,29,1,62.9,31.6,1,89.9,True,True,3,76,True,56.5,56.2,29,True,False,91.9,True,True,65.4,76.9,True,False,27,33,54,16,0,True,16,True,51.3,True,322,True,True,False,61.0,44.0,12,True,0,False,25.0,5.0,True,False,True,0,False,False,SYNTHETIC,30.3,Moderate,29.4
ORG-01816,small,finance,27,40,3,75.3,14.0,6,21.5,False,False,1,206,False,21.3,20.0,45,True,False,25.2,True,True,10.0,29.2,False,False,86,57,86,39,24,False,8,True,43.6,False,118,False,False,False,144.0,99.0,24,False,6,False,58.0,19.0,False,False,True,2,True,True,SYNTHETIC,79.8,Critical,82.5
ORG-01817,large,retail,7021,11638,1767,57.1,20.8,359,44.3,False,False,2,105,False,55.2,47.7,59,False,False,26.8,True,False,65.5,53.0,False,False,60,55,20,20,6,False,16,True,44.4,False,158,True,False,True,173.0,84.0,1,True,6,False,44.0,19.0,False,True,False,1,False,False,SYNTHETIC,58.1,High,59.5
ORG-01818,small,education,14,20,1,69.6,52.9,3,46.8,False,False,2,174,False,6.9,22.3,75,False,False,13.4,False,True,16.7,38.1,False,False,89,45,91,24,12,False,8,True,31.4,False,95,False,False,False,198.0,126.0,12,False,12,False,51.0,20.0,True,False,False,4,False,False,SYNTHETIC,78.3,Critical,78.2
ORG-01819,large,energy,18549,31158,2773,73.1,26.2,561,60.9,True,True,5,90,True,64.2,62.8,23,True,True,66.1,True,True,89.3,80.9,True,False,26,28,21,18,6,False,0,False,67.7,False,276,False,False,True,50.0,28.0,6,True,3,True,19.0,12.0,False,False,True,0,False,False,SYNTHETIC,32.9,Moderate,32.1
ORG-01820,small,technology,18,24,1,77.1,63.0,3,22.3,False,False,2,143,True,10.7,20.0,61,False,True,38.2,True,False,18.0,29.3,True,False,83,57,89,24,12,False,0,False,10.9,False,134,False,False,False,141.0,77.0,12,False,12,False,50.0,21.0,False,False,False,3,False,True,SYNTHETIC,88.3,Critical,80.3
ORG-01821,small,government,40,56,4,71.1,20.2,1,45.7,False,False,3,129,False,5.7,35.2,41,False,False,50.8,True,False,72.0,57.5,True,False,45,39,38,23,12,True,8,True,49.2,False,209,False,False,False,125.0,72.0,24,True,6,False,47.0,18.0,True,True,True,6,True,False,SYNTHETIC,54.2,High,54.2
ORG-01822,small,manufacturing,29,30,1,18.5,75.6,4,18.0,False,False,3,113,False,30.5,56.7,43,True,False,57.5,False,True,32.7,62.3,False,False,49,44,44,25,0,False,16,True,42.4,False,206,True,True,False,105.0,83.0,12,True,6,False,43.0,13.0,True,False,False,3,True,False,SYNTHETIC,62.1,High,58.3
ORG-01823,medium,energy,956,1171,124,51.5,33.4,27,28.9,False,True,3,121,True,60.0,43.1,44,True,True,46.1,True,True,49.3,47.3,True,False,71,44,46,22,12,True,8,True,50.1,True,163,False,False,False,88.0,64.0,24,True,12,False,39.0,15.0,False,False,False,4,False,False,SYNTHETIC,51.2,High,53.2
ORG-01824,medium,technology,432,591,56,28.2,20.2,14,51.4,False,False,3,128,False,43.9,44.1,49,True,False,48.0,True,False,45.2,45.7,True,False,46,35,41,30,6,True,8,True,27.9,True,184,False,False,True,150.0,65.0,6,True,3,True,55.0,17.0,False,True,False,4,True,False,SYNTHETIC,57.0,High,55.3
ORG-01825,medium,technology,707,1200,69,45.8,51.3,13,51.0,True,True,3,129,False,47.0,34.8,27,True,True,63.9,True,False,56.4,57.2,True,True,37,20,36,6,12,False,0,False,56.8,False,172,True,False,True,65.0,61.0,168,True,12,True,19.0,10.0,True,False,True,0,False,False,SYNTHETIC,42.5,Moderate,42.4
ORG-01826,medium,retail,739,1232,83,58.3,53.4,19,25.8,False,False,2,147,False,44.5,27.1,48,False,False,22.7,True,True,7.8,41.9,False,False,66,51,48,31,0,True,0,True,23.0,False,185,False,False,False,161.0,52.0,6,True,3,False,55.0,16.0,True,False,True,2,False,False,SYNTHETIC,64.2,High,64.1
ORG-01827,large,retail,16213,31751,6302,95.0,34.3,1264,30.1,False,False,3,163,True,29.3,33.5,45,True,True,26.1,True,True,24.3,52.8,False,True,86,45,36,24,12,False,16,True,22.6,False,127,False,False,False,133.0,79.0,12,False,1,True,51.0,17.0,True,True,False,2,False,False,SYNTHETIC,62.9,High,62.8
ORG-01828,medium,education,880,1546,138,52.9,7.2,29,63.7,True,True,3,112,True,30.1,65.7,28,True,True,67.5,True,True,60.3,68.7,True,True,46,29,25,12,6,False,8,True,51.2,False,300,True,False,True,52.0,22.0,6,True,1,True,21.0,4.0,True,True,True,2,False,False,SYNTHETIC,25.6,Moderate,26.3
ORG-01829,medium,healthcare,1550,2665,155,76.5,62.8,35,49.3,False,False,2,150,True,24.4,26.6,45,False,True,41.0,True,True,25.6,53.0,True,False,63,51,42,23,6,False,16,True,31.2,False,201,True,True,False,152.0,72.0,6,False,6,False,47.0,15.0,False,False,True,4,False,False,SYNTHETIC,60.6,High,60.3
ORG-01830,medium,healthcare,1475,2205,129,51.0,57.4,28,31.6,False,False,1,154,False,0.0,24.5,49,False,True,31.3,True,False,16.3,34.9,False,False,60,52,58,33,6,False,16,True,9.1,False,109,True,True,False,158.0,92.0,6,True,1,True,64.0,25.0,False,False,False,3,True,False,SYNTHETIC,68.5,High,69.4
ORG-01831,small,healthcare,13,17,1,30.3,24.8,2,53.8,True,True,4,101,True,44.7,78.0,25,True,True,71.0,True,False,56.3,73.7,True,True,21,30,45,15,12,False,0,False,61.2,False,307,True,True,False,48.0,31.0,12,True,3,True,19.0,3.0,True,False,True,1,False,False,SYNTHETIC,37.3,Moderate,35.7
ORG-01832,small,finance,120,160,6,26.0,53.1,7,28.4,False,False,1,151,True,0.0,40.1,46,False,False,53.8,True,False,15.8,47.0,False,False,76,47,62,34,0,False,8,True,29.9,False,92,False,False,False,104.0,61.0,12,True,3,True,43.0,14.0,False,False,False,0,False,False,SYNTHETIC,69.0,High,68.8
ORG-01833,small,education,64,87,2,40.1,0.0,2,10.4,False,False,1,180,False,35.2,20.0,55,False,True,10.0,True,False,14.1,10.5,False,True,87,68,71,49,12,False,0,False,0.1,False,81,False,False,False,206.0,137.0,24,False,1,False,66.0,26.0,False,False,False,0,False,False,SYNTHETIC,100.0,Critical,90.1
ORG-01834,small,finance,6,6,1,41.9,0.0,5,36.7,False,False,1,174,False,33.2,28.8,57,False,True,19.7,True,True,2.3,52.3,False,False,69,41,48,35,12,False,0,False,37.1,False,175,False,False,True,162.0,75.0,24,False,3,False,58.0,15.0,False,False,True,2,False,True,SYNTHETIC,75.2,Critical,74.6
ORG-01835,small,manufacturing,166,189,12,88.6,56.5,8,24.5,False,False,2,195,False,4.7,29.8,64,False,False,19.0,False,True,13.5,25.4,False,False,91,46,57,28,24,True,0,True,2.7,True,113,False,False,False,159.0,119.0,12,False,1,True,52.0,19.0,False,True,False,3,True,False,SYNTHETIC,84.8,Critical,77.0
ORG-01836,medium,healthcare,1445,2136,183,38.1,74.2,37,73.2,False,False,3,107,True,71.2,49.7,31,True,True,68.6,True,True,49.8,88.5,True,False,29,28,19,16,6,True,24,True,57.5,True,262,True,True,False,72.0,69.0,12,True,6,True,36.0,14.0,True,True,True,1,True,False,SYNTHETIC,30.0,Moderate,29.0
ORG-01837,large,energy,15306,25326,2087,56.2,15.9,418,100.0,True,True,5,24,True,89.0,88.8,16,True,True,95.5,True,True,68.2,88.8,True,True,16,16,19,3,6,True,16,True,77.1,True,372,True,True,True,26.0,1.0,6,True,3,True,12.0,0.5,True,True,True,0,False,False,SYNTHETIC,8.2,Low,7.3
ORG-01838,medium,healthcare,916,1202,86,53.1,0.0,20,85.6,True,True,4,76,True,53.1,57.0,36,False,True,80.2,True,True,51.0,72.5,False,True,25,32,14,12,12,False,0,False,58.1,False,245,True,True,True,61.0,30.0,24,False,6,True,23.0,7.0,True,True,False,0,False,True,SYNTHETIC,32.1,Moderate,33.6
ORG-01839,medium,finance,484,615,66,60.2,30.0,14,74.8,True,True,4,103,True,80.8,51.9,22,True,True,86.7,True,True,88.7,75.4,True,True,23,11,7,10,12,True,16,True,72.8,True,302,True,True,True,77.0,14.0,12,True,12,True,22.0,7.0,True,True,True,0,False,False,SYNTHETIC,14.9,Low,16.8
ORG-01840,small,energy,50,50,2,44.2,47.6,2,53.6,False,False,2,81,True,39.4,48.6,30,False,False,51.1,True,True,77.9,74.9,True,True,46,31,35,14,0,True,8,True,57.4,True,249,True,True,False,98.0,37.0,12,True,1,False,36.0,5.0,True,True,True,3,False,False,SYNTHETIC,36.1,Moderate,37.8
ORG-01841,small,technology,83,97,4,57.4,8.1,1,57.2,False,False,3,162,False,16.3,40.5,50,True,True,51.4,True,True,37.3,51.1,False,False,58,35,60,34,0,False,8,True,18.9,False,219,False,False,False,118.0,73.0,1,True,3,False,42.0,15.0,True,False,True,1,True,False,SYNTHETIC,61.0,High,60.6
ORG-01842,small,education,17,23,1,81.3,33.1,5,24.7,False,False,2,171,False,15.9,20.0,57,False,False,30.0,True,True,38.7,25.7,False,False,94,66,56,32,12,False,0,False,25.6,False,114,True,False,False,149.0,85.0,6,False,3,False,59.0,16.0,True,False,False,0,False,True,SYNTHETIC,82.1,Critical,77.1
ORG-01843,medium,education,566,792,54,32.1,0.0,15,34.5,False,False,2,183,False,36.5,41.8,45,True,True,10.0,True,True,10.8,36.3,True,False,60,48,57,29,12,False,8,True,35.1,False,168,False,False,True,171.0,77.0,6,False,3,True,54.0,22.0,False,True,False,3,False,False,SYNTHETIC,68.4,High,68.0
ORG-01844,small,retail,21,29,1,41.5,52.0,5,32.4,False,False,1,186,False,3.0,20.0,61,False,False,11.5,True,False,21.6,16.7,True,True,102,48,57,27,0,False,8,True,19.7,False,85,False,False,True,197.0,124.0,24,False,3,False,71.0,17.0,False,False,True,2,False,False,SYNTHETIC,88.2,Critical,80.5
ORG-01845,small,retail,18,20,1,59.8,63.2,1,54.3,False,False,3,183,True,59.1,36.4,37,False,True,35.3,True,False,7.1,55.3,False,False,88,55,88,26,0,False,8,True,30.4,False,105,False,False,True,155.0,100.0,12,False,6,True,64.0,24.0,False,False,False,4,False,True,SYNTHETIC,71.1,High,71.7
ORG-01846,small,manufacturing,16,22,1,73.3,5.1,2,67.9,True,True,4,91,True,51.2,64.4,22,True,False,75.2,True,True,68.4,79.9,True,False,40,19,23,11,12,False,8,True,78.4,False,239,False,False,False,48.0,38.0,168,False,3,True,12.0,9.0,True,True,True,0,False,False,SYNTHETIC,33.4,Moderate,35.8
ORG-01847,medium,technology,415,508,60,72.5,24.1,15,37.7,False,False,3,81,False,22.1,23.3,50,False,True,51.4,True,False,65.0,53.5,False,False,53,35,46,25,0,True,0,True,56.3,False,194,False,False,True,71.0,70.0,6,True,6,True,49.0,20.0,False,False,False,3,True,False,SYNTHETIC,58.0,High,58.6
ORG-01848,small,energy,49,52,3,49.2,44.5,1,82.5,True,True,5,34,True,52.3,90.0,28,True,True,82.3,True,True,59.1,96.4,True,True,35,12,16,9,12,False,16,True,100.0,False,337,True,True,False,1.0,51.0,6,True,6,True,5.0,5.0,True,True,True,0,False,False,SYNTHETIC,17.6,Low,18.1
ORG-01849,small,technology,75,79,4,80.1,82.7,3,45.6,True,True,4,98,True,80.9,48.2,46,True,False,53.2,True,True,41.8,63.5,True,True,40,49,47,19,24,False,8,True,33.6,False,218,True,False,False,107.0,59.0,6,True,0,True,50.0,13.0,False,True,True,0,False,False,SYNTHETIC,44.2,Moderate,44.1
ORG-01850,medium,healthcare,610,982,116,53.1,18.0,26,38.0,False,False,2,116,True,46.6,21.1,49,False,True,37.1,True,False,29.4,21.3,True,True,45,41,69,19,0,False,8,True,11.3,False,190,True,True,False,164.0,79.0,6,False,0,True,52.0,15.0,False,False,True,3,True,False,SYNTHETIC,72.1,High,65.0
ORG-01851,medium,technology,1686,2585,199,64.1,77.5,45,89.2,True,True,4,81,False,60.7,83.7,21,True,True,84.2,True,True,72.0,75.7,True,True,12,22,19,20,12,True,16,True,83.3,True,262,True,True,False,50.0,29.0,6,False,3,True,7.0,12.0,True,False,True,1,False,False,SYNTHETIC,31.5,Moderate,29.0
ORG-01852,medium,retail,2590,4246,269,75.3,0.0,55,57.4,False,False,4,126,False,59.7,58.6,37,True,True,96.3,True,True,56.6,60.0,True,False,51,40,44,24,12,True,0,True,58.3,True,248,True,True,True,68.0,51.0,6,True,6,True,31.0,16.0,False,False,True,3,False,False,SYNTHETIC,41.6,Moderate,42.3
ORG-01853,small,government,39,52,2,99.0,75.9,1,16.8,False,False,2,166,False,8.7,20.0,65,False,False,33.5,True,False,26.8,10.0,False,False,98,57,84,28,0,False,8,True,27.9,False,26,False,False,False,186.0,101.0,12,True,0,False,75.0,25.0,False,True,False,5,True,False,SYNTHETIC,84.2,Critical,77.4
ORG-01854,medium,retail,189,282,19,76.0,32.1,3,69.3,True,True,4,125,False,56.1,64.4,29,True,True,64.7,True,True,33.2,52.0,False,True,32,23,40,21,24,True,24,True,70.5,True,240,True,False,True,118.0,53.0,24,True,1,True,46.0,10.0,True,True,False,2,False,False,SYNTHETIC,32.6,Moderate,33.2
ORG-01855,small,energy,20,25,1,81.5,0.0,2,70.7,True,True,5,83,True,56.3,69.3,20,True,True,81.7,False,True,49.8,95.6,True,True,37,17,26,12,12,True,8,True,65.8,True,299,True,True,False,44.0,4.0,6,False,1,True,15.0,17.0,True,True,True,1,False,False,SYNTHETIC,25.3,Moderate,26.2
ORG-01856,small,healthcare,102,104,4,76.9,70.8,3,55.7,False,False,3,157,True,38.7,41.2,39,True,False,45.1,True,False,21.7,38.5,False,True,36,45,44,19,12,False,0,False,25.6,False,221,False,False,False,119.0,55.0,6,True,3,False,44.0,7.0,True,False,False,0,False,False,SYNTHETIC,60.9,High,61.7
ORG-01857,small,government,13,19,1,48.1,68.1,1,28.4,False,False,2,219,False,0.0,25.5,56,False,False,14.5,True,False,24.8,33.1,False,True,82,52,75,30,24,True,0,True,8.9,True,167,False,False,False,178.0,106.0,24,True,6,False,65.0,15.0,False,False,False,3,False,False,SYNTHETIC,78.8,Critical,79.4
ORG-01858,medium,education,633,762,62,84.4,42.2,16,19.6,False,False,2,154,False,21.2,25.9,44,True,False,22.7,True,False,22.0,62.7,True,False,55,48,43,26,6,False,0,False,29.5,False,134,False,False,False,151.0,111.0,12,False,12,False,43.0,10.0,True,True,False,2,False,False,SYNTHETIC,79.1,Critical,76.3
ORG-01859,large,technology,10515,24048,2867,80.0,5.0,574,100.0,True,True,4,36,True,67.2,99.1,10,True,True,81.1,True,True,85.3,97.1,True,True,17,3,16,8,12,True,16,True,76.5,True,389,True,True,True,26.0,9.0,12,True,0,True,1.0,2.0,True,True,True,0,False,False,SYNTHETIC,8.7,Low,9.4
ORG-01860,medium,technology,988,1760,142,72.7,37.6,31,30.8,False,False,2,167,False,26.8,31.8,52,False,False,28.3,True,False,31.1,29.3,True,False,68,40,32,17,6,True,24,True,17.4,True,94,False,False,True,200.0,82.0,12,True,6,True,63.0,14.0,False,False,False,0,False,False,SYNTHETIC,58.4,High,59.7
ORG-01861,medium,government,183,283,33,35.1,43.9,7,43.1,False,True,3,80,False,71.3,79.8,23,True,False,62.1,True,True,67.3,64.4,True,False,36,34,55,19,6,False,0,False,78.2,False,260,False,False,True,83.0,39.0,6,True,3,True,27.0,9.0,True,True,True,2,False,False,SYNTHETIC,43.1,Moderate,42.4
ORG-01862,small,government,18,20,1,29.9,31.4,5,52.2,True,True,4,79,False,96.8,78.2,27,True,True,82.8,True,True,49.2,82.8,True,True,23,26,37,4,12,False,8,True,84.0,False,361,True,True,True,56.0,9.0,6,True,0,True,20.0,9.0,True,True,False,1,False,False,SYNTHETIC,27.6,Moderate,25.9
ORG-01863,large,retail,3740,7031,677,73.9,29.5,136,52.2,True,True,3,86,True,77.0,42.4,24,True,True,68.1,True,False,33.1,43.6,True,True,60,35,48,10,0,True,24,True,53.5,True,279,True,True,True,84.0,64.0,12,False,6,True,44.0,7.0,True,True,True,0,False,False,SYNTHETIC,39.2,Moderate,37.1
ORG-01864,medium,government,906,1561,125,39.4,9.3,25,65.1,False,False,3,110,True,43.3,57.8,35,True,True,63.5,True,True,37.7,56.2,False,True,30,39,53,18,6,True,8,True,36.0,True,268,True,True,True,76.0,65.0,12,False,12,True,24.0,8.0,True,True,False,2,False,False,SYNTHETIC,47.3,Moderate,46.2
ORG-01865,large,manufacturing,7514,14933,2475,80.7,34.4,496,85.0,True,True,3,64,True,50.7,70.8,22,True,True,77.7,True,True,88.4,89.9,True,True,25,30,25,9,0,True,24,True,85.7,False,326,True,True,True,42.0,50.0,12,True,6,True,11.0,8.0,True,True,False,0,False,False,SYNTHETIC,13.7,Low,15.7
ORG-01866,medium,government,1454,2219,186,20.3,57.2,38,31.3,False,False,3,141,False,24.6,41.1,40,True,False,42.1,True,False,26.0,38.1,False,False,53,48,53,18,12,True,8,True,43.5,True,152,True,False,True,142.0,56.0,6,True,6,False,59.0,20.0,True,False,True,1,True,False,SYNTHETIC,59.7,High,58.7
ORG-01867,small,retail,35,49,2,71.2,63.1,1,16.5,False,False,1,178,False,27.9,20.5,69,True,False,29.7,True,False,7.8,26.2,False,False,88,68,75,25,0,False,16,True,29.1,False,127,False,False,False,181.0,102.0,6,False,12,False,71.0,24.0,False,False,False,1,False,False,SYNTHETIC,96.7,Critical,86.7
ORG-01868,medium,manufacturing,189,273,28,70.7,54.6,6,13.5,False,False,1,170,False,10.3,24.3,59,False,False,27.1,True,False,23.9,29.4,False,False,82,51,70,31,12,False,0,False,31.3,False,122,False,False,True,169.0,121.0,168,False,12,True,59.0,24.0,False,False,False,2,True,False,SYNTHETIC,91.6,Critical,85.6
ORG-01869,small,energy,22,30,2,82.4,53.0,3,87.7,True,True,4,60,True,68.3,91.9,22,True,True,70.0,True,True,75.8,90.2,True,True,18,17,18,5,12,False,0,False,80.0,False,343,True,True,True,1.0,10.0,1,True,6,True,4.0,2.0,True,True,True,0,False,False,SYNTHETIC,20.2,Low,18.1
ORG-01870,small,education,17,19,1,85.3,54.8,3,14.5,False,False,2,163,True,35.6,20.0,39,True,True,37.9,True,False,28.4,35.6,False,True,68,49,48,33,12,False,8,True,35.9,False,169,False,False,False,161.0,103.0,12,False,3,False,56.0,16.0,True,False,False,5,True,True,SYNTHETIC,78.3,Critical,75.8
ORG-01871,medium,healthcare,558,807,82,26.4,56.3,20,48.0,True,True,4,98,True,75.5,41.8,31,False,True,59.3,True,False,59.7,58.7,True,False,38,33,28,23,12,True,16,True,50.1,False,227,True,False,True,68.0,40.0,72,False,6,True,35.0,17.0,False,False,False,1,False,False,SYNTHETIC,45.5,Moderate,44.8
ORG-01872,large,manufacturing,16198,36327,6538,48.5,46.2,1310,4.4,False,False,2,172,True,13.3,20.0,58,False,False,27.9,True,True,21.6,30.6,False,False,79,47,54,32,12,False,16,True,15.6,False,31,False,False,True,159.0,93.0,12,False,0,False,68.0,18.0,False,False,False,1,False,False,SYNTHETIC,90.0,Critical,78.1
ORG-01873,small,healthcare,127,140,3,79.0,36.9,4,63.9,False,False,4,145,True,23.1,48.1,46,False,False,49.2,True,False,25.0,53.3,True,True,69,43,52,30,12,False,8,True,34.3,False,180,True,True,False,69.0,54.0,24,False,6,False,30.0,16.0,False,False,True,1,False,False,SYNTHETIC,65.5,High,64.2
ORG-01874,small,government,16,20,1,100.0,10.5,7,16.8,False,False,3,145,False,35.7,20.0,37,False,False,39.6,True,False,24.1,35.2,True,False,59,50,45,32,6,False,0,False,44.6,False,120,False,False,False,140.0,98.0,24,True,6,False,56.0,13.0,False,False,False,4,True,False,SYNTHETIC,74.7,High,72.8
ORG-01875,medium,education,297,371,19,40.9,22.9,4,75.6,True,True,4,63,True,92.0,70.8,30,True,False,66.0,True,False,77.9,61.7,True,True,22,10,28,18,0,True,0,True,63.5,True,256,True,True,True,53.0,21.0,12,True,6,True,14.0,4.0,True,True,False,1,True,False,SYNTHETIC,26.0,Moderate,27.7
ORG-01876,small,technology,46,52,4,60.9,7.2,3,9.7,False,False,2,186,False,8.1,20.0,68,True,True,10.0,True,False,15.7,29.0,False,False,85,64,66,33,24,False,0,False,8.0,False,108,False,False,False,189.0,102.0,72,False,6,False,60.0,29.0,False,False,False,4,True,False,SYNTHETIC,100.0,Critical,90.0
ORG-01877,small,technology,71,86,3,68.1,42.7,4,17.0,False,False,3,149,False,65.5,40.3,37,False,False,23.4,True,False,10.9,25.5,True,False,85,53,71,28,12,False,0,False,21.5,False,160,False,False,True,156.0,85.0,168,False,12,False,43.0,20.0,False,False,False,1,False,True,SYNTHETIC,94.2,Critical,83.0
ORG-01878,medium,manufacturing,585,985,74,39.3,63.2,20,42.6,False,False,2,133,False,24.7,20.0,49,True,False,10.0,True,False,34.8,28.6,True,False,73,49,79,30,0,False,8,True,0.0,False,107,False,False,False,221.0,86.0,6,True,6,True,62.0,21.0,False,False,False,3,False,False,SYNTHETIC,71.1,High,74.1
ORG-01879,medium,education,842,1227,131,49.4,78.5,27,22.1,False,False,1,209,False,8.8,20.0,59,False,False,10.0,True,False,0.0,10.4,False,False,86,52,93,45,6,False,8,True,17.4,False,56,False,False,False,180.0,110.0,6,False,3,False,61.0,22.0,False,False,False,1,False,False,SYNTHETIC,94.2,Critical,88.1
ORG-01880,medium,government,990,1690,141,78.6,26.4,32,15.3,False,False,3,175,False,13.9,22.7,51,False,False,35.8,True,False,6.2,33.6,False,False,65,46,38,27,12,True,16,True,24.2,True,115,False,False,True,132.0,61.0,1,False,12,False,57.0,20.0,True,False,False,1,True,False,SYNTHETIC,78.0,Critical,73.2
ORG-01881,small,finance,14,15,1,61.8,63.6,3,47.8,False,False,2,115,False,35.1,35.2,47,True,False,34.3,True,True,56.3,27.7,False,False,75,55,37,34,0,False,0,False,26.4,False,176,True,False,True,121.0,78.0,6,False,1,True,57.0,18.0,False,True,True,4,False,False,SYNTHETIC,64.5,High,65.9
ORG-01882,large,manufacturing,16158,29180,5073,90.4,57.5,1015,55.5,False,False,4,90,True,42.4,60.4,32,False,False,53.6,True,False,58.7,59.7,True,False,52,43,27,17,12,True,16,True,55.4,True,213,True,False,False,110.0,55.0,72,False,12,False,51.0,11.0,True,True,True,2,True,False,SYNTHETIC,52.1,High,51.4
ORG-01883,large,manufacturing,5306,12822,1084,90.0,48.5,219,72.9,True,True,3,121,True,54.3,46.8,42,True,True,58.3,True,True,17.1,49.7,True,False,33,36,43,18,12,True,24,True,52.4,True,233,False,False,True,94.0,36.0,12,False,6,False,27.0,7.0,True,True,True,0,False,False,SYNTHETIC,37.9,Moderate,38.3
ORG-01884,small,technology,11,11,1,42.0,0.0,1,73.5,True,True,4,124,True,68.2,68.0,11,True,True,81.0,True,True,77.8,87.6,True,True,17,19,31,11,6,True,0,True,60.6,True,310,True,True,False,65.0,11.0,12,True,6,True,27.0,6.0,True,True,False,0,False,False,SYNTHETIC,23.6,Low,23.0
ORG-01885,small,technology,36,40,1,72.3,57.8,7,26.7,False,False,2,165,False,0.0,24.4,59,False,False,31.7,True,False,11.4,44.9,False,False,88,47,64,34,12,False,8,True,25.7,False,139,True,False,False,126.0,60.0,24,False,12,False,53.0,22.0,False,True,False,0,False,False,SYNTHETIC,83.9,Critical,81.6
ORG-01886,medium,healthcare,1703,2975,265,64.0,43.0,54,30.8,False,False,3,137,False,35.6,62.3,38,True,True,37.6,True,True,72.0,56.4,False,False,32,34,42,13,0,True,16,True,52.0,False,174,True,True,True,98.0,48.0,6,True,3,False,38.0,18.0,False,True,False,4,True,False,SYNTHETIC,43.5,Moderate,45.6
ORG-01887,small,manufacturing,14,14,1,89.1,51.3,1,44.0,False,False,2,114,True,34.6,40.9,26,True,True,53.2,True,False,51.0,46.7,True,False,39,44,32,22,6,False,8,True,43.3,False,244,False,False,False,110.0,64.0,12,False,3,False,28.0,14.0,True,True,True,1,False,True,SYNTHETIC,58.5,High,58.0
ORG-01888,small,energy,111,113,5,54.8,7.8,2,36.5,False,False,1,173,False,14.3,43.1,55,False,False,38.4,True,False,22.7,47.5,False,False,54,49,42,16,12,True,0,True,31.8,True,117,True,False,False,110.0,76.0,12,True,6,False,58.0,18.0,False,True,False,4,False,False,SYNTHETIC,64.8,High,63.9
ORG-01889,small,healthcare,120,127,7,78.9,47.9,5,50.0,False,False,3,69,True,27.7,58.5,40,False,False,50.0,True,True,43.4,54.9,True,False,79,33,42,13,12,True,0,True,49.0,True,232,False,False,False,103.0,78.0,12,True,3,True,33.0,13.0,False,True,False,0,False,False,SYNTHETIC,46.8,Moderate,47.9
ORG-01890,small,energy,42,48,3,43.0,22.5,5,14.4,False,False,2,158,False,16.7,20.0,57,True,False,19.3,True,False,0.2,40.8,False,False,84,57,49,31,0,False,0,False,18.3,False,98,False,False,True,174.0,107.0,6,False,6,False,75.0,24.0,True,True,False,3,True,False,SYNTHETIC,91.1,Critical,80.5
ORG-01891,medium,healthcare,1377,1847,147,76.0,33.6,33,46.1,False,False,3,125,True,37.2,44.6,38,True,False,71.9,False,True,58.2,66.3,True,True,42,40,36,21,12,True,24,True,44.7,True,265,False,False,False,104.0,75.0,24,False,6,True,31.0,11.0,False,False,True,2,False,False,SYNTHETIC,53.9,High,53.1
ORG-01892,medium,manufacturing,724,980,85,45.2,13.7,17,37.9,False,True,3,137,True,67.9,61.4,27,True,True,56.2,True,True,32.3,51.8,True,True,27,39,32,17,12,False,0,False,50.3,False,195,False,False,False,118.0,38.0,12,True,1,True,39.0,11.0,True,True,True,3,False,False,SYNTHETIC,43.8,Moderate,41.4
ORG-01893,large,retail,3995,7330,1080,85.5,45.7,219,86.9,True,True,4,86,True,97.0,79.9,14,True,True,70.3,True,True,57.3,93.8,True,True,41,18,38,14,12,True,16,True,82.0,True,322,True,True,True,35.0,11.0,24,True,1,True,14.0,4.0,True,True,False,0,False,False,SYNTHETIC,20.2,Low,18.3
ORG-01894,large,energy,13926,24262,3520,50.2,46.1,705,100.0,True,True,4,70,True,78.3,75.1,16,True,True,100.0,True,True,83.9,100.0,True,True,1,4,2,5,12,True,16,True,87.4,True,410,True,True,True,27.0,18.0,24,True,3,True,11.0,3.0,True,True,True,0,False,False,SYNTHETIC,6.8,Low,6.7
ORG-01895,small,education,11,14,1,49.5,63.2,5,24.9,False,False,2,235,False,0.0,20.0,61,False,False,13.4,True,False,14.7,23.3,True,False,103,62,88,31,6,False,8,True,16.7,False,45,False,False,True,198.0,148.0,1,False,12,False,73.0,26.0,True,False,False,2,False,False,SYNTHETIC,88.9,Critical,82.3
ORG-01896,medium,education,595,806,88,15.0,59.6,19,50.8,False,False,3,120,False,40.0,44.9,31,True,True,76.4,True,True,44.2,65.0,False,True,38,35,29,17,12,False,8,True,63.1,False,195,False,False,False,90.0,47.0,24,True,6,False,33.0,17.0,False,False,False,0,False,False,SYNTHETIC,55.8,High,55.2
ORG-01897,medium,energy,456,778,58,55.6,53.6,14,95.6,True,True,4,67,True,100.0,93.0,4,True,True,88.1,True,True,53.9,95.4,True,True,35,16,22,10,24,True,8,True,86.1,True,310,True,True,True,65.0,26.0,6,True,1,True,20.0,13.0,True,True,True,1,True,False,SYNTHETIC,17.6,Low,15.6
ORG-01898,medium,education,76,104,8,95.0,29.4,3,43.7,False,True,4,99,True,49.9,50.5,37,False,True,47.7,True,False,54.5,49.1,True,True,42,40,28,23,6,False,0,False,46.8,False,246,True,True,True,119.0,56.0,6,False,12,False,40.0,14.0,True,True,False,1,False,True,SYNTHETIC,53.3,High,52.4
ORG-01899,medium,finance,321,472,28,62.5,53.5,6,74.8,True,True,3,106,True,19.3,65.5,26,True,False,56.7,True,False,66.4,66.3,True,True,42,43,42,10,24,True,24,True,56.0,False,238,False,False,True,132.0,55.0,24,True,6,False,39.0,12.0,True,True,False,0,False,False,SYNTHETIC,34.6,Moderate,37.4
ORG-01900,small,technology,42,52,1,79.1,12.1,2,28.6,False,False,3,182,False,27.7,20.0,58,True,True,25.7,True,False,32.9,35.4,False,True,82,57,63,24,0,True,0,True,20.9,True,78,False,False,True,201.0,98.0,1,True,3,True,41.0,26.0,False,False,False,3,False,False,SYNTHETIC,69.1,High,67.3
ORG-01901,large,government,10308,22321,2367,95.0,13.2,475,100.0,True,True,5,56,True,81.3,97.0,9,True,True,91.6,True,True,77.1,100.0,True,True,1,3,16,1,6,True,8,True,95.1,True,415,True,True,True,32.0,8.0,1,True,3,True,1.0,0.5,True,True,True,0,False,False,SYNTHETIC,7.4,Low,5.6
ORG-01902,small,energy,45,65,3,86.3,31.5,5,49.7,False,False,2,143,False,29.8,37.2,53,False,False,61.3,True,False,24.9,44.7,True,False,61,38,67,22,12,True,0,True,48.1,True,145,False,False,False,162.0,46.0,6,True,6,True,45.0,21.0,False,False,False,1,False,False,SYNTHETIC,63.5,High,63.1
ORG-01903,small,finance,13,15,1,50.3,57.9,3,56.3,False,False,3,138,True,47.6,55.2,51,False,True,48.0,True,True,72.1,37.2,False,True,48,37,67,29,12,True,0,True,44.8,True,193,False,False,False,101.0,70.0,6,False,0,False,38.0,12.0,False,True,True,0,False,False,SYNTHETIC,61.2,High,60.5
ORG-01904,large,education,15403,35879,6240,85.5,38.0,1248,54.8,False,False,5,23,True,57.4,65.8,25,False,True,82.9,True,True,74.0,71.4,True,True,34,41,31,19,6,True,24,True,76.7,True,295,True,True,True,57.0,29.0,6,True,6,True,24.0,8.0,True,True,False,3,False,False,SYNTHETIC,25.0,Moderate,26.7
ORG-01905,medium,technology,1484,2643,258,42.9,3.3,52,49.7,True,True,3,92,False,87.2,47.6,36,True,False,56.9,True,True,65.0,65.2,False,True,36,55,30,18,12,True,16,True,55.8,True,249,True,False,False,120.0,56.0,1,False,0,True,35.0,12.0,False,False,True,1,False,False,SYNTHETIC,48.3,Moderate,48.0
ORG-01906,large,manufacturing,3380,7210,1272,60.4,12.9,256,31.3,False,False,1,178,False,20.6,23.2,70,False,False,26.5,True,False,13.9,37.9,True,False,79,59,46,23,6,False,16,True,26.2,False,108,False,False,False,155.0,99.0,12,False,1,False,56.0,23.0,True,False,False,4,False,False,SYNTHETIC,79.7,Critical,75.1
ORG-01907,medium,manufacturing,455,615,62,49.6,6.1,12,39.7,False,False,3,122,False,51.6,33.3,26,True,True,46.1,True,False,32.7,55.1,True,False,55,29,62,20,0,True,8,True,32.8,True,178,False,False,True,124.0,65.0,72,True,12,True,39.0,16.0,True,False,False,2,True,False,SYNTHETIC,57.1,High,56.4
ORG-01908,medium,retail,622,746,81,58.5,21.4,19,7.9,False,False,1,190,False,11.0,25.6,57,False,False,19.1,True,False,21.5,26.3,False,False,61,41,63,34,12,True,0,True,4.6,True,127,False,False,False,172.0,125.0,24,True,0,False,61.0,20.0,True,False,False,2,True,False,SYNTHETIC,81.0,Critical,76.0
ORG-01909,medium,finance,257,374,28,58.8,82.2,9,68.9,True,True,4,80,True,68.6,47.0,36,True,True,62.3,True,True,54.1,56.3,True,True,28,38,22,11,12,False,8,True,51.5,False,301,True,True,False,82.0,51.0,6,True,6,True,32.0,6.0,False,True,False,1,True,False,SYNTHETIC,36.5,Moderate,32.8
ORG-01910,medium,government,1682,3002,336,66.9,37.5,69,40.4,True,True,3,130,False,58.7,35.5,45,False,False,55.4,True,False,72.0,55.2,True,True,44,28,27,23,0,True,8,True,45.6,True,229,False,False,True,70.0,49.0,1,False,6,True,34.0,16.0,True,True,True,4,False,True,SYNTHETIC,50.9,High,47.7
ORG-01911,medium,finance,795,1290,131,74.8,31.8,30,46.3,False,False,2,131,True,60.4,45.2,55,False,False,50.3,True,True,24.7,60.2,True,True,51,38,43,21,0,True,0,True,67.1,True,204,True,False,True,111.0,83.0,12,True,3,True,55.0,15.0,True,False,True,0,False,False,SYNTHETIC,41.0,Moderate,43.4
ORG-01912,small,energy,266,397,14,61.2,62.2,2,69.6,True,True,4,71,True,66.7,70.8,22,True,True,78.7,True,True,72.8,73.7,True,True,22,21,15,16,12,True,8,True,77.3,False,257,True,True,False,44.0,36.0,1,True,3,True,16.0,7.0,True,True,True,1,False,False,SYNTHETIC,20.3,Low,19.8
ORG-01913,medium,healthcare,324,510,50,31.8,45.8,14,99.8,True,True,4,102,False,72.3,70.6,22,False,True,72.4,True,False,63.0,95.1,True,True,32,28,22,7,12,True,24,True,70.0,True,308,True,True,True,58.0,37.0,12,True,3,False,23.0,12.0,True,True,False,0,False,False,SYNTHETIC,24.5,Low,23.5
ORG-01914,medium,retail,302,473,25,67.4,0.0,12,52.2,False,True,3,91,True,70.2,49.6,38,True,False,72.7,True,True,60.0,67.0,True,False,49,38,53,13,12,True,0,True,60.7,True,268,False,False,False,118.0,72.0,12,True,6,True,28.0,10.0,False,False,True,3,True,False,SYNTHETIC,46.9,Moderate,44.8
ORG-01915,medium,manufacturing,611,1014,72,20.7,60.4,18,0.0,False,False,2,195,False,36.2,20.0,50,False,False,37.1,True,False,7.2,42.7,False,False,68,61,69,39,12,True,8,True,33.1,True,84,False,False,True,160.0,103.0,6,False,3,False,71.0,22.0,False,False,False,0,False,False,SYNTHETIC,85.9,Critical,81.3
ORG-01916,small,retail,22,25,1,96.6,33.9,4,39.6,False,False,3,136,False,72.9,43.7,43,True,False,54.3,True,True,39.0,73.1,True,True,51,34,47,17,12,False,0,False,48.1,False,223,False,False,False,110.0,70.0,1,True,6,True,37.0,10.0,True,True,True,1,False,False,SYNTHETIC,52.5,High,53.2
ORG-01917,small,healthcare,70,99,4,17.1,30.5,2,15.6,False,False,3,139,False,26.2,33.7,33,True,False,51.7,True,False,36.6,41.5,True,True,53,42,60,26,12,True,0,True,16.9,True,151,True,True,False,145.0,77.0,72,False,3,False,45.0,17.0,False,False,False,3,False,False,SYNTHETIC,85.4,Critical,72.7
ORG-01918,medium,energy,1126,1496,158,53.2,84.8,32,77.9,True,True,4,43,True,52.7,73.0,10,True,True,75.4,True,True,69.7,86.0,True,True,13,28,2,7,12,True,8,True,75.5,True,297,True,True,False,58.0,34.0,12,True,6,True,15.0,0.5,False,True,False,1,True,False,SYNTHETIC,22.2,Low,20.7
ORG-01919,small,manufacturing,16,19,1,62.0,25.0,4,20.5,False,False,2,159,False,64.2,45.6,57,False,True,15.6,True,True,28.6,71.0,False,False,75,50,45,17,6,True,0,True,29.5,True,157,False,False,False,128.0,94.0,168,False,12,False,51.0,8.0,False,False,False,4,True,True,SYNTHETIC,72.6,High,72.8
ORG-01920,small,energy,13,17,1,69.2,58.5,3,51.1,True,True,3,106,True,50.3,50.9,34,False,True,54.5,True,False,45.4,27.8,True,False,63,48,46,11,12,True,0,True,36.2,True,211,False,False,False,110.0,70.0,1,True,6,False,67.0,15.0,False,True,True,1,True,False,SYNTHETIC,50.6,High,47.4
ORG-01921,large,energy,12049,22614,3255,57.2,59.1,652,56.2,True,True,5,49,True,81.5,81.8,22,True,True,87.6,True,True,97.6,91.7,False,True,34,18,15,6,6,True,16,True,68.9,True,314,False,False,True,56.0,13.0,12,True,12,True,11.0,5.0,True,True,False,0,False,False,SYNTHETIC,22.3,Low,22.9
ORG-01922,small,education,33,40,3,73.0,27.7,4,8.4,False,False,1,181,False,13.5,20.0,58,False,False,27.0,True,False,12.7,22.3,False,False,81,58,73,34,6,False,8,True,17.1,False,97,False,False,False,213.0,128.0,12,False,1,False,59.0,20.0,False,False,False,2,False,False,SYNTHETIC,99.2,Critical,87.1
ORG-01923,large,government,22985,45608,4175,60.8,36.9,837,71.2,True,True,5,60,True,51.4,65.2,10,True,True,98.3,True,True,87.9,77.0,True,True,11,15,6,1,6,True,24,True,65.6,True,291,True,True,True,8.0,28.0,12,True,0,True,9.0,7.0,True,True,True,1,True,False,SYNTHETIC,10.0,Low,8.9
ORG-01924,small,government,49,57,2,60.4,19.6,1,32.4,False,False,2,186,False,0.0,31.3,63,False,False,35.5,True,False,18.2,42.0,True,False,63,60,46,21,12,True,24,True,26.9,True,130,False,False,False,205.0,101.0,12,False,1,False,46.0,22.0,False,False,False,2,False,False,SYNTHETIC,77.7,Critical,71.4
ORG-01925,medium,manufacturing,1525,2572,195,47.2,34.3,41,33.2,False,False,3,146,True,72.3,46.5,40,False,False,39.1,True,True,23.2,38.0,True,False,63,51,57,24,0,True,24,True,35.8,False,129,False,False,False,133.0,90.0,12,False,3,False,47.0,11.0,False,True,False,2,False,False,SYNTHETIC,60.4,High,61.3
ORG-01926,small,finance,22,23,1,68.9,0.0,4,0.0,False,False,3,158,False,9.2,30.7,50,True,False,49.3,True,False,19.4,22.9,True,False,84,42,86,27,12,True,0,True,29.4,False,143,False,False,False,169.0,90.0,12,False,0,True,61.0,18.0,False,False,False,2,True,False,SYNTHETIC,85.8,Critical,77.2
ORG-01927,medium,government,1220,1710,121,30.6,6.7,26,83.8,True,True,3,113,False,46.3,78.3,18,True,True,67.9,True,True,55.2,95.8,True,True,39,26,17,8,12,True,0,True,66.5,False,292,True,True,True,60.0,53.0,1,True,6,True,31.0,7.0,False,True,False,0,False,False,SYNTHETIC,27.3,Moderate,26.9
ORG-01928,medium,government,1832,2854,275,47.4,0.0,58,100.0,True,True,4,44,True,72.7,87.9,14,True,True,71.6,True,True,92.3,64.2,True,True,22,23,21,1,6,True,8,True,95.5,True,266,True,True,True,41.0,36.0,6,True,6,True,20.0,5.0,True,True,True,0,False,False,SYNTHETIC,12.3,Low,11.3
ORG-01929,medium,energy,1880,2384,212,58.4,25.5,43,3.2,False,False,2,162,True,41.9,23.2,44,False,True,27.2,True,False,0.0,50.6,False,False,89,62,66,25,6,False,8,True,38.9,False,109,False,False,False,162.0,112.0,72,False,12,False,52.0,24.0,False,False,False,2,True,False,SYNTHETIC,87.1,Critical,81.6
ORG-01930,medium,retail,293,358,30,87.2,20.8,7,78.3,True,True,4,50,True,45.3,50.8,19,True,True,64.9,True,False,56.0,72.0,True,True,14,25,25,13,12,False,8,True,78.6,False,264,True,True,True,66.0,42.0,12,True,0,True,12.0,9.0,True,False,False,0,False,False,SYNTHETIC,27.1,Moderate,29.2
ORG-01931,medium,finance,236,424,28,42.5,39.2,9,21.3,False,False,4,152,False,31.6,33.6,38,False,False,40.0,True,True,33.1,77.6,False,True,58,38,44,12,12,False,8,True,40.5,False,147,False,False,True,95.0,78.0,168,True,6,False,51.0,14.0,True,True,False,5,True,False,SYNTHETIC,55.9,High,57.6
ORG-01932,small,energy,28,36,1,65.1,63.8,3,40.1,False,False,3,182,False,33.2,35.8,38,False,False,14.2,True,False,25.0,39.4,False,True,75,40,47,28,24,True,0,True,30.4,True,135,False,False,False,140.0,68.0,6,True,1,False,51.0,19.0,False,False,False,0,False,False,SYNTHETIC,71.3,High,71.8
ORG-01933,medium,manufacturing,411,506,33,84.6,57.6,8,54.7,False,False,3,152,True,15.8,41.0,41,True,False,40.4,True,True,18.4,44.8,False,True,39,32,51,13,12,False,16,True,34.0,False,154,False,False,False,131.0,84.0,72,True,6,True,51.0,15.0,False,True,False,1,False,False,SYNTHETIC,58.6,High,56.1
ORG-01934,medium,healthcare,193,290,28,21.2,53.6,7,41.0,True,True,3,127,True,72.7,50.2,37,True,True,72.1,True,False,80.4,50.1,True,True,59,36,31,26,12,True,8,True,67.2,True,185,True,False,False,115.0,72.0,12,False,12,False,35.0,19.0,True,True,True,0,False,False,SYNTHETIC,46.3,Moderate,47.5
ORG-01935,large,manufacturing,6550,10808,1635,43.8,50.5,329,63.0,True,True,4,135,False,53.3,51.4,32,False,False,58.2,True,True,36.9,66.7,True,True,54,36,42,8,12,True,24,True,63.4,True,242,False,False,True,144.0,44.0,24,False,6,True,32.0,9.0,False,False,True,0,False,False,SYNTHETIC,40.2,Moderate,43.5
ORG-01936,medium,government,777,1073,96,33.0,67.1,23,37.8,True,True,4,89,True,77.1,66.1,28,True,True,73.2,True,False,61.3,64.0,False,False,42,32,47,16,6,False,8,True,60.1,False,246,False,False,True,80.0,55.0,1,True,1,False,49.0,12.0,True,True,True,2,True,False,SYNTHETIC,38.8,Moderate,42.4
ORG-01937,small,energy,21,30,1,80.0,16.1,6,36.5,False,False,3,136,False,39.9,40.1,48,False,True,46.0,True,False,2.7,58.6,False,True,82,42,28,29,24,False,8,True,27.0,False,170,True,True,False,94.0,66.0,6,False,3,False,37.0,14.0,True,False,False,3,False,False,SYNTHETIC,68.1,High,69.8
ORG-01938,small,finance,47,61,1,50.6,10.8,3,45.6,False,False,3,167,False,34.2,31.8,48,False,False,58.9,True,True,56.3,43.6,False,False,57,42,49,24,0,False,0,False,39.1,False,217,True,False,False,165.0,60.0,6,True,12,False,54.0,16.0,False,False,False,3,False,False,SYNTHETIC,65.7,High,65.2
ORG-01939,medium,retail,445,714,83,57.2,44.4,21,69.6,True,True,4,111,True,68.9,72.5,33,True,True,71.4,True,True,54.1,61.1,True,True,30,25,32,14,12,True,16,True,38.3,True,199,True,False,True,102.0,39.0,1,True,6,True,32.0,12.0,True,False,True,0,False,False,SYNTHETIC,26.0,Moderate,27.0
ORG-01940,small,energy,51,58,2,43.7,30.3,7,29.2,False,False,3,123,True,33.5,58.0,36,True,True,60.6,True,True,55.0,48.9,True,True,63,34,47,17,12,False,0,False,32.9,False,220,False,False,False,133.0,98.0,12,True,6,True,46.0,14.0,True,False,False,3,True,False,SYNTHETIC,54.8,High,54.4
ORG-01941,small,manufacturing,9,9,1,83.7,0.0,4,35.4,False,False,2,208,False,17.6,22.4,46,False,False,10.0,True,False,20.4,26.8,False,True,89,72,74,43,6,True,0,True,16.0,True,133,False,False,False,176.0,87.0,6,True,3,True,66.0,20.0,False,False,False,3,False,False,SYNTHETIC,72.5,High,73.2
ORG-01942,medium,manufacturing,605,923,48,65.4,57.6,10,70.4,True,True,4,60,True,26.2,79.1,27,True,True,69.3,True,True,66.0,67.9,True,True,25,37,9,16,0,True,24,True,75.0,True,292,True,False,True,56.0,37.0,1,True,3,True,13.0,12.0,True,True,True,1,True,False,SYNTHETIC,16.0,Low,16.5
ORG-01943,small,education,30,34,1,46.9,79.9,4,0.0,False,False,2,178,False,11.9,20.0,56,False,False,18.8,True,False,13.1,26.4,False,False,83,59,82,31,0,False,0,False,23.2,False,25,False,False,True,168.0,110.0,6,False,3,False,65.0,23.0,False,True,False,2,False,True,SYNTHETIC,98.7,Critical,85.3
ORG-01944,large,energy,25257,47039,6121,73.1,64.4,1229,92.6,True,True,4,78,True,64.2,83.8,26,True,True,77.7,True,False,100.0,88.8,True,True,19,31,24,7,0,True,24,True,52.0,False,339,True,True,True,46.0,1.0,1,True,1,True,14.0,6.0,True,True,False,1,False,False,SYNTHETIC,15.8,Low,17.1
ORG-01945,medium,finance,672,1039,119,92.8,24.4,24,57.6,False,True,3,112,True,68.1,67.7,18,True,True,74.6,True,True,74.2,91.2,True,True,20,25,12,7,0,True,8,True,68.0,True,293,True,True,True,52.0,28.0,12,True,12,True,22.0,12.0,True,True,True,2,False,False,SYNTHETIC,25.8,Moderate,22.3
ORG-01946,medium,energy,1313,2351,235,55.1,49.9,49,84.4,True,True,4,109,True,98.5,66.5,25,True,True,79.8,True,True,71.2,80.6,True,True,20,32,15,18,6,True,8,True,91.1,False,281,True,True,True,68.0,38.0,12,True,12,False,18.0,0.5,True,True,True,1,False,False,SYNTHETIC,19.3,Low,20.1
ORG-01947,large,retail,14964,27588,2508,88.7,33.0,504,100.0,True,True,4,91,True,47.4,75.6,31,True,True,75.7,True,False,65.1,87.4,True,False,32,18,2,5,12,False,24,True,72.6,False,277,True,True,True,90.0,40.0,12,True,3,True,23.0,7.0,True,True,True,3,True,False,SYNTHETIC,19.8,Low,18.5
ORG-01948,large,healthcare,13097,22568,2801,63.3,28.6,564,69.3,True,True,4,82,True,62.8,75.4,21,True,True,62.8,True,True,58.8,80.2,True,True,19,24,24,13,12,True,24,True,81.4,True,308,True,True,False,101.0,29.0,6,True,12,True,30.0,7.0,True,True,True,1,True,False,SYNTHETIC,21.5,Low,21.6
ORG-01949,small,government,49,60,3,88.9,42.9,4,56.6,False,True,4,124,True,52.5,55.5,26,True,True,87.4,True,True,89.1,72.2,True,True,34,30,29,20,0,False,8,True,57.5,False,360,True,False,False,24.0,12.0,24,False,6,True,9.0,16.0,True,False,False,0,False,False,SYNTHETIC,40.8,Moderate,41.9
ORG-01950,medium,energy,866,1111,115,56.4,42.6,23,67.5,True,True,4,104,True,43.4,39.4,23,False,True,84.9,False,True,100.0,72.0,True,True,30,30,27,16,12,True,8,True,65.4,True,332,True,True,False,98.0,46.0,12,False,6,True,21.0,2.0,True,True,True,0,False,False,SYNTHETIC,31.5,Moderate,31.0
ORG-01951,small,energy,27,31,2,76.9,48.3,2,45.9,False,False,1,129,False,41.9,39.6,36,True,True,49.8,True,False,53.5,57.3,False,False,60,58,40,25,6,False,0,False,11.0,False,159,False,False,False,101.0,79.0,12,False,12,False,37.0,23.0,True,True,True,1,True,False,SYNTHETIC,68.4,High,72.6
ORG-01952,small,manufacturing,143,143,8,81.8,22.9,6,11.5,False,False,2,202,False,9.5,20.0,66,False,False,31.0,True,False,34.0,24.8,False,False,85,59,86,26,24,False,0,False,0.0,False,44,False,False,False,175.0,124.0,12,False,3,False,83.0,28.0,False,False,False,0,False,False,SYNTHETIC,100.0,Critical,90.6
ORG-01953,small,healthcare,26,33,1,44.3,12.1,1,14.3,False,False,2,204,True,11.0,20.7,46,False,False,16.0,True,False,0.0,46.9,True,False,98,56,69,25,12,False,8,True,21.9,False,116,False,False,False,171.0,103.0,12,True,12,True,70.0,26.0,True,False,False,5,True,False,SYNTHETIC,74.7,High,71.1
ORG-01954,medium,retail,1186,1784,134,68.5,24.5,28,32.1,False,False,3,145,True,38.8,38.4,49,False,False,29.6,True,True,18.9,50.2,True,False,94,49,26,21,12,False,8,True,24.7,False,179,False,False,True,156.0,86.0,168,True,12,False,44.0,17.0,False,False,False,1,True,False,SYNTHETIC,61.4,High,61.5
ORG-01955,small,government,403,487,21,71.7,43.1,6,12.5,False,False,2,147,False,11.0,20.0,62,True,False,17.8,True,False,0.0,37.2,False,True,71,53,66,23,12,False,0,False,28.9,False,165,False,False,False,188.0,83.0,24,True,3,False,63.0,22.0,False,True,False,1,True,False,SYNTHETIC,81.9,Critical,76.9
ORG-01956,medium,healthcare,1282,2082,237,32.0,2.2,49,54.2,False,False,3,118,True,33.9,61.1,32,True,False,52.9,True,False,52.6,62.0,False,False,36,41,26,22,0,True,16,True,61.6,False,197,False,False,False,98.0,51.0,12,True,1,False,46.0,10.0,True,True,False,0,False,False,SYNTHETIC,44.8,Moderate,47.4
ORG-01957,medium,finance,177,227,13,53.8,22.6,5,85.6,True,True,4,35,True,84.6,78.1,26,True,True,91.1,True,True,92.1,90.1,True,True,18,13,20,5,6,True,16,True,73.4,True,317,True,True,True,44.0,16.0,6,True,6,True,12.0,3.0,True,True,True,0,False,False,SYNTHETIC,12.8,Low,12.3
ORG-01958,large,finance,14793,30693,3585,73.0,37.1,718,73.8,False,False,3,65,True,92.1,80.1,30,True,True,94.4,True,True,60.2,63.2,True,False,24,23,21,6,12,True,24,True,77.4,True,322,True,True,False,30.0,5.0,24,False,6,True,2.0,1.0,True,False,False,2,False,False,SYNTHETIC,32.2,Moderate,32.1
ORG-01959,small,finance,31,34,1,76.0,0.0,2,15.9,False,False,1,160,False,18.8,20.0,56,False,False,22.8,True,False,22.6,28.8,True,False,86,68,58,24,12,True,0,True,1.0,True,82,False,False,False,172.0,91.0,6,False,1,False,74.0,17.0,False,False,False,3,False,True,SYNTHETIC,94.6,Critical,83.0
ORG-01960,medium,technology,490,780,80,68.8,30.7,18,28.2,False,False,2,207,False,5.1,22.6,51,False,False,25.3,True,False,27.3,37.6,True,False,69,57,67,26,24,False,16,True,42.1,False,127,False,False,False,127.0,92.0,6,False,6,False,64.0,21.0,False,True,False,4,True,True,SYNTHETIC,76.3,Critical,79.0
ORG-01961,large,retail,11376,23494,4409,79.3,68.6,886,46.7,False,False,4,101,False,77.6,41.5,21,True,True,49.6,True,True,26.9,70.3,False,False,63,32,60,20,6,True,24,True,28.6,True,174,False,False,True,99.0,52.0,6,True,12,False,40.0,18.0,True,True,True,1,True,False,SYNTHETIC,50.7,High,51.0
ORG-01962,small,government,14,14,1,74.5,19.9,2,13.0,False,False,2,160,False,34.8,20.4,52,False,True,17.6,True,False,30.2,28.3,True,False,74,58,57,24,6,False,8,True,26.1,False,60,False,False,True,162.0,94.0,6,False,3,False,59.0,22.0,False,True,False,3,True,False,SYNTHETIC,85.9,Critical,76.3
ORG-01963,large,government,7706,19004,1896,89.7,44.2,385,100.0,True,True,4,60,True,69.2,80.7,25,True,True,70.0,True,True,67.2,85.5,True,True,15,16,11,5,6,True,0,True,62.9,True,300,True,True,False,33.0,36.0,24,True,6,True,11.0,7.0,True,False,True,0,False,False,SYNTHETIC,19.2,Low,18.4
ORG-01964,medium,retail,494,757,63,77.5,21.4,14,44.5,False,False,4,101,True,59.0,41.2,21,False,True,64.1,True,True,50.6,71.0,True,True,37,28,32,12,12,True,16,True,76.6,True,264,True,True,False,112.0,55.0,12,True,12,True,37.0,2.0,False,True,False,0,False,False,SYNTHETIC,40.0,Moderate,37.7
ORG-01965,large,technology,16935,33296,4644,67.1,28.5,928,82.4,True,True,5,65,True,60.9,97.1,15,True,True,91.7,True,True,83.2,100.0,True,True,30,14,25,19,12,True,16,True,88.6,True,342,True,True,True,29.0,1.0,6,True,6,True,8.0,5.0,True,True,True,1,True,False,SYNTHETIC,14.9,Low,14.5
ORG-01966,medium,government,722,903,95,40.8,0.1,25,70.2,True,True,4,121,False,66.8,40.2,34,False,True,73.3,True,False,52.4,84.4,True,False,35,42,35,18,24,True,0,True,53.0,True,235,False,False,False,88.0,71.0,1,True,3,True,36.0,15.0,True,False,False,0,False,False,SYNTHETIC,42.6,Moderate,42.6
ORG-01967,small,education,62,75,4,74.2,0.0,2,25.2,False,False,2,174,False,26.3,39.7,53,False,True,27.9,False,False,33.2,21.3,False,False,83,58,68,33,24,True,8,True,0.0,True,60,False,False,False,169.0,96.0,12,False,6,False,53.0,21.0,True,False,False,3,False,False,SYNTHETIC,84.2,Critical,80.9
ORG-01968,medium,technology,786,1329,136,42.8,34.5,30,45.4,False,False,2,174,True,34.1,35.0,56,True,False,40.4,False,True,36.5,49.6,False,True,80,44,33,21,0,False,8,True,69.7,False,191,True,False,False,143.0,79.0,12,False,12,True,46.0,17.0,False,False,True,0,False,False,SYNTHETIC,60.2,High,62.3
ORG-01969,medium,technology,372,577,32,39.4,45.4,7,44.4,False,False,2,109,True,26.7,30.2,47,False,False,25.1,True,False,50.1,56.4,True,False,67,37,48,21,12,False,16,True,41.0,False,219,False,False,True,140.0,58.0,12,True,3,False,36.0,16.0,True,True,False,3,True,False,SYNTHETIC,54.5,High,55.8
ORG-01970,small,finance,30,36,2,74.1,36.3,6,8.6,False,False,2,154,False,53.3,35.1,57,False,False,40.0,True,False,11.3,49.8,True,False,71,41,63,25,0,False,0,False,33.4,False,211,False,False,True,121.0,104.0,12,False,6,True,48.0,17.0,False,True,False,1,False,False,SYNTHETIC,80.7,Critical,74.7
ORG-01971,medium,manufacturing,382,546,37,66.9,13.4,13,47.5,False,False,3,117,False,25.5,22.6,56,False,False,41.2,True,True,64.7,41.4,False,True,61,46,49,19,0,False,16,True,48.2,False,169,True,False,False,109.0,62.0,1,False,1,False,50.0,17.0,False,True,False,2,True,False,SYNTHETIC,65.1,High,64.6
ORG-01972,medium,education,1294,1663,120,69.1,55.1,29,62.9,True,True,4,67,True,56.2,68.8,35,False,True,71.3,True,True,93.7,63.1,True,False,37,17,21,9,12,True,8,True,61.9,True,294,False,False,True,20.0,36.0,24,True,6,True,23.0,6.0,True,True,True,1,True,False,SYNTHETIC,22.0,Low,23.4
ORG-01973,small,retail,38,52,2,34.8,0.3,1,9.5,False,False,2,185,False,32.5,20.0,50,False,False,40.6,True,False,43.6,29.1,False,True,87,43,71,30,24,False,0,False,29.6,False,102,False,False,False,162.0,76.0,6,False,6,True,58.0,20.0,False,True,True,5,False,False,SYNTHETIC,94.4,Critical,82.7
ORG-01974,medium,healthcare,420,746,42,38.9,50.4,13,22.8,False,False,2,132,True,38.3,29.4,59,True,False,38.3,True,True,59.6,42.4,False,True,71,34,75,24,24,True,8,True,0.5,False,140,False,False,False,139.0,69.0,72,False,3,False,41.0,15.0,False,False,True,3,True,True,SYNTHETIC,77.1,Critical,72.3
ORG-01975,small,finance,43,45,1,73.7,12.4,3,60.3,True,True,3,141,True,46.3,32.6,37,True,True,53.1,True,False,34.9,70.7,False,True,77,39,44,15,12,True,0,True,44.4,False,229,True,True,False,69.0,47.0,1,True,6,True,48.0,11.0,True,False,False,3,True,False,SYNTHETIC,43.3,Moderate,42.8
ORG-01976,medium,manufacturing,1183,1912,196,30.6,23.8,41,52.5,False,False,1,128,True,19.8,34.4,56,False,False,35.0,True,False,19.1,36.2,True,False,76,54,58,26,0,False,16,True,44.5,False,172,False,False,False,182.0,85.0,24,True,3,True,48.0,13.0,False,False,False,1,True,False,SYNTHETIC,60.8,High,63.8
ORG-01977,large,retail,17041,40287,4748,64.1,43.1,951,69.6,True,True,4,132,False,62.6,66.8,24,False,True,76.1,True,True,30.7,61.9,True,True,47,32,28,14,6,True,24,True,50.6,True,261,True,True,False,84.0,52.0,12,True,3,True,21.0,13.0,False,False,False,1,True,False,SYNTHETIC,32.1,Moderate,31.2
ORG-01978,large,energy,14475,32815,4034,66.0,58.0,807,100.0,True,True,5,52,True,100.0,84.5,16,True,True,96.1,True,True,100.0,100.0,True,True,1,15,5,11,6,True,16,True,83.4,True,362,True,True,True,10.0,17.0,1,True,12,True,4.0,0.5,True,True,True,0,False,False,SYNTHETIC,12.0,Low,9.3
ORG-01979,large,healthcare,5692,11391,978,95.0,72.5,195,67.1,True,True,5,86,True,77.5,55.8,19,True,True,80.6,True,True,67.4,87.2,True,True,31,22,2,14,12,True,24,True,90.9,True,297,False,False,True,59.0,17.0,6,True,6,True,23.0,5.0,True,True,False,1,True,False,SYNTHETIC,19.5,Low,19.1
ORG-01980,medium,retail,543,826,84,62.6,85.3,20,52.7,False,True,3,98,True,43.0,47.6,34,False,True,45.1,True,False,40.4,60.4,True,True,20,30,48,22,6,False,24,True,50.2,False,172,True,False,False,95.0,74.0,6,True,12,False,42.0,10.0,False,False,True,2,False,False,SYNTHETIC,50.9,High,52.0
ORG-01981,medium,manufacturing,849,1242,97,68.0,38.2,26,56.4,False,False,3,89,True,35.6,49.0,43,True,True,49.6,True,True,4.2,61.6,True,False,49,39,38,19,6,False,24,True,27.9,False,202,False,False,False,112.0,70.0,168,True,12,False,57.0,9.0,True,True,True,2,True,False,SYNTHETIC,50.6,High,48.8
ORG-01982,large,finance,10991,27127,4477,80.6,20.5,898,100.0,True,True,5,29,True,68.4,92.4,4,True,True,100.0,True,True,82.2,89.2,True,True,1,3,29,5,12,True,24,True,100.0,False,376,True,True,True,14.0,11.0,6,True,0,True,4.0,1.0,True,True,True,0,False,False,SYNTHETIC,7.9,Low,6.3
ORG-01983,small,education,88,89,3,57.2,54.5,1,25.8,False,False,2,140,False,33.2,27.3,53,False,False,46.8,True,True,6.8,26.4,False,True,66,55,63,34,12,False,0,False,26.0,False,173,True,False,True,121.0,74.0,12,True,1,False,46.0,22.0,False,False,False,0,False,False,SYNTHETIC,69.0,High,69.3
ORG-01984,medium,retail,1114,1556,148,33.1,45.4,32,52.4,False,False,2,146,False,19.3,20.0,47,True,True,34.7,True,False,22.2,37.6,False,False,58,42,45,20,12,False,8,True,44.8,False,145,True,True,False,124.0,80.0,12,False,6,True,43.0,18.0,True,False,True,3,False,True,SYNTHETIC,65.4,High,65.3
ORG-01985,medium,retail,744,979,87,15.0,28.9,18,77.9,True,True,4,69,True,55.5,80.1,17,True,True,87.0,True,True,71.4,93.9,True,True,21,8,8,10,12,True,0,True,60.3,True,341,False,False,True,58.0,3.0,6,False,6,True,25.0,2.0,True,True,True,0,False,False,SYNTHETIC,28.8,Moderate,27.2
ORG-01986,small,retail,53,74,1,42.2,48.5,4,33.8,False,False,3,174,True,28.3,20.0,53,False,False,35.7,True,False,23.7,61.5,False,False,80,57,61,25,12,False,0,False,7.4,False,116,True,False,False,107.0,90.0,72,False,6,True,42.0,26.0,False,True,False,0,False,True,SYNTHETIC,81.5,Critical,74.2
ORG-01987,small,technology,40,54,1,61.0,20.9,2,42.8,False,False,3,103,False,17.9,36.5,38,True,True,52.7,True,False,23.2,59.0,True,False,53,31,39,19,6,False,8,True,35.0,False,150,True,False,False,158.0,96.0,12,True,6,False,37.0,8.0,False,False,False,4,False,False,SYNTHETIC,62.0,High,61.7
ORG-01988,small,education,27,39,2,99.3,24.9,1,33.7,False,False,2,159,False,20.1,20.0,55,False,True,40.4,True,False,18.0,50.7,False,True,70,53,54,22,6,True,8,True,36.1,True,125,False,False,False,140.0,94.0,6,False,6,False,64.0,18.0,False,False,False,1,True,False,SYNTHETIC,75.4,Critical,75.1
ORG-01989,medium,energy,441,583,51,33.7,33.5,14,59.4,True,True,5,117,False,58.0,68.9,15,True,False,91.1,True,True,81.5,78.2,True,True,36,16,3,5,12,True,16,True,74.3,True,299,True,True,True,56.0,35.0,168,False,0,True,17.0,6.0,True,True,True,0,False,False,SYNTHETIC,23.5,Low,24.7
ORG-01990,large,retail,16027,26529,3670,67.0,51.9,736,90.6,True,True,4,39,True,87.1,84.7,31,True,True,67.7,True,True,36.6,85.6,True,True,35,20,25,11,6,True,24,True,82.1,True,330,False,False,True,87.0,20.0,24,False,3,False,25.0,6.0,True,False,True,2,False,True,SYNTHETIC,27.9,Moderate,29.0
ORG-01991,large,retail,13372,27659,2559,63.8,5.0,515,28.0,False,False,2,141,True,27.6,28.9,45,False,False,27.0,True,False,0.0,27.7,True,True,72,60,54,31,12,False,16,True,29.6,False,143,False,False,False,132.0,96.0,12,True,12,False,70.0,14.0,False,False,False,1,False,False,SYNTHETIC,74.6,High,72.8
ORG-01992,small,technology,24,34,1,62.3,24.0,2,49.7,True,True,3,121,False,47.3,46.9,37,True,True,49.0,True,True,41.2,53.0,False,False,52,23,72,21,12,True,0,True,44.1,True,230,True,False,False,97.0,76.0,6,True,3,False,44.0,20.0,True,True,True,2,False,False,SYNTHETIC,43.2,Moderate,45.5
ORG-01993,small,healthcare,49,62,3,38.3,63.7,1,26.1,False,False,2,138,False,74.5,51.3,65,False,True,42.9,True,True,36.3,38.6,True,False,48,59,41,23,12,False,8,True,30.7,False,140,False,False,True,88.0,86.0,6,True,12,False,40.0,19.0,True,False,False,1,True,False,SYNTHETIC,61.1,High,60.2
ORG-01994,large,finance,12086,19114,3613,63.6,54.0,728,50.1,False,False,3,117,True,47.4,40.1,39,True,False,47.0,True,True,56.8,46.0,True,False,29,30,19,12,6,True,16,True,60.8,True,209,True,True,True,84.0,64.0,72,False,6,True,39.0,13.0,False,True,False,5,False,False,SYNTHETIC,44.4,Moderate,42.5
ORG-01995,small,government,129,158,3,76.3,42.6,2,70.0,True,True,4,49,True,74.3,56.0,7,True,True,78.5,True,True,53.3,70.3,True,False,17,26,41,6,12,False,16,True,61.8,False,302,True,False,False,30.0,43.0,12,True,0,True,13.0,8.0,True,False,True,0,False,False,SYNTHETIC,29.7,Moderate,28.0
ORG-01996,large,healthcare,7674,12105,1448,45.7,48.9,294,70.9,True,True,4,93,True,78.6,64.5,26,True,False,96.8,True,True,53.8,67.1,False,True,18,25,10,24,12,True,16,True,58.5,True,297,True,True,True,54.0,55.0,24,False,3,True,7.0,7.0,True,True,True,0,False,False,SYNTHETIC,30.1,Moderate,29.6
ORG-01997,medium,government,537,815,94,59.5,47.6,21,45.7,False,True,3,102,True,55.0,36.5,39,True,False,51.7,True,False,44.0,59.5,True,False,54,39,55,18,0,False,0,False,62.2,False,226,True,False,True,120.0,52.0,72,False,6,False,40.0,7.0,True,True,True,1,True,False,SYNTHETIC,55.7,High,54.8
ORG-01998,medium,government,1148,1556,165,76.4,35.5,37,40.3,False,False,3,151,True,47.8,49.4,35,True,False,51.3,True,False,38.3,58.0,True,False,45,38,64,28,6,True,24,True,17.5,True,202,True,False,True,92.0,60.0,24,False,3,True,51.0,13.0,True,False,False,0,False,False,SYNTHETIC,66.0,High,56.6
ORG-01999,medium,retail,631,852,79,16.2,5.6,18,50.9,False,False,1,116,False,18.2,27.3,54,False,True,19.4,True,False,36.3,41.1,False,False,70,36,56,25,6,False,8,True,40.8,False,146,False,False,True,137.0,79.0,24,False,12,False,51.0,14.0,True,False,True,3,True,False,SYNTHETIC,73.4,High,73.5
ORG-02000,medium,finance,2320,3719,330,36.1,58.9,68,38.9,False,False,2,137,True,32.6,20.0,46,False,False,48.2,True,False,6.4,39.2,True,False,65,57,21,23,12,False,8,True,23.4,False,169,False,False,False,173.0,102.0,6,False,1,False,39.0,18.0,True,True,False,2,False,True,SYNTHETIC,67.9,High,66.6
ORG-02001,large,energy,9608,22890,2242,88.2,56.4,452,80.5,True,True,5,44,True,87.7,73.4,1,True,True,100.0,True,True,96.0,100.0,True,True,4,13,19,2,12,True,24,True,76.5,True,357,True,True,True,1.0,12.0,12,True,6,True,8.0,0.5,True,True,True,0,False,False,SYNTHETIC,9.4,Low,9.7
ORG-02002,small,retail,27,35,2,71.2,65.7,4,34.9,False,False,3,155,True,53.2,41.2,39,False,True,51.4,True,True,32.8,40.0,False,False,64,42,42,22,0,False,0,False,19.6,False,139,False,False,False,81.0,69.0,12,True,12,True,50.0,17.0,True,False,True,3,False,False,SYNTHETIC,59.5,High,58.0
ORG-02003,medium,finance,514,845,53,61.3,52.5,12,31.3,False,False,2,131,False,14.9,43.6,44,True,True,29.8,True,False,42.0,43.1,True,True,60,30,60,29,6,False,24,True,42.4,False,185,False,False,False,125.0,50.0,12,False,3,False,34.0,10.0,False,True,False,3,True,False,SYNTHETIC,71.2,High,70.1
ORG-02004,large,government,14897,23833,3742,57.7,46.3,752,39.8,False,False,1,156,False,30.1,23.6,41,False,False,51.4,True,False,32.0,62.1,True,False,82,54,53,24,6,False,24,True,44.3,False,87,True,True,False,133.0,75.0,72,True,12,False,49.0,25.0,False,True,False,2,False,False,SYNTHETIC,65.5,High,64.8
ORG-02005,small,finance,46,53,3,45.1,0.0,2,41.8,False,False,2,148,True,28.3,35.8,59,False,True,26.8,True,False,0.0,36.0,True,False,61,44,56,24,12,False,0,False,31.5,False,147,False,False,False,123.0,76.0,12,False,3,False,49.0,9.0,True,False,True,2,False,False,SYNTHETIC,71.3,High,69.7
ORG-02006,medium,education,405,610,57,48.4,9.8,16,74.3,True,True,4,76,False,84.9,63.0,12,True,False,78.9,True,True,59.2,66.2,True,True,57,13,8,8,12,False,16,True,57.1,False,308,True,True,False,53.0,50.0,24,True,3,True,20.0,8.0,False,False,True,0,False,False,SYNTHETIC,36.0,Moderate,32.2
ORG-02007,large,education,4575,10261,1892,90.4,27.2,380,26.4,False,False,3,178,True,30.3,27.6,50,True,True,26.1,True,True,13.1,39.5,True,True,74,46,57,25,12,True,16,True,37.8,True,175,False,False,False,143.0,102.0,12,False,0,False,50.0,13.0,False,False,False,0,False,False,SYNTHETIC,64.8,High,66.0
ORG-02008,medium,energy,763,1260,135,26.6,26.4,29,66.7,True,True,4,64,True,75.8,74.0,22,True,False,74.5,True,True,72.4,53.4,True,True,17,28,7,4,0,True,8,True,70.1,True,320,True,True,True,13.0,20.0,6,False,6,True,18.0,12.0,True,True,True,0,False,True,SYNTHETIC,20.7,Low,22.8
ORG-02009,small,healthcare,70,96,6,52.3,33.4,5,50.7,True,True,4,113,True,66.1,51.9,45,True,False,42.7,True,False,41.7,55.6,False,True,55,33,56,14,12,False,0,False,38.5,False,229,True,False,False,89.0,67.0,1,False,3,False,45.0,15.0,False,True,True,0,False,False,SYNTHETIC,57.8,High,58.4
ORG-02010,medium,retail,918,1154,88,75.1,26.5,20,23.5,False,False,2,191,False,0.0,20.0,38,False,True,24.2,True,False,29.1,44.1,False,False,65,55,70,32,24,False,0,False,14.7,False,121,False,False,False,132.0,107.0,6,True,3,True,54.0,17.0,True,False,True,4,True,False,SYNTHETIC,74.4,High,72.7
ORG-02011,medium,government,1083,1469,123,59.0,52.7,29,45.2,False,False,2,139,True,28.2,46.0,35,False,True,37.8,True,False,39.6,59.0,True,True,62,42,58,19,0,True,16,True,44.4,True,172,True,True,False,87.0,77.0,72,False,3,True,47.0,4.0,True,True,True,3,False,False,SYNTHETIC,52.9,High,51.8
ORG-02012,medium,retail,2427,3488,250,89.5,29.3,53,87.3,True,True,4,132,True,71.1,45.7,17,True,False,46.8,True,True,50.7,75.7,True,True,40,29,30,18,12,True,24,True,51.2,False,276,True,True,True,76.0,38.0,6,True,6,True,32.0,6.0,False,True,False,2,False,False,SYNTHETIC,28.8,Moderate,28.0
ORG-02013,small,finance,11,13,1,58.8,70.5,3,78.4,True,True,4,75,True,81.0,78.7,25,True,True,70.4,True,True,57.1,82.3,True,True,30,24,2,5,0,False,0,False,81.1,False,313,True,True,False,44.0,30.0,1,True,12,True,7.0,10.0,True,True,True,1,False,False,SYNTHETIC,20.1,Low,21.6
ORG-02014,small,energy,23,29,2,76.2,0.0,2,30.8,True,True,3,145,True,49.3,41.0,34,False,True,60.8,True,False,29.8,57.4,False,False,52,35,40,17,12,True,8,True,38.1,True,223,True,True,False,114.0,49.0,12,True,1,True,43.0,12.0,False,False,False,1,True,False,SYNTHETIC,45.5,Moderate,45.5
ORG-02015,small,education,55,65,3,49.8,12.6,3,38.3,False,False,2,160,True,21.9,20.0,61,False,False,33.7,True,True,39.1,17.1,True,True,89,57,68,33,12,False,0,False,33.9,False,80,False,False,False,168.0,92.0,24,False,3,False,49.0,22.0,False,True,False,4,False,True,SYNTHETIC,74.8,High,73.9
ORG-02016,small,retail,45,51,2,29.8,10.2,6,21.0,False,False,3,191,True,25.7,21.3,43,False,True,20.5,True,False,22.1,31.7,False,False,77,48,72,31,12,False,0,False,13.0,False,129,False,False,True,148.0,87.0,6,False,1,False,58.0,19.0,False,False,False,2,True,True,SYNTHETIC,84.8,Critical,79.4
ORG-02017,medium,energy,1081,1934,126,57.4,24.9,30,63.3,True,True,3,100,True,53.6,50.7,30,True,False,67.9,True,True,54.7,68.3,True,True,46,28,43,21,0,True,0,True,41.3,False,246,True,True,True,57.0,48.0,168,True,12,False,28.0,15.0,True,True,True,2,False,False,SYNTHETIC,33.7,Moderate,34.2
ORG-02018,medium,government,269,331,17,52.4,51.9,5,73.5,True,True,3,119,True,66.1,31.3,20,True,False,63.6,True,True,78.7,69.2,False,True,38,32,37,10,12,True,8,True,45.9,True,209,False,False,True,112.0,74.0,12,True,6,False,42.0,20.0,True,True,True,1,False,False,SYNTHETIC,36.0,Moderate,36.2
ORG-02019,medium,retail,471,768,81,86.8,14.7,20,84.2,True,True,4,40,True,100.0,92.6,1,True,True,97.3,True,True,82.6,92.7,True,True,21,3,26,10,12,True,24,True,100.0,False,312,True,True,True,1.0,1.0,24,True,6,True,8.0,5.0,True,True,True,0,False,False,SYNTHETIC,10.3,Low,11.1
ORG-02020,medium,finance,635,1086,117,57.7,0.0,25,65.4,True,True,3,60,True,54.8,55.7,24,True,True,70.9,True,False,54.1,72.1,True,False,40,22,37,8,12,False,8,True,65.7,False,284,False,False,True,62.0,44.0,12,False,6,True,20.0,5.0,True,True,True,0,False,True,SYNTHETIC,38.3,Moderate,40.4
ORG-02021,medium,finance,778,1114,80,54.5,46.2,19,49.9,True,True,4,130,False,54.1,40.6,41,False,False,48.9,True,False,41.7,50.4,True,False,17,50,33,23,12,True,8,True,41.2,True,166,True,False,True,130.0,43.0,12,True,1,True,52.0,14.0,True,True,False,1,False,False,SYNTHETIC,42.8,Moderate,40.9
ORG-02022,small,technology,39,40,2,84.6,62.9,5,37.6,False,False,2,121,False,21.9,28.8,44,True,True,35.7,True,False,22.7,53.9,False,False,68,48,51,25,0,True,8,True,15.3,True,201,True,False,False,126.0,79.0,12,False,3,False,56.0,15.0,False,False,False,2,False,False,SYNTHETIC,77.1,Critical,71.8
ORG-02023,medium,technology,219,276,29,51.4,18.5,9,60.0,False,False,4,128,True,24.8,40.4,41,True,True,26.5,True,True,62.0,49.4,True,False,50,50,56,11,24,True,8,True,57.6,True,158,True,True,True,102.0,72.0,24,False,12,True,48.0,17.0,False,False,True,3,True,True,SYNTHETIC,51.7,High,50.9
ORG-02024,medium,education,591,1012,55,41.5,45.2,15,58.3,True,True,4,109,False,79.9,51.2,34,True,True,71.1,True,True,60.0,59.3,False,True,53,27,25,14,12,True,8,True,56.7,True,261,True,False,True,84.0,46.0,72,False,3,True,33.0,13.0,False,False,True,2,True,False,SYNTHETIC,42.9,Moderate,42.0
ORG-02025,medium,education,288,378,39,55.3,66.5,11,30.7,False,False,3,165,False,39.8,62.2,38,False,True,41.6,True,False,7.6,33.6,False,False,66,45,47,24,0,False,16,True,26.3,False,139,False,False,True,139.0,77.0,1,True,12,True,44.0,16.0,True,True,False,2,True,False,SYNTHETIC,62.0,High,61.4
ORG-02026,medium,retail,1147,1467,156,43.6,31.3,34,25.8,False,False,2,182,False,37.2,43.2,69,True,False,30.0,True,False,0.0,54.5,False,False,87,54,63,31,12,False,16,True,13.8,False,125,False,False,False,163.0,87.0,6,False,12,False,64.0,18.0,False,False,True,3,True,False,SYNTHETIC,89.6,Critical,85.2
ORG-02027,large,finance,5520,8761,957,77.4,27.4,193,100.0,True,True,4,49,True,77.2,75.9,12,True,True,100.0,True,True,81.7,100.0,True,True,21,11,16,1,12,True,24,True,86.1,True,330,True,True,True,1.0,40.0,12,True,12,True,8.0,1.0,True,True,True,0,False,False,SYNTHETIC,10.8,Low,10.1
ORG-02028,small,healthcare,91,132,4,95.7,50.1,2,0.0,False,False,1,235,False,14.0,20.0,68,False,False,15.3,True,False,0.0,15.2,False,False,103,69,76,40,12,False,16,True,7.3,False,28,False,False,False,205.0,131.0,12,False,0,False,68.0,28.0,False,False,False,3,False,False,SYNTHETIC,98.8,Critical,90.5
ORG-02029,large,healthcare,9127,19279,2000,62.5,44.8,403,74.1,True,True,4,65,True,65.4,73.5,19,True,True,80.0,True,False,78.7,62.8,True,False,8,22,12,10,6,True,16,True,74.5,False,295,False,False,True,61.0,30.0,24,True,3,False,14.0,4.0,True,True,True,1,False,False,SYNTHETIC,24.7,Low,23.1
ORG-02030,small,healthcare,44,62,3,84.8,30.8,2,18.9,False,False,2,194,False,35.5,20.0,52,False,False,23.0,True,False,11.0,37.2,False,False,97,55,80,24,0,False,0,False,7.8,False,131,False,False,False,188.0,109.0,12,False,6,False,79.0,24.0,False,False,False,4,True,False,SYNTHETIC,96.3,Critical,87.6
ORG-02031,large,healthcare,6218,15293,2368,64.7,43.0,473,66.1,True,True,4,90,True,90.5,79.2,22,True,True,81.4,True,True,82.4,76.4,True,True,37,15,2,13,24,True,8,True,76.2,True,304,False,False,False,56.0,54.0,24,True,3,True,16.0,11.0,True,True,True,0,False,False,SYNTHETIC,22.5,Low,23.4
ORG-02032,small,retail,12,15,1,40.0,37.7,1,25.6,False,False,2,130,False,39.5,26.3,57,False,True,15.1,True,True,23.9,32.0,False,True,70,60,55,23,12,False,0,False,17.7,False,131,False,False,True,135.0,86.0,72,True,6,False,59.0,23.0,False,False,False,3,False,False,SYNTHETIC,70.1,High,70.9
ORG-02033,small,retail,69,101,4,67.8,0.0,5,41.5,False,False,1,152,False,5.7,21.8,58,True,False,46.2,True,False,31.4,46.8,False,True,78,57,65,25,12,False,0,False,14.4,False,94,False,False,False,155.0,98.0,6,False,3,False,49.0,24.0,False,False,True,1,True,False,SYNTHETIC,86.9,Critical,82.4
ORG-02034,small,retail,70,83,2,38.5,54.8,3,64.4,True,True,4,85,True,54.7,63.6,17,True,True,81.2,True,True,73.1,55.7,False,False,39,36,23,12,24,True,8,True,37.0,True,311,True,False,False,75.0,40.0,6,True,6,False,26.0,10.0,True,True,False,0,False,False,SYNTHETIC,33.4,Moderate,33.6
ORG-02035,large,manufacturing,23007,35043,2861,73.0,24.1,572,55.5,True,True,4,102,True,41.3,49.4,44,True,True,52.8,True,True,51.7,59.6,True,False,45,45,18,24,6,True,24,True,51.9,True,211,False,False,False,132.0,79.0,6,False,12,True,28.0,20.0,False,True,False,4,False,False,SYNTHETIC,42.6,Moderate,43.0
ORG-02036,medium,healthcare,973,1377,123,60.3,24.1,28,54.5,True,True,3,122,False,15.3,65.7,44,False,False,34.9,True,True,61.6,55.8,True,False,52,41,36,10,0,True,24,True,27.8,True,190,True,True,True,136.0,39.0,12,True,12,False,39.0,12.0,False,True,True,0,False,False,SYNTHETIC,38.5,Moderate,37.5
ORG-02037,small,technology,50,50,3,45.0,30.6,6,1.5,False,False,2,242,True,0.0,20.0,67,False,True,30.0,True,False,0.0,15.6,False,False,92,56,73,36,0,False,0,False,0.0,False,49,False,False,False,195.0,118.0,72,False,6,False,59.0,25.0,False,False,False,2,False,True,SYNTHETIC,96.3,Critical,86.7
ORG-02038,medium,retail,681,1134,80,24.8,57.2,19,49.3,False,False,3,133,True,25.8,22.3,45,False,True,34.9,True,True,52.1,40.2,True,False,70,47,55,20,6,False,0,False,44.7,False,138,True,False,False,138.0,97.0,12,False,3,False,44.0,12.0,False,False,False,3,False,False,SYNTHETIC,64.4,High,64.3
ORG-02039,medium,healthcare,662,972,53,43.0,15.5,12,58.3,False,False,4,91,True,60.4,67.6,27,False,True,94.8,True,True,93.5,73.8,True,True,54,22,30,8,12,True,8,True,65.7,False,281,True,False,True,53.0,13.0,12,True,6,True,21.0,10.0,True,True,True,1,True,False,SYNTHETIC,26.5,Moderate,27.3
ORG-02040,large,education,6487,13953,1969,66.7,28.1,394,77.3,True,True,4,63,True,58.2,45.7,29,False,True,73.3,True,True,76.3,64.6,True,True,42,30,22,6,12,True,24,True,76.9,True,315,True,False,True,51.0,47.0,6,True,3,True,34.0,6.0,False,True,True,3,False,False,SYNTHETIC,21.1,Low,20.3
ORG-02041,small,healthcare,39,56,3,46.0,16.2,2,22.4,False,False,3,137,False,20.1,43.2,52,False,True,42.4,True,True,23.1,30.0,False,False,77,53,37,26,12,False,0,False,35.9,False,183,True,False,False,116.0,79.0,12,True,0,True,51.0,28.0,False,False,False,2,True,False,SYNTHETIC,64.2,High,62.3
ORG-02042,small,education,12,13,1,65.5,0.0,3,0.0,False,False,1,206,False,0.0,20.0,61,False,False,10.0,True,False,16.4,33.1,False,False,93,64,56,36,12,False,0,False,11.5,False,54,False,False,False,189.0,104.0,6,False,0,False,77.0,19.0,False,False,False,1,False,True,SYNTHETIC,100.0,Critical,91.5
ORG-02043,medium,healthcare,939,1586,185,43.5,0.0,40,35.5,False,False,3,123,False,49.4,31.8,48,True,False,57.2,True,False,15.7,47.1,False,True,83,40,52,35,12,False,16,True,30.8,False,115,True,True,True,126.0,47.0,1,True,3,True,52.0,15.0,False,True,True,2,False,False,SYNTHETIC,59.5,High,60.2
ORG-02044,medium,energy,302,363,26,52.7,79.2,6,61.2,True,True,4,159,True,27.1,50.3,19,False,False,63.6,True,False,50.5,72.5,True,True,43,22,36,13,0,True,8,True,75.9,True,258,True,True,False,109.0,46.0,24,True,6,True,22.0,7.0,True,False,True,2,False,False,SYNTHETIC,34.6,Moderate,32.7
ORG-02045,small,government,65,66,2,52.5,24.1,3,35.2,False,False,2,169,False,19.4,27.3,56,False,False,67.1,True,False,20.8,40.4,True,False,93,51,65,28,12,False,24,True,40.0,False,165,False,False,False,137.0,85.0,12,True,0,False,35.0,17.0,False,False,True,0,False,False,SYNTHETIC,67.7,High,67.9
ORG-02046,small,technology,44,50,3,61.6,33.6,3,59.3,True,True,3,89,True,60.9,60.7,47,True,True,62.4,True,True,69.8,67.5,True,True,25,26,29,17,6,True,8,True,63.6,True,257,False,False,True,64.0,25.0,12,False,12,True,21.0,10.0,True,True,False,0,False,False,SYNTHETIC,38.9,Moderate,35.8
ORG-02047,small,energy,9,9,1,73.9,6.7,6,30.4,False,False,2,179,False,45.7,26.1,49,False,True,21.7,True,True,28.4,40.3,True,False,73,38,74,29,12,False,8,True,12.0,False,98,False,False,True,169.0,97.0,24,False,1,False,64.0,18.0,True,False,False,2,True,False,SYNTHETIC,80.1,Critical,72.6
ORG-02048,medium,finance,1252,2019,188,37.2,51.1,38,100.0,True,True,4,58,True,92.7,90.1,35,True,True,78.2,True,True,59.9,100.0,True,True,15,20,40,1,12,True,16,True,62.9,True,395,True,True,True,75.0,30.0,24,True,12,True,2.0,1.0,True,True,True,1,False,False,SYNTHETIC,16.3,Low,15.2
ORG-02049,medium,healthcare,2005,3366,296,53.5,7.6,64,82.6,True,True,3,110,False,82.7,65.8,31,True,False,67.5,True,True,50.0,63.8,True,True,22,14,42,7,0,True,8,True,67.0,True,356,True,False,True,32.0,37.0,12,True,6,False,8.0,10.0,True,True,False,0,False,False,SYNTHETIC,28.6,Moderate,28.9
ORG-02050,small,retail,62,79,5,49.3,37.7,3,1.6,False,False,1,174,False,0.0,26.5,61,False,False,16.5,True,False,2.7,10.0,False,False,99,86,69,34,0,False,8,True,24.4,False,87,True,False,False,203.0,142.0,24,False,6,False,64.0,21.0,False,False,False,4,False,False,SYNTHETIC,97.0,Critical,87.8
ORG-02051,small,manufacturing,8,8,1,81.8,8.5,2,13.3,False,False,1,190,False,0.0,20.3,55,False,False,20.4,True,False,1.1,23.1,True,False,92,54,63,33,0,False,16,True,0.0,False,43,False,False,False,155.0,131.0,12,False,6,False,75.0,22.0,False,False,False,4,False,False,SYNTHETIC,98.2,Critical,87.0
ORG-02052,small,education,25,29,1,56.6,66.5,4,16.0,False,False,1,179,True,0.0,20.0,59,True,False,33.5,True,True,13.3,36.0,False,False,91,61,81,35,24,False,0,False,36.5,False,64,False,False,True,197.0,108.0,72,False,12,False,54.0,19.0,False,False,False,6,True,False,SYNTHETIC,86.1,Critical,83.1
ORG-02053,large,healthcare,5971,12665,2121,72.9,17.2,425,69.5,True,True,4,126,True,68.0,48.2,41,False,True,80.5,True,True,66.6,80.1,True,False,34,26,2,11,12,True,8,True,45.1,True,296,True,True,True,43.0,66.0,12,True,12,True,39.0,19.0,True,False,True,1,False,False,SYNTHETIC,24.2,Low,23.7
ORG-02054,medium,energy,316,442,52,55.3,17.6,13,85.6,True,True,3,97,True,34.8,52.1,26,True,False,49.9,True,True,56.5,82.1,False,False,52,27,42,18,0,False,16,True,64.9,False,265,True,True,True,105.0,48.0,1,True,6,False,23.0,14.0,True,True,True,1,False,False,SYNTHETIC,32.9,Moderate,33.9
ORG-02055,medium,healthcare,352,506,45,80.0,31.8,14,61.1,False,False,3,119,True,47.0,58.0,18,False,True,69.4,True,False,54.8,78.4,True,True,45,19,70,23,0,True,16,True,56.8,False,274,True,False,True,81.0,61.0,24,True,1,True,38.0,9.0,True,True,False,1,False,False,SYNTHETIC,41.1,Moderate,40.2
ORG-02056,small,government,252,351,19,72.4,2.7,7,58.5,False,False,3,135,False,19.9,30.3,51,False,True,46.1,True,False,46.1,47.7,True,False,61,40,60,26,12,False,0,False,29.0,False,165,False,False,False,146.0,58.0,6,False,6,True,39.0,21.0,False,True,True,2,True,True,SYNTHETIC,75.5,Critical,69.4
ORG-02057,small,manufacturing,6,7,1,47.4,0.0,3,6.0,False,False,2,139,False,38.4,20.0,61,True,True,21.6,True,True,10.5,30.3,False,False,99,56,75,36,12,False,8,True,13.7,False,130,False,False,False,142.0,89.0,6,True,6,False,58.0,14.0,True,False,False,0,False,False,SYNTHETIC,76.9,Critical,73.5
ORG-02058,small,finance,99,143,10,89.9,23.5,3,30.5,False,False,2,176,False,32.4,20.0,47,True,False,15.3,False,False,17.2,37.3,False,False,73,48,60,32,12,False,0,False,17.0,False,119,False,False,False,132.0,76.0,72,False,0,False,38.0,30.0,True,False,True,2,True,True,SYNTHETIC,89.1,Critical,81.1
ORG-02059,medium,education,925,1640,156,18.4,35.9,32,33.8,False,False,3,135,False,54.9,43.3,38,True,False,48.6,True,False,34.7,50.9,False,True,65,27,43,15,0,True,24,True,36.8,True,156,False,False,False,113.0,68.0,72,False,12,False,54.0,14.0,True,False,False,3,True,False,SYNTHETIC,66.5,High,67.5
ORG-02060,large,manufacturing,13650,20969,3583,53.9,55.7,721,49.6,False,False,3,124,False,11.8,31.9,42,False,False,28.9,True,False,28.1,37.5,False,False,85,42,49,20,6,True,24,True,38.5,True,169,True,False,False,140.0,80.0,24,False,3,False,55.0,14.0,False,False,True,1,True,False,SYNTHETIC,64.8,High,67.6
ORG-02061,medium,manufacturing,336,544,46,34.7,32.8,12,48.8,True,True,3,149,True,33.7,49.5,43,False,False,51.7,True,False,36.7,52.9,True,False,58,34,70,28,12,False,8,True,30.9,False,152,True,False,True,108.0,71.0,12,True,12,True,37.0,12.0,True,True,False,1,True,False,SYNTHETIC,50.2,High,49.9
ORG-02062,large,government,5707,10045,1413,47.7,41.9,284,34.0,False,False,3,127,False,56.6,46.5,35,False,True,45.4,True,True,25.4,41.5,False,True,53,43,23,20,6,False,24,True,34.8,False,195,False,False,False,118.0,66.0,24,False,6,False,32.0,17.0,True,False,True,1,False,True,SYNTHETIC,62.2,High,61.2
ORG-02063,small,finance,127,131,4,65.7,0.0,4,78.2,True,True,2,99,False,65.9,58.9,30,False,True,65.5,True,True,38.6,71.3,True,True,47,43,33,22,0,True,8,True,72.6,True,238,True,True,False,59.0,57.0,12,False,6,True,33.0,8.0,False,True,True,3,False,False,SYNTHETIC,40.7,Moderate,39.4
ORG-02064,large,healthcare,17592,41218,5410,92.3,57.3,1087,60.8,True,True,5,69,True,95.4,100.0,19,False,True,97.1,True,True,83.6,96.4,True,True,19,29,19,7,6,True,0,True,81.0,True,335,True,True,True,49.0,29.0,24,True,3,True,6.0,4.0,True,False,True,0,False,False,SYNTHETIC,16.6,Low,16.4
ORG-02065,medium,technology,505,797,92,40.8,46.3,22,50.6,False,False,2,121,False,37.4,52.1,36,False,False,42.1,True,False,48.0,53.9,True,False,48,37,44,10,12,True,16,True,54.1,True,141,True,True,False,103.0,77.0,72,False,6,True,44.0,17.0,False,False,True,1,True,False,SYNTHETIC,59.3,High,57.8
ORG-02066,small,retail,33,47,2,99.7,44.2,2,44.5,False,False,4,98,True,53.5,56.9,34,True,True,74.9,True,True,43.9,55.0,True,True,74,30,47,22,12,False,16,True,61.4,False,236,True,True,False,102.0,84.0,6,True,6,False,23.0,21.0,True,False,False,1,False,False,SYNTHETIC,47.2,Moderate,47.3
ORG-02067,large,finance,15706,30087,5485,70.1,46.0,1103,88.1,True,True,3,56,True,70.3,79.0,52,True,True,81.0,True,True,70.2,75.9,True,False,30,32,22,11,0,True,24,True,87.0,True,344,True,True,True,55.0,50.0,6,True,3,True,17.0,3.0,True,False,True,0,False,False,SYNTHETIC,16.8,Low,16.0
ORG-02068,small,government,77,113,7,97.8,29.6,6,40.9,True,True,3,96,True,48.7,60.3,19,False,False,60.3,True,True,38.7,69.6,False,True,41,27,21,17,6,True,0,True,71.4,True,254,False,False,False,68.0,54.0,12,True,12,True,7.0,13.0,True,False,True,3,False,False,SYNTHETIC,35.7,Moderate,38.6
ORG-02069,large,manufacturing,15318,35755,6221,58.2,35.6,1248,42.9,False,False,2,153,False,25.7,35.8,36,False,True,46.2,True,False,42.4,48.2,False,False,81,44,32,19,12,False,24,True,25.4,False,145,True,False,False,144.0,88.0,12,True,12,False,50.0,24.0,False,False,True,3,True,False,SYNTHETIC,64.1,High,64.9
ORG-02070,large,retail,8083,16330,3045,54.6,45.7,612,59.3,True,True,3,125,True,50.8,71.1,43,True,True,65.1,True,True,43.9,74.1,True,False,42,31,33,19,12,False,24,True,43.1,False,227,True,True,True,93.0,52.0,6,True,3,False,19.0,12.0,False,False,True,3,True,False,SYNTHETIC,36.3,Moderate,35.3
ORG-02071,medium,retail,692,1157,107,51.8,12.3,26,20.2,False,False,3,181,True,54.3,44.9,53,False,False,51.1,True,False,25.5,36.2,True,False,61,50,49,32,12,True,8,True,20.6,True,175,True,False,True,125.0,87.0,24,True,6,True,50.0,15.0,False,False,False,2,True,False,SYNTHETIC,61.2,High,59.2
ORG-02072,small,retail,28,39,1,53.1,50.3,2,66.3,False,False,3,182,True,31.3,42.4,44,False,False,47.6,True,False,13.9,54.3,False,False,65,47,52,25,0,False,8,True,14.3,False,127,False,False,True,133.0,63.0,6,False,12,False,55.0,11.0,True,False,False,4,False,True,SYNTHETIC,74.4,High,70.4
ORG-02073,medium,healthcare,231,359,34,30.6,68.2,11,100.0,True,True,5,15,True,53.8,81.9,23,True,True,92.9,False,True,67.3,100.0,True,True,5,14,2,16,12,True,8,True,100.0,True,325,True,True,True,20.0,9.0,6,True,6,True,12.0,4.0,True,True,True,0,False,False,SYNTHETIC,10.1,Low,10.3
ORG-02074,medium,retail,363,632,41,79.3,51.1,10,60.2,True,True,3,104,True,80.0,55.2,22,True,False,47.2,False,True,60.7,64.9,False,False,50,25,36,29,6,True,16,True,28.6,True,215,True,True,True,75.0,49.0,6,True,0,True,22.0,13.0,False,True,True,0,False,False,SYNTHETIC,36.5,Moderate,35.6
ORG-02075,small,retail,31,36,1,67.7,15.8,1,25.8,False,False,2,190,True,29.9,32.8,55,True,False,12.8,True,True,23.5,33.7,False,False,65,55,59,24,6,False,0,False,31.0,False,57,False,False,False,165.0,105.0,72,False,3,False,64.0,23.0,False,False,False,5,False,False,SYNTHETIC,78.9,Critical,77.7
ORG-02076,small,government,58,58,2,100.0,35.4,4,46.0,False,False,4,101,False,50.2,45.5,34,False,True,57.6,True,True,34.9,78.6,True,False,38,30,40,12,12,False,16,True,43.3,False,247,False,False,False,89.0,37.0,12,True,0,True,20.0,17.0,False,False,False,1,True,False,SYNTHETIC,49.5,Moderate,49.8
ORG-02077,medium,energy,854,1172,62,81.1,7.0,14,84.6,False,False,4,50,False,70.0,73.6,33,True,True,90.9,True,True,56.7,80.2,True,False,18,11,36,13,24,True,8,True,67.0,True,302,True,True,False,22.0,34.0,12,True,12,True,12.0,8.0,True,True,True,4,False,False,SYNTHETIC,29.7,Moderate,32.2
ORG-02078,small,healthcare,14,15,1,80.5,11.7,6,37.3,False,False,3,156,False,49.9,44.2,55,True,False,43.5,True,True,39.8,29.5,False,False,73,52,75,46,24,False,0,False,25.1,False,87,False,False,False,164.0,80.0,6,False,6,False,52.0,18.0,False,False,True,3,False,True,SYNTHETIC,85.6,Critical,80.7
ORG-02079,medium,finance,1752,2303,227,52.5,40.1,48,86.2,True,True,5,33,True,100.0,100.0,16,True,True,94.5,True,True,100.0,100.0,True,True,20,17,12,1,6,True,24,True,92.1,True,422,True,True,True,41.0,19.0,6,True,3,True,1.0,0.5,True,True,True,0,False,False,SYNTHETIC,4.7,Low,5.1
ORG-02080,medium,finance,2041,2486,134,51.1,31.2,26,62.7,True,True,4,73,True,63.5,73.6,9,True,True,70.3,True,True,85.1,85.4,True,False,48,10,26,12,12,True,8,True,78.4,True,300,True,True,True,39.0,24.0,12,True,6,True,21.0,7.0,True,False,True,0,False,False,SYNTHETIC,19.7,Low,22.0
ORG-02081,large,government,8261,14207,1633,59.0,12.5,329,63.1,True,True,4,116,True,62.0,40.5,28,True,True,42.1,True,False,43.7,58.1,False,True,61,33,8,11,12,True,24,True,44.6,True,182,True,False,False,107.0,22.0,24,False,6,True,31.0,9.0,False,True,True,2,True,False,SYNTHETIC,40.5,Moderate,40.9
ORG-02082,large,technology,7385,15329,1569,79.0,18.0,315,74.4,False,False,3,81,True,65.5,51.5,20,True,True,63.9,True,False,61.4,72.6,True,False,47,29,22,10,12,True,0,True,52.9,True,281,True,False,True,86.0,40.0,6,True,6,True,35.0,7.0,False,True,False,1,False,False,SYNTHETIC,37.8,Moderate,39.0
ORG-02083,medium,technology,1990,3138,234,41.2,32.7,50,31.6,False,False,2,125,False,34.2,29.1,37,False,False,47.4,False,False,8.6,44.4,False,False,64,46,31,33,24,True,8,True,41.9,True,178,True,False,False,187.0,88.0,6,True,3,True,53.0,10.0,False,False,True,1,True,False,SYNTHETIC,62.8,High,63.9
ORG-02084,small,manufacturing,29,33,1,93.8,28.0,6,19.1,False,False,3,128,True,2.5,20.0,47,False,True,29.5,True,False,33.1,47.3,False,True,61,50,51,22,12,False,0,False,49.9,False,243,True,False,False,145.0,87.0,6,False,6,False,42.0,19.0,False,False,False,2,False,False,SYNTHETIC,78.3,Critical,73.5
ORG-02085,medium,technology,931,1167,101,59.7,46.9,21,17.9,False,False,3,164,False,29.0,45.5,44,True,False,40.7,True,False,20.4,41.6,True,False,54,44,30,26,6,True,0,True,27.1,False,146,False,False,True,127.0,71.0,24,False,3,False,59.0,24.0,False,False,False,2,True,False,SYNTHETIC,74.8,High,70.1
ORG-02086,small,finance,19,26,1,58.8,4.5,2,48.2,False,False,3,151,True,10.9,21.6,47,False,False,28.1,True,False,41.7,47.2,True,False,65,52,52,30,6,False,24,True,13.9,False,170,False,False,False,158.0,68.0,6,False,0,False,34.0,14.0,False,True,False,5,True,False,SYNTHETIC,76.0,Critical,69.6
ORG-02087,large,technology,11127,18059,1916,95.0,57.8,384,62.2,False,False,4,96,True,35.7,64.6,34,True,True,83.6,True,True,61.3,78.4,False,True,44,23,40,9,12,True,0,True,60.7,True,228,True,True,True,75.0,71.0,12,True,12,False,26.0,13.0,True,False,False,0,False,False,SYNTHETIC,42.2,Moderate,40.2
ORG-02088,large,manufacturing,12709,23558,2075,95.0,29.1,419,76.4,True,True,4,69,True,80.0,61.5,26,True,True,84.7,True,True,75.4,77.1,True,True,37,16,21,4,6,True,24,True,84.7,True,322,True,True,False,64.0,36.0,1,True,12,True,25.0,1.0,True,True,True,0,False,False,SYNTHETIC,16.7,Low,17.4
ORG-02089,small,manufacturing,6,6,1,56.0,55.0,4,1.9,False,False,1,196,False,17.5,20.0,54,False,False,29.0,True,False,0.0,39.8,False,False,76,60,52,33,6,False,0,False,17.2,False,104,False,False,False,153.0,94.0,12,False,12,False,47.0,19.0,False,True,False,2,False,True,SYNTHETIC,99.7,Critical,87.3
ORG-02090,medium,education,268,330,28,68.8,58.3,7,21.7,False,False,2,175,True,1.2,40.6,56,False,False,10.5,True,True,8.5,35.9,False,False,82,69,45,23,24,False,8,True,23.5,False,115,True,True,False,152.0,98.0,12,True,3,False,76.0,13.0,False,False,True,1,False,False,SYNTHETIC,65.3,High,66.3
ORG-02091,small,manufacturing,49,66,4,60.1,5.9,5,36.3,False,False,2,128,True,32.0,35.3,47,True,False,33.1,True,False,29.9,62.9,False,False,60,28,53,19,24,True,8,True,46.4,True,184,True,False,False,102.0,74.0,6,True,3,True,45.0,9.0,True,False,False,1,False,False,SYNTHETIC,53.6,High,56.5
ORG-02092,small,manufacturing,34,37,2,37.6,5.7,3,29.0,False,False,3,142,False,26.9,21.1,62,False,False,32.9,True,False,26.0,28.1,True,False,73,50,52,25,12,False,0,False,10.6,False,120,False,False,False,134.0,84.0,6,False,3,True,56.0,18.0,False,False,False,5,True,True,SYNTHETIC,84.1,Critical,78.1
ORG-02093,small,healthcare,43,45,3,44.1,42.5,4,54.2,False,False,3,141,True,23.6,24.1,39,True,False,41.6,True,True,41.5,44.7,True,False,52,43,72,27,12,False,8,True,29.1,False,202,True,False,True,136.0,71.0,6,False,6,False,42.0,13.0,False,False,False,1,False,True,SYNTHETIC,71.1,High,65.0
ORG-02094,medium,manufacturing,714,1001,100,56.1,25.9,23,3.9,False,False,2,205,True,6.7,20.0,71,True,True,10.0,True,False,0.0,24.0,False,False,84,62,92,31,0,True,8,True,21.5,False,78,False,False,False,164.0,118.0,12,True,6,False,67.0,20.0,False,False,False,2,False,False,SYNTHETIC,76.2,Critical,74.1
ORG-02095,small,healthcare,18,23,1,100.0,44.5,6,44.9,False,False,3,105,False,19.8,23.2,40,False,False,33.6,True,False,51.0,53.6,True,False,70,33,67,28,0,False,0,False,40.7,False,141,False,False,False,144.0,98.0,6,True,0,False,43.0,20.0,True,True,False,2,True,False,SYNTHETIC,65.8,High,66.0
ORG-02096,large,manufacturing,8196,19479,3782,80.3,49.9,760,55.7,False,False,3,133,True,25.3,56.6,30,False,True,63.1,True,False,48.3,42.9,True,False,45,35,33,9,6,True,24,True,51.4,True,260,False,False,False,101.0,56.0,24,True,12,False,30.0,4.0,False,True,False,2,False,False,SYNTHETIC,45.8,Moderate,46.3
ORG-02097,small,healthcare,33,35,1,79.7,21.3,5,63.2,True,True,3,136,True,36.4,37.0,42,False,True,71.7,False,False,36.8,45.0,False,True,58,17,21,11,24,True,16,True,53.0,True,236,True,False,True,102.0,75.0,72,False,3,False,49.0,10.0,True,True,False,0,False,False,SYNTHETIC,43.6,Moderate,43.5
ORG-02098,medium,retail,1053,1480,129,53.4,42.8,27,51.0,False,True,3,106,True,74.1,51.0,31,True,True,66.6,True,True,40.0,77.6,False,False,36,31,44,15,12,False,8,True,41.0,False,280,False,False,False,100.0,66.0,168,True,3,False,44.0,8.0,False,False,False,2,True,False,SYNTHETIC,51.1,High,51.7
ORG-02099,medium,technology,699,936,47,61.5,39.8,15,58.4,True,True,3,64,True,54.3,61.9,28,True,False,70.3,True,True,77.7,71.8,True,True,34,22,45,20,12,True,16,True,62.5,True,291,True,True,True,85.0,30.0,1,True,6,False,34.0,10.0,True,True,False,0,False,False,SYNTHETIC,28.5,Moderate,31.1
ORG-02100,medium,technology,1222,2091,175,95.0,52.4,43,26.6,False,False,2,112,False,32.0,27.9,49,False,True,53.1,True,False,51.8,45.3,False,False,52,36,52,28,24,False,16,True,32.5,False,156,False,False,True,150.0,69.0,12,False,12,False,38.0,17.0,True,True,True,1,False,False,SYNTHETIC,71.8,High,72.6
ORG-02101,small,finance,64,70,4,79.7,0.0,3,69.9,True,True,4,78,True,48.2,40.6,44,False,False,47.9,True,True,44.8,64.7,True,False,54,33,34,17,24,False,8,True,27.9,False,220,True,False,True,101.0,76.0,12,True,12,False,42.0,19.0,True,False,True,0,False,False,SYNTHETIC,40.0,Moderate,43.0
ORG-02102,medium,retail,244,304,24,72.3,57.8,6,28.0,False,False,2,134,False,41.0,32.6,41,True,True,39.5,True,True,45.8,57.7,True,False,74,33,39,33,24,False,16,True,24.0,False,152,True,False,False,166.0,81.0,6,False,12,False,44.0,20.0,True,True,False,1,False,False,SYNTHETIC,70.4,High,68.7
ORG-02103,small,finance,44,59,3,74.5,37.7,3,11.1,False,False,1,203,False,13.8,33.0,65,False,False,35.7,True,True,42.2,22.3,False,True,78,44,76,31,0,True,8,True,29.5,True,128,False,False,False,134.0,85.0,168,True,3,True,55.0,21.0,True,False,False,2,True,False,SYNTHETIC,71.2,High,65.3
ORG-02104,medium,finance,460,722,83,58.6,13.3,17,74.2,True,True,3,67,False,56.7,47.3,17,True,True,68.7,True,False,61.5,75.0,True,True,54,28,46,7,12,True,8,True,56.1,False,204,True,True,False,82.0,42.0,12,True,6,False,26.0,15.0,True,True,True,0,False,False,SYNTHETIC,37.4,Moderate,35.3
ORG-02105,small,government,22,24,1,72.5,0.0,4,30.5,False,False,2,158,False,15.9,27.2,57,False,False,44.9,True,False,12.5,25.6,False,True,68,47,51,33,12,False,8,True,34.2,False,75,True,True,False,151.0,78.0,12,False,3,False,60.0,8.0,False,False,True,3,False,True,SYNTHETIC,78.9,Critical,77.7
ORG-02106,medium,education,1453,2272,145,22.4,10.6,34,37.7,False,False,2,140,False,37.5,32.6,33,True,True,40.5,True,False,54.8,48.9,False,True,73,46,73,32,0,True,16,True,36.7,True,113,False,False,False,110.0,60.0,6,False,1,True,64.0,11.0,False,False,False,0,False,True,SYNTHETIC,72.0,High,70.9
ORG-02107,medium,government,1395,1984,100,57.7,37.7,21,34.6,False,False,2,165,False,16.4,29.2,42,False,True,15.5,True,False,30.9,37.8,False,False,67,49,76,27,0,False,16,True,34.1,False,170,True,True,False,112.0,98.0,12,True,1,True,53.0,19.0,True,False,False,3,False,False,SYNTHETIC,65.1,High,63.4
ORG-02108,small,technology,34,50,3,71.7,14.8,1,17.6,False,False,3,121,True,25.5,50.0,51,True,False,40.5,True,False,43.4,49.6,True,True,61,40,74,27,24,False,0,False,39.4,False,225,True,False,False,101.0,58.0,12,True,3,False,47.0,18.0,False,True,False,2,True,False,SYNTHETIC,70.3,High,64.7
ORG-02109,small,energy,15,16,1,49.3,37.8,3,48.2,False,False,2,141,False,39.5,21.5,41,True,False,50.2,True,False,30.5,25.8,False,True,64,57,50,25,12,False,0,False,31.8,False,168,False,False,False,162.0,67.0,1,False,12,True,57.0,22.0,False,False,False,0,False,False,SYNTHETIC,79.5,Critical,79.8
ORG-02110,small,technology,27,28,1,52.2,27.4,2,78.6,True,True,4,95,True,71.9,87.5,29,True,False,96.8,True,True,44.9,70.7,True,False,47,12,33,3,12,True,16,True,85.2,True,358,True,False,False,51.0,26.0,24,True,12,True,15.0,9.0,False,False,True,0,False,False,SYNTHETIC,28.5,Moderate,26.6
ORG-02111,large,retail,14061,24408,4426,84.4,24.8,886,73.4,False,False,4,75,True,70.1,71.8,33,True,True,70.4,True,False,68.2,52.4,True,True,41,25,14,21,12,True,24,True,64.4,True,312,False,False,False,30.0,30.0,72,False,12,True,31.0,14.0,True,True,False,1,True,False,SYNTHETIC,43.5,Moderate,43.9
ORG-02112,medium,education,253,354,33,62.7,40.8,9,35.7,False,False,1,172,False,6.3,26.2,62,False,False,26.5,True,False,0.6,21.1,False,False,87,58,82,41,12,False,16,True,23.6,False,51,False,False,False,206.0,121.0,168,True,3,False,46.0,23.0,False,False,False,3,True,False,SYNTHETIC,78.2,Critical,78.4
ORG-02113,small,finance,56,59,4,59.9,27.0,3,71.5,False,False,3,80,True,62.8,67.8,20,True,True,72.7,True,False,22.7,59.1,True,True,27,26,38,17,12,False,0,False,44.0,False,282,True,False,True,79.0,50.0,6,True,3,True,34.0,13.0,True,True,True,0,False,False,SYNTHETIC,39.3,Moderate,41.3
ORG-02114,small,healthcare,33,46,3,87.2,21.9,3,8.8,False,False,3,149,False,28.5,27.0,49,False,False,60.2,False,True,23.2,46.6,False,False,61,50,75,28,12,True,8,True,49.3,False,149,True,False,False,107.0,75.0,6,False,6,False,36.0,13.0,False,False,False,5,False,False,SYNTHETIC,76.8,Critical,71.2
ORG-02115,medium,government,306,536,42,63.7,13.2,11,28.8,False,False,3,141,False,16.6,28.2,44,False,True,43.5,True,False,28.8,45.3,False,False,68,48,52,23,0,True,16,True,32.0,True,105,False,False,True,118.0,62.0,168,False,0,False,51.0,11.0,False,False,False,0,False,False,SYNTHETIC,67.5,High,69.2
ORG-02116,medium,government,320,572,56,37.8,0.0,16,53.1,False,False,3,107,True,55.0,52.5,30,False,True,72.0,True,True,70.1,58.1,False,True,34,33,35,15,0,False,24,True,57.0,False,245,True,False,True,67.0,60.0,12,False,3,False,16.0,12.0,True,True,True,1,False,True,SYNTHETIC,44.7,Moderate,44.6
ORG-02117,small,finance,44,56,4,62.8,56.9,2,18.3,False,False,2,155,False,29.1,20.0,55,False,False,31.8,True,True,37.0,39.9,False,False,90,46,73,25,0,False,8,True,33.1,False,151,False,False,True,189.0,99.0,6,False,1,False,60.0,22.0,True,True,True,0,False,False,SYNTHETIC,74.2,High,71.7
ORG-02118,small,technology,37,42,2,63.1,30.9,6,30.2,False,False,2,169,False,29.4,31.6,62,False,False,17.6,True,False,0.0,15.5,False,False,66,52,71,22,12,False,8,True,4.4,False,114,False,False,False,136.0,61.0,24,False,3,True,52.0,23.0,True,False,False,0,False,False,SYNTHETIC,85.0,Critical,78.0
ORG-02119,medium,healthcare,361,492,35,44.1,11.6,10,8.4,False,False,3,161,False,35.9,20.0,55,True,False,39.9,True,True,40.8,52.4,False,True,71,54,51,25,12,False,16,True,43.8,False,143,False,False,False,153.0,93.0,12,False,6,True,50.0,16.0,False,False,False,3,True,False,SYNTHETIC,80.1,Critical,74.8
ORG-02120,small,healthcare,41,58,3,29.8,0.1,2,58.0,False,False,3,176,False,54.0,22.5,44,False,True,37.7,True,True,36.5,49.8,False,False,70,37,55,30,6,False,0,False,34.2,False,172,False,False,False,110.0,94.0,6,True,12,True,53.0,17.0,True,True,False,1,False,False,SYNTHETIC,58.9,High,61.9
ORG-02121,small,education,83,105,2,34.6,15.1,4,41.4,False,False,2,138,False,17.9,38.4,37,True,False,55.5,True,True,22.3,41.3,False,True,74,36,74,22,0,False,0,False,29.8,False,220,True,True,True,122.0,65.0,6,False,3,False,44.0,16.0,True,False,False,2,False,False,SYNTHETIC,71.5,High,66.1
ORG-02122,medium,finance,1062,1578,81,75.2,67.2,17,69.3,True,True,3,78,True,62.3,83.0,23,True,True,87.1,True,False,38.8,95.0,True,True,34,16,32,7,6,True,16,True,81.8,True,275,True,True,True,58.0,39.0,24,True,3,False,21.0,9.0,False,False,False,2,True,False,SYNTHETIC,27.8,Moderate,28.7
ORG-02123,large,government,14522,22537,2253,64.4,48.6,452,76.6,False,False,4,83,True,57.6,57.3,18,True,False,70.3,True,True,60.4,95.0,True,False,41,29,30,22,24,False,8,True,60.7,False,257,False,False,False,90.0,51.0,6,False,3,True,35.0,12.0,True,True,True,0,False,False,SYNTHETIC,48.1,Moderate,48.5
ORG-02124,medium,energy,197,246,19,52.9,28.7,6,41.1,True,True,3,61,True,42.5,66.0,35,False,True,64.5,True,False,57.4,83.8,True,False,50,32,36,18,12,True,8,True,40.3,True,312,True,True,True,54.0,57.0,6,False,3,False,33.0,15.0,True,True,True,0,False,False,SYNTHETIC,40.1,Moderate,40.7
ORG-02125,large,retail,8635,17281,2673,71.0,42.6,537,48.2,True,True,4,131,True,74.4,48.4,49,True,True,63.4,True,True,69.5,67.8,True,False,49,18,45,17,6,False,24,True,44.6,False,235,True,True,True,77.0,40.0,24,True,6,True,27.0,3.0,False,True,True,0,False,False,SYNTHETIC,30.7,Moderate,32.4
ORG-02126,large,education,16898,34009,2814,63.6,62.6,566,91.9,True,True,5,62,True,45.1,72.2,15,True,True,77.2,True,True,68.9,94.8,True,True,12,11,15,20,12,True,24,True,77.9,True,411,True,True,True,40.0,15.0,6,True,0,True,26.0,7.0,True,True,True,0,False,False,SYNTHETIC,13.1,Low,12.9
ORG-02127,small,technology,4,4,1,50.0,1.8,5,29.7,False,False,3,103,False,31.8,50.3,56,True,True,49.9,True,False,30.2,53.8,False,True,79,39,69,17,24,False,8,True,54.3,False,210,False,False,False,155.0,44.0,1,True,6,True,38.0,15.0,False,True,False,2,False,False,SYNTHETIC,63.3,High,64.3
ORG-02128,medium,healthcare,434,769,45,93.6,30.9,9,62.5,True,True,4,112,True,54.0,58.9,30,True,True,79.2,True,False,47.7,61.2,True,False,36,37,49,12,6,True,8,True,65.1,True,221,True,True,False,76.0,36.0,6,True,1,False,28.0,14.0,True,False,False,0,False,False,SYNTHETIC,34.7,Moderate,34.0
ORG-02129,medium,energy,352,609,50,60.2,44.2,11,88.1,True,True,4,68,True,91.1,76.2,14,False,True,76.8,True,True,67.2,81.5,True,True,26,10,17,9,24,True,8,True,61.6,True,313,True,True,True,48.0,8.0,12,True,3,True,10.0,5.0,True,True,True,2,False,False,SYNTHETIC,12.9,Low,16.6
ORG-02130,medium,education,1559,2193,223,41.9,28.9,47,62.6,False,False,3,91,False,40.6,79.7,31,False,True,61.6,True,True,65.1,68.6,False,True,55,24,24,16,6,False,16,True,36.1,False,298,True,True,False,56.0,46.0,6,True,0,True,25.0,6.0,True,False,True,1,True,False,SYNTHETIC,40.7,Moderate,42.0
ORG-02131,small,energy,10,13,1,85.5,14.4,3,51.5,False,False,2,155,False,40.7,22.7,42,False,True,29.9,True,False,40.5,55.6,True,True,63,42,68,25,0,False,0,False,30.6,False,146,True,False,False,191.0,104.0,6,False,1,False,42.0,19.0,False,False,True,2,True,False,SYNTHETIC,74.1,High,72.9
ORG-02132,small,education,32,42,1,68.3,28.8,2,0.0,False,False,1,178,False,30.1,20.0,62,False,True,10.0,True,False,2.5,17.4,False,False,107,65,78,36,12,False,0,False,3.1,False,14,False,False,False,174.0,144.0,6,False,3,False,82.0,31.0,False,False,False,4,False,False,SYNTHETIC,100.0,Critical,91.3
ORG-02133,small,healthcare,32,36,2,25.4,40.6,3,5.4,False,False,1,200,False,4.9,20.0,62,False,False,16.3,True,False,7.9,26.8,False,False,84,51,71,39,6,False,8,True,8.5,False,22,False,False,False,226.0,130.0,168,False,0,False,64.0,26.0,False,False,False,2,True,False,SYNTHETIC,99.2,Critical,89.3
ORG-02134,medium,government,1401,2287,118,36.2,27.3,28,88.7,True,True,5,113,True,65.4,71.7,20,True,True,80.8,False,True,77.9,86.4,False,True,23,22,10,10,6,True,16,True,59.9,True,331,True,True,True,31.0,22.0,12,True,3,True,10.0,1.0,True,True,False,1,True,False,SYNTHETIC,14.5,Low,15.5
ORG-02135,small,education,36,53,2,96.3,40.7,2,25.9,False,False,2,139,False,57.9,47.4,36,False,True,55.2,True,False,67.2,42.6,True,True,50,39,58,17,12,False,0,False,42.3,False,159,False,False,False,124.0,80.0,6,False,1,False,35.0,17.0,True,True,True,2,True,False,SYNTHETIC,67.0,High,67.5
ORG-02136,small,retail,9,9,1,60.3,0.0,5,75.6,False,False,2,136,True,63.6,49.7,33,False,False,55.0,True,False,28.4,51.1,True,True,56,43,43,25,0,False,0,False,45.0,False,227,True,True,True,97.0,43.0,24,False,6,False,52.0,9.0,False,False,False,1,True,False,SYNTHETIC,62.9,High,61.6
ORG-02137,medium,healthcare,615,1039,118,15.0,60.5,27,45.0,False,False,3,110,True,46.7,46.7,33,False,False,39.6,True,True,29.8,60.1,True,True,54,35,52,26,12,False,8,True,42.4,False,138,True,True,True,157.0,64.0,1,True,6,True,41.0,17.0,False,True,False,3,False,False,SYNTHETIC,54.6,High,51.6
ORG-02138,small,technology,12,13,1,100.0,29.1,3,35.2,False,False,2,154,True,61.4,35.1,43,False,True,37.4,True,True,24.2,40.5,False,False,71,48,54,25,12,False,16,True,45.9,False,187,True,False,False,130.0,66.0,72,True,12,False,57.0,19.0,True,False,False,2,False,False,SYNTHETIC,59.1,High,60.1
ORG-02139,medium,manufacturing,521,786,64,29.7,51.9,15,44.0,False,False,2,146,False,42.8,39.3,37,True,True,51.8,True,True,36.3,57.1,True,True,52,22,44,18,0,True,24,True,52.7,True,226,True,True,False,98.0,63.0,24,False,0,False,26.0,14.0,False,True,False,1,False,False,SYNTHETIC,51.4,High,52.2
ORG-02140,medium,government,2328,3233,256,71.7,60.6,52,60.3,True,True,3,106,True,34.8,67.8,36,False,False,44.2,True,False,71.4,64.1,True,False,47,34,28,15,24,True,8,True,60.1,True,216,False,False,True,97.0,53.0,6,False,0,False,22.0,10.0,True,True,False,0,False,True,SYNTHETIC,47.5,Moderate,45.1
ORG-02141,medium,retail,428,713,50,49.1,62.5,14,86.8,True,True,3,126,True,48.0,47.7,37,True,True,46.3,True,True,33.6,55.9,False,False,59,35,50,16,12,True,0,True,45.0,True,231,False,False,True,78.0,56.0,12,True,6,True,40.0,22.0,True,True,False,1,False,False,SYNTHETIC,38.7,Moderate,37.1
ORG-02142,small,finance,51,59,2,69.8,50.7,2,37.4,False,False,2,158,True,21.6,51.9,53,False,False,48.1,True,True,0.0,66.4,False,False,76,45,80,30,0,True,8,True,33.5,True,102,False,False,False,138.0,87.0,6,True,12,False,50.0,12.0,False,True,False,0,False,False,SYNTHETIC,63.8,High,63.3
ORG-02143,medium,education,611,1010,73,75.1,22.3,20,44.8,False,False,2,124,True,44.4,46.6,53,True,False,39.2,False,True,25.9,40.8,True,True,74,46,44,24,24,True,8,True,48.7,True,168,True,False,False,160.0,57.0,72,True,12,False,36.0,16.0,False,False,False,0,False,False,SYNTHETIC,56.8,High,58.1
ORG-02144,small,finance,23,34,1,81.7,1.9,5,18.7,False,False,2,154,False,12.1,20.0,52,False,True,15.7,True,False,17.2,28.6,True,True,85,61,68,27,0,False,8,True,15.8,False,37,False,False,False,169.0,103.0,72,False,6,False,51.0,23.0,False,False,False,2,False,True,SYNTHETIC,95.7,Critical,82.8
ORG-02145,small,finance,30,36,1,84.2,16.1,2,48.1,False,False,2,130,False,35.8,42.7,60,False,True,43.4,True,False,54.7,40.3,False,False,73,39,47,23,12,True,0,True,16.0,True,190,False,False,False,150.0,95.0,12,False,0,False,57.0,18.0,False,True,False,4,False,False,SYNTHETIC,78.4,Critical,71.8
ORG-02146,small,education,9,12,1,35.9,28.0,1,35.6,False,False,3,187,False,0.0,20.8,56,False,False,47.7,True,True,34.3,36.0,True,False,72,40,77,26,24,False,0,False,21.6,False,105,True,False,False,135.0,82.0,72,False,12,True,53.0,18.0,False,True,False,3,False,True,SYNTHETIC,76.8,Critical,73.0
ORG-02147,small,manufacturing,34,48,1,79.3,18.7,4,23.3,False,False,2,168,False,9.3,20.0,59,False,False,24.5,True,False,30.2,24.9,False,True,94,39,60,32,0,False,8,True,33.7,False,52,False,False,False,183.0,104.0,6,False,3,False,52.0,17.0,False,False,False,2,True,True,SYNTHETIC,84.6,Critical,84.9
ORG-02148,small,manufacturing,114,138,9,50.3,67.0,4,28.4,False,False,2,131,True,13.7,34.6,47,True,False,37.6,True,False,28.4,25.3,False,True,71,45,38,30,0,False,0,False,39.0,False,171,True,False,True,121.0,74.0,6,False,6,True,45.0,13.0,False,False,False,1,False,False,SYNTHETIC,70.8,High,71.3
ORG-02149,small,retail,32,39,2,100.0,68.0,1,36.9,True,True,3,133,False,44.8,31.5,34,False,True,70.5,True,False,27.2,43.3,True,False,59,23,40,19,12,False,0,False,57.3,False,221,True,True,True,85.0,69.0,24,True,6,True,39.0,11.0,False,True,True,2,True,False,SYNTHETIC,45.7,Moderate,46.1
ORG-02150,medium,manufacturing,500,700,39,44.1,30.9,10,29.2,False,False,3,123,True,59.2,47.4,31,True,True,79.0,True,True,45.6,66.8,True,False,43,44,35,10,0,True,16,True,53.9,True,307,True,True,True,111.0,55.0,12,False,3,True,30.0,18.0,True,True,False,2,False,False,SYNTHETIC,39.8,Moderate,39.3
ORG-02151,small,finance,49,69,3,48.9,40.9,1,56.4,False,False,4,85,True,41.9,57.9,39,True,True,71.5,True,True,57.7,86.4,True,False,38,29,31,23,12,True,0,True,57.1,True,245,True,False,False,75.0,70.0,72,True,1,True,43.0,12.0,True,True,False,1,True,False,SYNTHETIC,37.8,Moderate,37.9
ORG-02152,medium,manufacturing,1278,1566,91,38.0,21.4,23,62.6,False,False,3,100,False,50.1,43.4,31,True,True,68.4,True,False,45.1,62.6,False,False,38,40,41,23,12,True,8,True,63.8,True,250,False,False,True,107.0,61.0,12,False,12,False,31.0,13.0,False,False,True,2,True,False,SYNTHETIC,63.9,High,62.1
ORG-02153,small,healthcare,30,37,2,58.4,29.2,2,5.9,False,False,1,186,False,36.8,21.9,48,False,False,39.6,True,True,8.7,44.5,False,False,71,51,45,31,12,False,8,True,14.8,False,131,False,False,False,148.0,91.0,12,False,6,True,70.0,17.0,False,False,False,4,False,True,SYNTHETIC,86.8,Critical,80.7
ORG-02154,large,healthcare,8981,16462,2240,70.9,45.5,452,67.7,True,True,4,88,True,91.4,74.4,13,True,True,92.9,True,False,55.9,87.8,True,True,24,27,27,11,6,True,16,True,76.1,True,316,True,True,True,51.0,27.0,12,True,3,False,36.0,6.0,True,True,False,3,False,False,SYNTHETIC,26.0,Moderate,23.5
ORG-02155,medium,manufacturing,920,1569,182,76.4,47.3,41,42.1,False,False,4,142,False,32.8,47.5,29,False,True,54.7,True,False,25.2,60.2,True,True,67,35,56,18,12,True,8,True,62.5,True,215,False,False,True,86.0,85.0,1,True,12,True,26.0,21.0,True,False,True,1,True,False,SYNTHETIC,53.2,High,51.4
ORG-02156,medium,manufacturing,981,1640,90,60.8,60.4,21,47.2,False,False,2,119,False,25.8,40.8,44,True,False,50.6,True,False,50.9,38.4,True,False,57,46,44,23,0,True,16,True,41.8,True,218,True,False,True,133.0,66.0,6,False,0,True,52.0,17.0,True,False,False,1,True,False,SYNTHETIC,60.7,High,57.9
ORG-02157,medium,technology,331,484,43,63.3,37.2,10,55.8,True,True,4,105,True,41.6,61.8,16,False,True,56.5,True,False,63.3,69.0,False,False,34,26,27,22,24,True,24,True,52.6,True,260,True,True,False,61.0,52.0,6,False,6,True,31.0,13.0,False,True,True,3,False,False,SYNTHETIC,46.4,Moderate,43.3
ORG-02158,medium,government,361,554,32,47.0,50.1,8,63.1,True,True,5,83,True,71.5,59.0,26,True,False,82.9,True,True,40.5,74.6,True,True,19,24,12,13,12,True,0,True,69.5,False,306,True,True,True,77.0,51.0,12,False,3,True,10.0,5.0,True,True,True,2,False,True,SYNTHETIC,29.9,Moderate,27.5
ORG-02159,small,education,58,85,2,46.0,82.1,4,47.2,False,False,2,150,True,26.0,42.7,39,True,False,61.5,True,False,41.7,45.5,True,True,77,41,57,17,12,True,8,True,48.2,False,121,False,False,False,140.0,65.0,6,True,1,True,48.0,11.0,False,False,True,1,False,False,SYNTHETIC,55.0,High,56.1
ORG-02160,large,government,7890,13535,1567,93.3,27.9,318,62.9,True,True,4,119,True,43.9,67.5,26,True,True,64.1,True,True,33.2,76.6,True,False,31,25,24,15,12,True,24,True,42.0,True,245,False,False,True,100.0,69.0,12,True,12,False,23.0,11.0,True,True,False,0,False,False,SYNTHETIC,29.7,Moderate,31.4
ORG-02161,medium,retail,2073,3071,280,29.7,33.4,61,82.9,True,True,5,46,False,79.9,76.8,28,True,True,95.9,True,True,60.8,73.2,True,True,34,24,39,4,6,True,8,True,46.3,True,270,True,True,True,77.0,29.0,6,True,12,True,23.0,8.0,True,True,True,1,True,False,SYNTHETIC,23.5,Low,22.3
ORG-02162,large,government,3847,8583,1463,94.8,57.3,293,89.9,True,True,4,50,True,87.5,77.2,19,True,True,86.8,True,True,100.0,77.4,True,True,25,14,21,8,6,True,24,True,78.4,False,329,True,True,True,30.0,51.0,24,True,3,True,7.0,7.0,True,True,True,1,True,False,SYNTHETIC,11.7,Low,11.7
ORG-02163,medium,manufacturing,966,1344,67,45.3,22.6,14,45.0,True,True,3,108,True,60.6,54.7,29,False,False,55.6,True,True,58.1,51.3,False,True,58,37,52,13,0,True,16,True,35.8,True,211,False,False,True,106.0,48.0,12,True,1,False,34.0,16.0,False,True,True,1,True,False,SYNTHETIC,39.4,Moderate,41.1
ORG-02164,small,finance,46,57,1,61.7,15.3,4,32.3,False,False,3,146,False,21.0,20.0,40,False,False,48.8,True,False,57.3,47.2,True,True,53,53,66,20,24,False,0,False,44.6,False,181,False,False,False,168.0,90.0,6,False,12,False,45.0,21.0,True,False,True,1,False,False,SYNTHETIC,76.6,Critical,75.4
ORG-02165,small,energy,181,255,10,75.1,38.4,2,58.9,False,False,4,136,False,50.9,62.7,32,False,True,53.8,True,True,55.2,45.1,True,True,47,33,25,13,12,False,16,True,64.4,False,190,True,True,True,116.0,84.0,6,True,6,True,42.0,17.0,True,True,False,2,False,False,SYNTHETIC,39.7,Moderate,38.8
ORG-02166,small,technology,28,34,1,52.5,28.4,3,39.8,False,False,3,130,False,25.7,49.7,32,False,False,51.6,True,False,80.1,67.3,True,True,56,30,36,25,0,False,0,False,64.0,False,134,True,False,True,120.0,80.0,6,True,12,True,50.0,15.0,False,False,False,3,False,False,SYNTHETIC,59.2,High,59.7
ORG-02167,medium,education,572,978,95,44.5,9.1,21,29.4,False,False,3,125,False,65.8,50.4,44,False,False,59.3,True,False,42.1,43.8,True,True,54,47,53,27,12,False,16,True,25.8,False,190,False,False,False,129.0,80.0,72,False,3,False,42.0,13.0,True,False,True,1,True,False,SYNTHETIC,76.8,Critical,70.1
ORG-02168,small,government,36,44,1,59.0,0.0,4,25.3,False,False,3,119,False,78.8,48.8,40,False,True,37.3,True,True,38.4,35.4,False,False,56,39,40,31,6,True,8,True,63.3,True,152,True,False,False,129.0,78.0,12,True,12,False,38.0,18.0,False,False,True,3,True,False,SYNTHETIC,58.0,High,58.6
ORG-02169,small,finance,30,42,1,86.9,8.3,3,52.7,False,False,4,99,False,36.3,47.1,40,False,True,69.6,True,False,68.0,71.5,True,False,48,18,37,17,6,False,0,False,63.5,False,260,False,False,True,92.0,35.0,12,True,6,True,40.0,8.0,False,True,False,2,True,False,SYNTHETIC,50.3,High,50.4
ORG-02170,medium,energy,879,1188,73,90.4,29.6,16,54.7,False,True,4,84,True,29.7,54.4,33,False,True,82.6,True,True,67.8,59.1,True,True,66,40,40,26,12,True,8,True,22.8,True,258,False,False,True,75.0,76.0,6,True,12,True,28.0,9.0,True,False,False,1,False,False,SYNTHETIC,41.5,Moderate,42.3
ORG-02171,small,technology,41,60,4,74.2,44.2,1,9.0,False,False,2,186,False,37.1,20.0,50,False,False,17.6,True,False,19.8,42.7,False,False,87,54,58,30,12,False,0,False,26.8,False,92,False,False,False,179.0,103.0,24,False,6,False,48.0,22.0,True,False,False,6,False,False,SYNTHETIC,95.2,Critical,85.6
ORG-02172,small,energy,101,135,3,42.1,40.1,2,39.3,False,False,2,189,False,12.8,23.2,50,True,False,29.2,True,False,33.3,33.9,False,False,90,49,61,22,24,False,8,True,18.9,False,106,False,False,True,155.0,92.0,1,False,12,False,49.0,19.0,False,False,True,5,True,False,SYNTHETIC,87.7,Critical,82.4
ORG-02173,small,manufacturing,16,19,1,84.5,60.8,3,29.7,False,False,3,141,False,34.8,31.9,53,False,False,35.3,True,True,41.1,52.4,False,False,58,44,52,27,12,False,8,True,17.6,False,193,True,False,True,152.0,88.0,72,False,6,True,35.0,15.0,True,True,True,4,False,False,SYNTHETIC,70.8,High,64.6
ORG-02174,small,technology,94,139,10,68.0,0.0,8,30.1,False,False,2,179,True,31.0,34.6,48,True,False,37.4,True,True,0.0,60.8,True,False,81,45,60,29,12,True,8,True,32.0,True,135,False,False,False,144.0,109.0,12,False,12,False,50.0,25.0,True,False,True,3,False,False,SYNTHETIC,65.2,High,68.1
ORG-02175,small,manufacturing,6,7,1,64.9,2.6,5,31.1,False,False,2,141,True,10.3,20.0,46,False,True,34.2,True,False,31.7,30.3,False,False,79,62,39,27,0,False,24,True,31.9,False,122,False,False,True,185.0,69.0,6,False,12,False,62.0,21.0,True,False,False,3,True,False,SYNTHETIC,74.4,High,70.7
ORG-02176,medium,manufacturing,919,1493,167,57.6,36.4,37,30.1,False,False,1,166,False,35.8,36.5,47,False,False,44.6,True,False,31.8,43.7,False,False,67,50,70,30,12,False,8,True,20.0,False,110,True,False,False,116.0,92.0,12,True,3,True,66.0,21.0,True,False,True,3,True,False,SYNTHETIC,66.8,High,68.5
ORG-02177,large,energy,10747,16770,2177,95.0,35.1,438,68.9,True,True,3,73,True,59.8,43.9,37,False,False,57.9,True,True,77.6,49.4,False,True,37,27,61,11,6,True,8,True,57.1,True,270,False,False,True,69.0,59.0,6,True,12,True,39.0,15.0,False,True,True,0,False,False,SYNTHETIC,38.6,Moderate,38.7
ORG-02178,small,technology,16,22,1,82.6,0.0,4,6.9,False,False,1,214,False,0.0,20.0,66,False,False,23.1,True,False,17.9,10.0,False,False,87,67,91,25,0,False,0,False,4.0,False,34,False,False,False,179.0,113.0,24,False,3,False,70.0,22.0,False,False,True,7,False,True,SYNTHETIC,98.3,Critical,88.5
ORG-02179,medium,education,183,253,20,78.4,49.5,7,42.8,False,False,3,116,False,20.7,49.4,37,False,False,38.3,True,False,49.4,53.5,True,False,66,42,57,20,12,True,0,True,37.3,False,175,True,True,False,139.0,103.0,6,True,6,True,60.0,11.0,False,False,True,2,False,False,SYNTHETIC,60.1,High,59.7
ORG-02180,small,technology,16,22,1,34.0,57.6,4,37.8,False,False,2,128,True,27.1,46.8,38,True,False,51.1,True,False,19.1,55.1,True,False,66,46,55,32,24,False,0,False,51.7,False,176,False,False,False,135.0,100.0,12,True,3,False,54.0,15.0,True,False,True,1,False,False,SYNTHETIC,67.2,High,65.7
ORG-02181,medium,government,2520,4407,367,93.9,13.3,76,35.7,False,False,2,130,True,68.9,29.1,46,True,True,48.8,True,True,44.4,54.3,False,False,68,39,48,18,12,False,0,False,26.9,False,149,True,False,False,69.0,81.0,12,False,1,False,47.0,14.0,True,False,True,1,True,False,SYNTHETIC,69.8,High,63.5
ORG-02182,small,education,30,38,2,100.0,43.5,4,21.9,False,False,3,112,False,32.5,35.4,43,False,False,49.5,True,False,33.6,57.3,False,True,57,52,64,28,12,False,16,True,30.3,False,73,True,False,False,117.0,68.0,6,False,3,False,35.0,19.0,False,True,False,1,False,False,SYNTHETIC,75.1,Critical,75.5
ORG-02183,medium,education,175,257,16,51.2,53.8,4,42.4,False,False,2,146,False,39.9,37.2,52,False,False,44.8,True,False,37.5,67.2,True,True,81,55,49,32,6,True,8,True,31.2,True,167,False,False,False,154.0,91.0,6,False,1,False,47.0,23.0,False,True,False,2,False,False,SYNTHETIC,69.7,High,70.9
ORG-02184,medium,technology,199,316,32,95.0,32.6,7,45.1,False,False,3,162,True,10.0,53.3,45,True,False,26.0,True,True,20.7,42.0,False,True,64,45,55,33,0,True,8,True,46.0,True,153,False,False,True,117.0,89.0,12,False,12,False,64.0,11.0,False,True,True,2,False,False,SYNTHETIC,66.1,High,64.9
ORG-02185,medium,government,741,1098,101,72.6,41.8,24,68.8,True,True,3,104,True,68.6,69.4,39,False,True,63.4,True,False,46.1,57.1,False,True,44,37,34,18,12,True,8,True,43.5,True,233,True,True,False,54.0,53.0,72,False,12,True,30.0,9.0,True,True,True,2,True,False,SYNTHETIC,39.6,Moderate,42.7
ORG-02186,small,healthcare,36,51,2,61.8,31.7,1,16.0,False,False,2,179,False,67.7,25.2,77,False,False,13.9,True,False,12.0,31.7,False,False,83,63,76,31,0,False,16,True,16.1,False,78,False,False,False,203.0,121.0,24,False,12,False,81.0,26.0,True,False,False,4,True,False,SYNTHETIC,98.3,Critical,86.0
ORG-02187,small,energy,81,98,4,87.0,16.8,1,60.3,True,True,3,107,False,68.6,66.0,29,True,True,60.8,False,True,74.3,57.1,True,False,26,21,29,6,12,True,0,True,50.8,True,278,False,False,False,42.0,40.0,12,True,1,True,19.0,7.0,True,False,False,1,False,False,SYNTHETIC,31.1,Moderate,34.3
ORG-02188,small,manufacturing,93,94,5,77.6,59.6,3,11.3,False,False,1,185,False,0.0,20.0,62,False,False,22.1,True,False,0.9,26.1,False,False,92,55,77,36,24,False,0,False,10.8,False,16,False,False,False,180.0,125.0,12,True,3,True,86.0,22.0,False,True,False,5,False,False,SYNTHETIC,87.6,Critical,81.5
ORG-02189,small,manufacturing,11,15,1,64.5,38.5,1,27.3,False,False,2,149,True,19.6,26.7,48,False,False,32.4,True,True,13.0,41.4,True,False,79,34,51,31,0,False,0,False,23.6,False,135,True,False,True,168.0,77.0,168,False,0,True,52.0,23.0,False,False,False,4,False,False,SYNTHETIC,76.0,Critical,68.1
ORG-02190,small,retail,14,20,1,66.4,0.0,7,0.0,False,False,1,200,False,0.0,20.0,61,False,False,36.0,True,False,18.8,16.5,False,False,92,80,87,33,0,False,8,True,4.6,False,14,False,False,False,216.0,81.0,12,False,6,False,73.0,25.0,False,False,False,3,True,False,SYNTHETIC,100.0,Critical,90.2
ORG-02191,small,education,65,83,2,59.2,31.8,4,46.0,False,False,3,162,False,36.0,33.0,43,True,True,41.8,True,False,59.3,55.5,False,False,60,37,64,21,0,False,0,False,40.9,False,212,False,False,False,88.0,113.0,24,False,3,True,64.0,11.0,False,True,False,1,True,False,SYNTHETIC,74.3,High,70.6
ORG-02192,small,energy,72,80,4,45.7,32.1,3,18.8,False,False,3,146,False,32.7,44.7,43,False,True,50.5,True,False,28.6,43.2,False,True,55,51,51,22,0,True,0,True,48.5,True,191,True,True,False,142.0,78.0,6,True,6,False,50.0,13.0,True,False,True,1,False,False,SYNTHETIC,64.1,High,58.5
ORG-02193,medium,technology,876,1443,114,49.5,48.9,23,72.2,True,True,5,77,True,39.5,77.5,17,True,True,75.5,True,True,53.3,63.7,True,True,40,30,33,11,12,True,8,True,57.6,True,282,True,True,True,61.0,44.0,6,True,1,True,16.0,10.0,True,True,True,0,False,False,SYNTHETIC,22.1,Low,20.0
ORG-02194,small,manufacturing,18,20,1,47.2,62.0,3,42.4,False,False,3,116,True,41.4,50.6,36,True,True,65.1,True,False,9.9,43.5,True,True,53,37,39,25,12,False,0,False,37.7,False,234,True,False,False,89.0,83.0,24,True,1,True,35.0,12.0,True,False,False,0,False,False,SYNTHETIC,52.9,High,53.9
ORG-02195,small,education,150,209,5,100.0,10.2,4,6.5,False,False,1,197,True,19.4,20.0,51,False,False,31.6,True,False,0.0,26.9,False,False,82,64,63,31,24,False,8,True,0.0,False,122,False,False,True,188.0,95.0,6,True,3,True,56.0,16.0,False,False,False,4,False,False,SYNTHETIC,83.5,Critical,76.2
ORG-02196,small,healthcare,74,92,7,51.8,34.9,1,25.3,False,False,1,185,False,1.5,20.0,44,True,False,26.8,True,False,0.0,19.1,False,False,74,51,69,36,0,False,0,False,34.1,False,125,False,False,False,160.0,118.0,6,False,3,True,60.0,20.0,False,False,False,0,False,False,SYNTHETIC,86.3,Critical,83.5
ORG-02197,small,education,54,56,4,78.7,15.0,3,53.7,False,False,4,127,True,31.9,35.7,46,True,False,47.0,False,True,46.2,51.2,True,False,50,36,26,15,12,False,16,True,24.3,False,195,True,True,False,98.0,64.0,12,True,1,False,55.0,14.0,False,False,False,2,False,False,SYNTHETIC,46.5,Moderate,49.6
ORG-02198,medium,technology,1089,1826,96,53.0,57.0,20,63.6,False,False,3,146,False,42.7,51.1,31,True,True,46.6,True,True,53.7,52.1,True,True,61,40,41,18,0,True,24,True,43.6,False,232,True,True,True,102.0,43.0,24,True,12,False,31.0,7.0,True,True,False,2,False,False,SYNTHETIC,39.4,Moderate,40.8
ORG-02199,medium,finance,545,776,83,46.3,54.9,18,39.2,False,False,2,122,False,39.8,26.8,25,False,True,50.6,True,True,37.9,46.6,True,True,60,28,45,25,6,False,0,False,42.5,False,166,False,False,False,111.0,63.0,12,False,12,False,39.0,14.0,False,False,False,0,False,False,SYNTHETIC,70.8,High,71.4
ORG-02200,medium,retail,313,384,30,67.1,83.8,8,33.2,False,False,3,127,False,52.5,33.3,48,False,True,43.2,True,True,48.3,36.5,True,False,56,58,30,21,12,False,8,True,47.0,False,191,False,False,False,128.0,85.0,12,False,12,True,39.0,15.0,True,False,False,2,False,False,SYNTHETIC,64.6,High,63.3
ORG-02201,small,energy,84,120,2,70.8,33.3,2,35.7,False,False,3,178,False,17.5,25.5,30,False,False,38.4,True,True,23.7,56.1,False,False,73,36,77,35,24,True,16,True,35.5,True,152,False,False,True,165.0,79.0,6,False,6,True,36.0,18.0,True,False,False,1,True,True,SYNTHETIC,70.0,High,67.8
ORG-02202,small,manufacturing,51,65,4,76.5,37.5,5,3.7,False,False,1,181,False,0.0,20.0,61,False,False,10.3,True,False,0.0,21.2,False,False,108,65,73,32,0,False,0,False,0.0,False,65,False,False,True,179.0,110.0,12,False,0,False,76.0,19.0,False,False,False,1,False,False,SYNTHETIC,100.0,Critical,90.1
ORG-02203,small,healthcare,17,19,1,80.6,64.7,3,68.5,True,True,4,68,True,82.3,69.7,15,True,True,77.1,True,True,66.9,90.4,True,True,41,10,13,7,12,True,0,True,58.5,True,406,True,True,False,70.0,30.0,12,True,6,True,15.0,7.0,True,True,False,0,False,False,SYNTHETIC,22.1,Low,22.3
ORG-02204,medium,manufacturing,544,790,92,57.7,28.6,21,23.0,False,False,2,194,False,19.1,20.0,65,False,False,28.3,True,False,47.0,24.4,False,False,87,57,72,29,0,False,8,True,3.2,False,108,False,False,False,144.0,90.0,24,True,6,False,58.0,22.0,False,False,False,2,False,False,SYNTHETIC,79.9,Critical,79.2
ORG-02205,small,education,17,24,1,27.1,38.4,5,22.6,False,False,3,134,False,42.6,49.2,48,False,False,38.5,True,True,27.1,67.2,False,False,57,48,62,24,12,False,0,False,28.6,False,183,False,False,False,126.0,82.0,12,True,3,False,46.0,19.0,True,True,False,0,False,False,SYNTHETIC,64.1,High,64.8
ORG-02206,medium,retail,1117,1443,79,42.7,58.3,19,15.6,False,False,2,170,False,41.5,20.4,43,False,False,38.5,True,False,26.1,46.2,False,False,53,48,56,20,24,False,16,True,7.6,False,127,False,False,True,134.0,74.0,6,False,6,False,52.0,18.0,True,False,False,0,False,False,SYNTHETIC,93.1,Critical,78.6
ORG-02207,small,government,21,27,1,97.2,0.0,2,34.2,False,False,3,151,False,26.8,27.3,54,False,False,46.3,True,False,31.2,53.2,False,False,60,46,28,24,12,False,0,False,8.9,False,118,False,False,False,129.0,75.0,12,True,1,True,36.0,12.0,True,False,True,1,False,False,SYNTHETIC,62.8,High,64.7
ORG-02208,small,energy,95,122,4,58.6,23.0,3,51.0,False,False,3,107,True,47.6,59.8,35,True,False,69.5,True,True,60.6,55.9,True,True,45,42,20,14,6,True,0,True,48.8,False,212,False,False,False,70.0,81.0,12,True,3,False,36.0,14.0,True,True,False,0,False,False,SYNTHETIC,39.7,Moderate,42.1
ORG-02209,medium,technology,300,384,34,36.4,23.0,9,23.2,False,False,3,108,True,33.6,36.6,48,False,True,54.4,True,True,16.5,45.4,True,False,63,44,37,27,12,True,24,True,44.9,True,188,False,False,True,111.0,60.0,72,True,6,False,40.0,11.0,False,False,False,2,False,False,SYNTHETIC,53.0,High,51.4
ORG-02210,small,healthcare,27,33,1,71.6,23.8,4,16.0,True,True,3,156,True,51.1,53.8,50,True,True,48.6,True,False,8.3,38.9,True,True,44,34,23,22,12,False,8,True,49.7,False,262,False,False,True,115.0,75.0,6,False,6,True,40.0,18.0,False,False,False,1,True,False,SYNTHETIC,56.9,High,56.7
ORG-02211,medium,energy,737,1274,83,35.1,32.0,21,54.1,False,False,2,105,True,46.3,28.6,43,True,False,47.4,True,True,19.4,49.5,True,False,69,38,60,14,12,False,16,True,42.0,False,219,True,False,True,80.0,82.0,24,True,6,False,44.0,11.0,True,False,True,1,False,False,SYNTHETIC,52.0,High,50.6
ORG-02212,small,education,4,5,1,41.2,1.9,1,64.6,True,True,3,116,True,53.2,61.1,33,True,True,62.9,False,False,65.4,69.7,True,True,49,30,57,15,12,True,0,True,58.4,True,254,True,True,False,100.0,53.0,6,False,12,True,30.0,2.0,True,True,False,1,False,False,SYNTHETIC,41.0,Moderate,44.1
ORG-02213,medium,technology,1673,2909,170,28.6,28.1,35,90.7,True,True,4,44,True,100.0,73.5,4,True,True,95.9,True,True,98.4,100.0,True,True,3,8,35,9,12,True,8,True,65.0,False,377,True,True,True,50.0,16.0,6,True,1,True,1.0,7.0,True,True,True,0,False,False,SYNTHETIC,13.4,Low,13.8
ORG-02214,small,technology,7,7,1,57.9,36.5,3,19.9,False,False,4,148,False,32.4,49.1,45,False,False,51.3,True,False,60.4,41.7,False,True,63,40,42,28,24,False,0,False,49.0,False,215,True,True,True,74.0,96.0,168,True,3,False,46.0,14.0,True,True,True,0,False,False,SYNTHETIC,67.1,High,59.7
ORG-02215,medium,retail,458,791,89,50.4,9.6,19,58.2,False,False,4,103,True,56.5,42.1,34,True,False,49.7,True,True,34.5,70.8,False,True,48,30,53,22,12,True,8,True,54.3,True,177,True,True,True,84.0,59.0,24,False,0,False,35.0,16.0,True,True,True,2,False,False,SYNTHETIC,51.3,High,49.3
ORG-02216,small,technology,27,29,2,27.4,25.8,2,36.3,False,False,3,136,True,28.3,34.8,47,False,False,51.2,True,False,0.0,37.7,False,False,99,64,42,43,12,False,8,True,39.3,False,117,True,False,False,177.0,68.0,12,False,3,True,49.0,17.0,True,False,False,2,True,False,SYNTHETIC,68.9,High,68.8
ORG-02217,medium,education,485,689,82,42.3,43.1,19,56.9,False,False,3,119,False,56.7,45.2,39,True,True,51.1,True,True,36.4,46.1,True,False,62,27,37,17,24,False,16,True,40.8,False,181,False,False,True,103.0,66.0,72,True,6,True,32.0,5.0,True,True,False,2,True,False,SYNTHETIC,49.0,Moderate,48.4
ORG-02218,medium,technology,284,463,43,70.2,33.1,10,75.9,True,True,4,79,True,59.8,45.9,40,False,True,31.5,True,True,63.5,65.6,True,True,41,29,32,24,12,True,16,True,62.5,True,249,False,False,True,80.0,84.0,72,False,6,True,26.0,13.0,True,False,True,2,False,False,SYNTHETIC,37.3,Moderate,38.7
ORG-02219,medium,education,677,1078,100,23.3,33.6,24,40.6,False,False,2,169,True,35.8,20.0,38,False,True,35.7,True,True,49.8,44.7,False,False,78,49,54,26,12,False,8,True,35.0,False,142,False,False,False,131.0,93.0,6,False,0,True,51.0,18.0,False,True,True,1,False,False,SYNTHETIC,68.0,High,66.3
ORG-02220,small,finance,22,26,1,81.6,0.0,6,79.4,True,True,4,116,False,50.4,72.0,25,True,False,78.4,True,True,42.7,72.8,True,True,44,30,36,14,0,False,8,True,62.7,False,222,True,True,False,134.0,55.0,12,False,6,True,36.0,10.0,True,True,False,1,False,False,SYNTHETIC,42.4,Moderate,41.0
ORG-02221,small,energy,17,23,1,86.4,5.1,5,59.5,False,False,3,111,False,63.0,56.9,37,False,True,56.8,True,True,55.1,87.2,True,False,58,42,34,17,12,True,0,True,52.4,True,258,False,False,False,79.0,52.0,72,True,0,True,32.0,12.0,True,True,False,0,False,False,SYNTHETIC,46.3,Moderate,43.3
ORG-02222,medium,retail,369,601,46,77.9,46.9,12,26.5,False,False,2,184,False,39.0,57.0,50,False,False,35.7,True,False,25.2,35.0,False,True,45,32,45,22,0,False,16,True,34.9,False,157,True,False,False,132.0,54.0,6,True,12,False,38.0,15.0,True,False,False,1,True,False,SYNTHETIC,66.0,High,65.9
ORG-02223,medium,healthcare,284,442,50,68.1,48.8,15,40.7,True,True,3,117,False,54.0,42.8,42,False,False,36.6,True,True,49.6,56.0,True,False,63,36,60,22,12,True,8,True,31.0,True,214,True,False,True,96.0,52.0,1,True,1,False,48.0,12.0,False,True,False,2,True,False,SYNTHETIC,48.6,Moderate,47.6
ORG-02224,large,finance,20352,43476,5913,54.6,53.0,1185,100.0,True,True,4,55,True,91.2,84.8,17,True,True,100.0,True,True,95.0,100.0,True,True,5,3,11,9,6,True,16,True,74.3,False,406,True,True,True,1.0,3.0,12,True,6,True,1.0,8.0,True,True,True,0,False,False,SYNTHETIC,7.7,Low,8.3
ORG-02225,medium,retail,546,936,52,46.1,62.4,10,68.0,True,True,4,93,False,87.3,63.7,36,True,False,69.8,True,True,50.4,68.6,True,False,46,28,31,7,12,False,16,True,35.7,False,190,True,True,True,125.0,52.0,72,False,6,True,21.0,12.0,True,False,True,1,True,False,SYNTHETIC,41.1,Moderate,40.4
ORG-02226,medium,healthcare,388,597,41,49.9,60.4,11,86.9,False,False,4,65,True,67.1,56.8,27,True,True,74.9,True,True,90.4,99.6,False,False,6,24,27,20,12,True,8,True,71.9,True,277,True,True,False,59.0,39.0,24,True,6,False,24.0,13.0,True,True,False,1,False,False,SYNTHETIC,34.2,Moderate,33.5
ORG-02227,medium,energy,432,692,41,39.7,23.5,9,16.4,False,False,2,145,True,1.0,46.0,60,True,True,10.0,True,False,12.3,48.8,True,False,58,53,56,22,0,True,16,True,53.5,True,78,True,False,False,142.0,79.0,1,True,6,False,45.0,22.0,False,True,True,1,True,False,SYNTHETIC,61.5,High,57.2
ORG-02228,large,government,16912,39461,6796,95.0,21.8,1365,71.5,False,False,3,115,True,58.5,57.6,27,True,True,45.9,True,True,76.6,77.8,False,True,38,26,35,12,12,True,16,True,62.3,True,205,False,False,True,64.0,56.0,6,True,3,True,34.0,7.0,True,True,True,2,False,False,SYNTHETIC,36.8,Moderate,34.6
ORG-02229,medium,energy,1033,1659,129,50.7,49.3,28,31.6,False,False,3,162,True,30.0,43.4,50,False,False,42.5,True,False,44.8,42.9,False,True,57,35,54,30,24,True,24,True,38.7,True,206,True,False,False,125.0,111.0,1,False,1,True,58.0,22.0,True,False,True,1,False,False,SYNTHETIC,62.4,High,63.5
ORG-02230,medium,education,1381,2218,236,52.7,10.5,51,44.6,False,False,2,164,False,12.1,20.0,37,True,True,34.9,True,False,32.6,41.8,False,True,56,50,76,25,12,False,8,True,49.0,False,120,True,False,False,128.0,86.0,12,False,0,True,46.0,21.0,False,True,False,3,False,False,SYNTHETIC,70.7,High,70.5
ORG-02231,small,retail,55,56,1,81.2,29.3,4,32.4,False,False,3,168,True,25.7,24.2,31,True,True,54.6,True,False,53.9,42.3,True,False,75,63,66,28,0,False,0,False,31.1,False,115,True,True,False,118.0,95.0,12,False,12,False,44.0,20.0,True,False,True,3,False,False,SYNTHETIC,69.0,High,68.4
ORG-02232,small,technology,23,30,1,100.0,51.7,3,47.4,False,True,3,113,True,66.3,48.9,34,False,False,43.6,False,False,52.1,56.7,True,False,44,42,44,23,0,False,0,False,51.1,False,276,False,False,False,114.0,77.0,1,True,6,False,38.0,14.0,False,False,False,3,False,False,SYNTHETIC,58.9,High,58.8
ORG-02233,small,energy,10,11,1,31.6,9.7,4,56.3,False,False,4,114,False,46.3,52.8,34,True,False,64.1,True,False,74.3,60.5,False,True,39,26,45,17,12,False,8,True,42.7,False,252,True,True,False,92.0,66.0,24,False,6,True,36.0,6.0,False,False,False,0,False,False,SYNTHETIC,65.4,High,63.4
ORG-02234,medium,finance,642,1077,116,36.4,42.4,27,68.2,False,False,2,170,True,34.4,25.3,27,False,False,50.6,True,True,33.4,58.7,True,True,85,45,69,25,6,True,8,True,28.3,False,152,False,False,False,136.0,84.0,6,False,0,False,47.0,17.0,True,False,False,2,False,False,SYNTHETIC,67.1,High,61.8
ORG-02235,small,education,38,47,2,68.0,39.3,1,40.2,False,False,2,115,True,59.6,27.5,38,False,False,54.2,True,False,30.3,46.2,True,True,45,36,45,18,24,False,24,True,61.4,False,225,False,False,True,138.0,89.0,12,False,6,False,45.0,16.0,True,True,True,2,False,False,SYNTHETIC,58.0,High,60.6
ORG-02236,large,finance,8027,15320,1849,58.2,60.4,371,86.7,True,True,4,87,True,59.7,65.8,17,True,True,77.0,True,True,69.7,53.8,True,True,36,16,27,7,12,True,16,True,49.7,True,312,True,True,True,37.0,38.0,6,True,6,True,7.0,8.0,True,True,True,1,False,False,SYNTHETIC,18.4,Low,18.0
ORG-02237,medium,government,310,437,41,80.9,30.1,11,69.1,True,True,4,114,True,21.5,60.1,22,True,True,53.1,True,True,66.1,67.3,True,True,46,39,13,19,12,True,8,True,73.1,True,234,True,False,False,70.0,59.0,12,False,6,False,32.0,2.0,False,True,True,4,False,False,SYNTHETIC,39.5,Moderate,37.8
ORG-02238,medium,retail,127,213,23,53.6,20.7,7,30.1,False,False,2,156,False,38.7,39.5,42,False,True,33.5,True,False,24.5,48.1,False,False,94,41,52,28,0,True,8,True,23.6,True,120,False,False,False,171.0,99.0,24,False,12,False,50.0,22.0,False,False,False,2,True,False,SYNTHETIC,84.5,Critical,78.6
ORG-02239,small,retail,10,14,1,65.6,54.5,2,45.7,False,False,3,149,False,61.0,40.1,38,False,True,37.9,False,False,46.9,41.6,False,True,59,54,60,17,0,False,0,False,43.8,False,206,False,False,True,155.0,75.0,12,True,12,True,59.0,20.0,True,True,True,4,True,False,SYNTHETIC,59.2,High,59.8
ORG-02240,medium,healthcare,149,215,13,55.9,12.6,4,60.7,False,False,3,82,True,67.6,71.3,29,True,True,72.3,True,True,66.9,54.1,False,True,38,19,37,7,12,True,0,True,50.0,True,299,False,False,True,74.0,41.0,12,True,3,True,26.0,9.0,False,True,True,0,False,False,SYNTHETIC,39.0,Moderate,38.6
ORG-02241,medium,healthcare,524,752,79,58.2,26.1,17,92.2,True,True,5,62,True,77.7,87.6,7,True,True,91.5,True,True,90.5,100.0,True,True,17,16,15,11,0,True,8,True,100.0,True,386,True,True,True,45.0,33.0,1,True,1,True,21.0,7.0,True,True,True,0,False,False,SYNTHETIC,9.0,Low,9.7
ORG-02242,medium,manufacturing,663,1077,67,71.5,52.4,16,38.1,False,False,2,152,False,6.2,26.9,48,False,False,23.4,True,False,28.8,48.0,True,True,78,52,66,22,12,False,0,False,2.4,False,105,True,False,True,170.0,88.0,12,False,6,False,59.0,15.0,True,True,False,2,True,False,SYNTHETIC,83.7,Critical,74.1
ORG-02243,small,technology,11,11,1,90.2,0.0,2,34.0,False,False,2,175,False,0.1,20.0,67,False,False,10.0,True,True,21.3,10.0,False,False,99,72,81,29,0,False,16,True,27.0,False,96,False,False,False,199.0,127.0,24,False,6,False,67.0,26.0,False,False,False,7,False,False,SYNTHETIC,88.5,Critical,81.0
ORG-02244,small,healthcare,21,22,1,66.7,33.9,1,18.7,False,False,2,147,False,20.1,51.5,44,False,True,52.6,True,False,12.0,45.9,True,True,62,50,59,27,12,False,0,False,45.7,False,183,True,False,False,128.0,89.0,6,True,3,True,51.0,21.0,True,True,False,4,True,False,SYNTHETIC,68.2,High,61.1
ORG-02245,medium,finance,584,824,93,30.5,39.8,21,55.3,False,False,3,108,True,58.0,47.5,44,True,False,51.8,True,True,70.1,58.2,True,True,47,33,13,25,6,False,8,True,34.3,False,242,False,False,True,91.0,64.0,12,False,3,True,28.0,16.0,True,True,True,1,True,False,SYNTHETIC,48.2,Moderate,48.6
ORG-02246,large,retail,6021,11565,2095,74.4,45.5,421,36.2,False,False,2,158,True,36.7,42.9,40,True,True,29.0,True,True,24.6,53.7,False,False,74,44,51,21,6,True,16,True,57.8,True,183,True,False,True,95.0,71.0,6,False,3,True,52.0,14.0,True,True,True,0,False,False,SYNTHETIC,48.7,Moderate,50.1
ORG-02247,medium,retail,447,643,69,68.6,71.2,16,55.9,True,True,3,69,True,25.7,51.7,41,True,False,59.1,True,False,35.0,45.6,True,True,29,39,27,7,0,True,16,True,57.7,False,175,True,True,True,72.0,65.0,6,False,6,False,35.0,10.0,True,False,True,1,False,False,SYNTHETIC,39.0,Moderate,40.2
ORG-02248,small,manufacturing,224,245,7,81.8,29.8,4,43.6,False,False,3,140,True,25.7,44.7,35,False,False,54.8,True,True,28.1,55.0,False,False,51,50,31,19,12,True,8,True,35.7,True,238,True,True,False,98.0,78.0,12,True,6,True,32.0,9.0,False,False,True,1,False,False,SYNTHETIC,47.5,Moderate,48.2
ORG-02249,small,healthcare,24,35,1,53.3,39.0,5,16.7,False,False,1,246,False,32.3,20.0,62,False,False,13.1,True,False,0.0,10.0,False,False,98,59,106,33,12,False,0,False,0.0,False,38,False,False,False,155.0,98.0,24,False,12,False,62.0,27.0,False,False,False,3,True,False,SYNTHETIC,100.0,Critical,93.6
ORG-02250,medium,retail,698,1172,126,60.2,41.9,29,52.7,False,False,3,93,True,53.6,66.3,32,True,False,63.6,True,True,79.4,54.2,True,True,52,25,29,8,6,True,16,True,56.0,True,275,True,False,False,73.0,73.0,12,True,6,True,26.0,15.0,True,True,False,0,False,False,SYNTHETIC,32.4,Moderate,35.4
ORG-02251,large,finance,10876,18222,3310,41.6,46.4,665,100.0,True,True,4,44,True,78.7,82.4,1,True,True,79.6,True,True,75.7,85.6,True,True,28,11,12,1,0,True,24,True,67.7,True,347,True,True,True,45.0,30.0,24,True,6,True,12.0,8.0,True,False,True,0,False,False,SYNTHETIC,11.2,Low,12.2
ORG-02252,small,healthcare,132,184,8,66.3,48.3,6,15.4,False,False,1,183,False,0.0,20.0,58,False,False,15.9,True,False,0.0,16.7,False,True,101,60,77,33,0,False,0,False,2.1,False,62,False,False,False,166.0,143.0,6,False,3,False,63.0,22.0,False,False,False,6,True,False,SYNTHETIC,100.0,Critical,90.6
ORG-02253,large,finance,11428,24227,3864,74.4,5.0,776,60.0,False,False,3,95,True,60.4,47.5,52,True,True,67.0,True,True,30.7,48.9,True,False,59,20,49,23,12,False,16,True,68.3,False,224,True,False,False,102.0,59.0,24,False,0,True,34.0,14.0,True,False,False,0,False,False,SYNTHETIC,52.6,High,51.6
ORG-02254,small,education,29,40,1,70.0,16.2,5,9.0,False,False,3,133,True,22.8,46.4,51,False,True,44.8,True,False,7.9,34.1,False,False,71,46,40,30,12,False,0,False,49.4,False,145,False,False,False,176.0,72.0,12,False,3,False,46.0,22.0,True,False,False,2,True,False,SYNTHETIC,80.1,Critical,73.6
ORG-02255,medium,finance,585,923,76,75.4,9.8,16,81.0,True,True,4,75,True,89.1,74.9,22,True,True,75.6,True,True,59.4,74.0,True,True,33,17,2,7,6,True,8,True,54.0,False,311,True,False,True,61.0,6.0,24,True,1,True,15.0,6.0,False,True,False,1,False,False,SYNTHETIC,20.5,Low,19.4
ORG-02256,large,manufacturing,7373,18049,3361,73.0,53.2,675,60.1,True,True,3,109,False,17.0,64.5,44,False,True,41.5,True,True,61.9,63.5,True,True,62,36,34,20,6,False,24,True,63.9,False,207,False,False,True,101.0,77.0,12,True,0,False,45.0,10.0,False,False,True,1,True,False,SYNTHETIC,40.6,Moderate,43.0
ORG-02257,medium,healthcare,988,1567,82,55.6,13.1,19,59.0,True,True,3,105,True,51.5,56.7,35,True,True,69.9,True,False,51.8,65.8,False,False,53,33,26,17,12,False,0,False,48.3,False,281,True,False,False,74.0,33.0,24,True,3,False,43.0,12.0,True,False,True,1,False,False,SYNTHETIC,44.8,Moderate,44.0
ORG-02258,large,retail,4147,9922,1157,85.1,52.9,234,53.0,True,True,4,109,True,51.9,60.1,28,False,True,72.8,True,True,81.4,56.5,False,True,36,37,63,19,12,True,24,True,49.2,True,256,False,False,False,89.0,41.0,72,True,3,True,30.0,12.0,True,False,True,1,True,False,SYNTHETIC,37.0,Moderate,36.5
ORG-02259,small,finance,52,52,3,57.2,23.9,5,51.8,False,False,4,161,True,63.6,38.8,41,True,False,69.5,True,True,39.8,53.4,True,False,50,32,37,11,0,False,0,False,34.6,False,247,False,False,False,128.0,45.0,24,False,1,True,48.0,11.0,False,True,True,0,False,False,SYNTHETIC,53.9,High,54.3
ORG-02260,medium,education,536,798,53,72.5,0.0,15,24.5,False,False,3,112,True,42.7,49.8,44,True,False,44.4,True,True,47.2,45.1,False,True,71,41,44,20,12,True,0,True,59.2,True,137,True,False,False,129.0,67.0,1,False,6,True,49.0,11.0,False,False,True,4,False,False,SYNTHETIC,59.0,High,61.2
ORG-02261,small,energy,21,27,1,40.6,28.2,3,38.8,False,False,3,111,True,70.2,43.6,36,True,True,71.5,True,False,55.2,64.3,True,False,57,36,44,15,12,False,16,True,56.3,False,251,True,True,True,94.0,55.0,72,False,0,True,37.0,12.0,True,True,True,1,True,False,SYNTHETIC,47.7,Moderate,48.0
ORG-02262,small,energy,17,24,1,59.9,15.6,4,53.0,False,False,3,123,True,33.0,52.1,43,True,True,36.1,True,False,34.4,53.0,False,False,49,41,48,14,0,False,0,False,42.1,False,238,False,False,True,137.0,38.0,12,True,6,False,48.0,11.0,True,True,False,2,True,False,SYNTHETIC,53.4,High,54.5
ORG-02263,small,energy,50,69,5,67.9,36.6,3,46.0,False,False,1,119,False,31.2,31.5,45,False,False,40.5,True,True,27.1,52.2,False,True,79,40,57,28,12,False,0,False,26.8,False,121,False,False,False,156.0,95.0,1,True,3,True,48.0,18.0,False,False,False,2,False,False,SYNTHETIC,68.9,High,70.3
ORG-02264,medium,energy,917,1420,118,65.2,9.1,25,86.4,True,True,5,49,True,84.0,62.2,14,True,True,100.0,True,True,64.7,95.4,True,True,24,25,31,9,12,True,8,True,81.5,True,292,True,True,True,16.0,67.0,6,False,3,True,14.0,9.0,True,True,True,0,False,False,SYNTHETIC,21.0,Low,21.7
ORG-02265,medium,education,777,964,109,45.0,3.6,24,57.6,True,True,3,136,True,59.0,27.6,39,False,False,43.1,True,False,46.1,68.6,True,False,50,51,57,17,24,True,0,True,53.3,False,185,True,True,False,83.0,62.0,12,True,6,True,39.0,14.0,True,False,False,2,True,False,SYNTHETIC,41.8,Moderate,44.5
ORG-02266,medium,energy,2173,3578,381,51.9,47.2,81,81.0,True,True,4,64,True,50.0,61.6,32,True,True,100.0,True,True,100.0,74.0,True,True,33,20,38,10,12,True,0,True,63.3,True,348,True,True,True,44.0,39.0,12,True,3,True,29.0,10.0,True,True,False,1,True,False,SYNTHETIC,19.9,Low,21.1
ORG-02267,medium,manufacturing,881,1409,94,24.9,67.4,19,61.4,True,True,3,46,True,41.6,55.7,24,False,True,58.0,True,True,53.2,76.4,True,False,38,37,16,7,24,False,16,True,50.3,False,282,False,False,False,70.0,28.0,72,True,3,True,23.0,9.0,True,True,False,0,False,False,SYNTHETIC,31.1,Moderate,32.0
ORG-02268,large,technology,9959,18798,2269,71.8,6.5,454,91.9,True,True,5,38,True,93.8,82.2,9,True,True,100.0,True,True,81.3,100.0,True,True,1,3,9,11,12,True,24,True,100.0,True,380,True,True,True,12.0,1.0,6,True,6,True,25.0,1.0,True,True,True,0,False,False,SYNTHETIC,8.3,Low,7.5
ORG-02269,small,education,42,46,2,72.3,64.6,3,20.1,False,False,3,164,False,1.1,20.4,49,False,False,10.0,True,False,11.4,14.5,False,False,56,53,72,24,12,False,8,True,9.2,False,58,False,False,False,176.0,101.0,12,True,12,False,65.0,22.0,False,False,False,3,True,False,SYNTHETIC,80.4,Critical,81.4
ORG-02270,medium,technology,694,1065,86,42.9,15.5,20,80.1,True,True,3,145,False,59.5,46.3,33,True,False,60.1,True,True,70.9,65.5,True,True,68,32,43,8,12,True,16,True,39.9,True,246,True,True,True,88.0,55.0,12,False,0,False,35.0,10.0,True,True,True,0,False,False,SYNTHETIC,37.3,Moderate,37.9
ORG-02271,small,government,139,155,10,67.9,18.1,6,60.5,False,False,2,149,False,14.6,37.5,45,False,False,54.7,True,False,24.1,53.7,False,True,59,31,43,25,0,False,0,False,41.7,False,114,True,True,True,168.0,102.0,12,False,6,True,50.0,18.0,True,True,False,4,True,False,SYNTHETIC,64.3,High,64.5
ORG-02272,small,manufacturing,20,27,1,93.8,27.5,5,20.7,False,False,2,149,False,3.1,20.0,60,False,True,24.0,True,False,28.2,33.6,True,True,78,51,75,36,12,False,8,True,3.1,False,123,True,False,False,165.0,91.0,12,False,0,True,48.0,19.0,False,False,False,2,False,False,SYNTHETIC,83.8,Critical,77.9
ORG-02273,small,retail,26,37,1,56.7,39.0,3,83.5,True,True,2,155,False,30.6,40.9,45,False,True,51.7,True,True,43.3,45.5,True,True,65,43,45,26,6,False,0,False,38.9,False,184,True,False,False,85.0,92.0,24,False,6,True,40.0,13.0,True,False,False,2,True,False,SYNTHETIC,54.1,High,53.2
ORG-02274,medium,finance,835,1304,149,71.7,11.5,30,81.6,False,False,4,47,True,79.8,78.0,24,True,True,75.7,True,True,86.7,66.8,True,True,40,18,8,15,24,True,16,True,96.2,False,319,True,False,True,32.0,16.0,12,True,1,False,19.0,7.0,True,True,True,0,False,False,SYNTHETIC,25.3,Moderate,24.6
ORG-02275,small,government,10,10,1,63.1,0.0,8,44.7,True,True,4,120,True,31.2,51.5,36,False,True,40.5,True,False,61.2,54.7,True,False,52,39,22,25,24,False,8,True,68.7,False,203,True,True,True,109.0,47.0,24,False,6,False,35.0,17.0,True,True,False,0,False,False,SYNTHETIC,47.3,Moderate,47.2
ORG-02276,large,education,6223,14350,2555,81.6,49.6,512,77.7,False,False,4,74,True,72.6,64.5,18,True,False,84.4,True,True,72.1,70.5,False,True,18,12,8,9,6,False,16,True,47.4,False,275,True,True,True,43.0,29.0,24,True,1,True,12.0,9.0,False,True,False,1,False,False,SYNTHETIC,32.4,Moderate,32.3
ORG-02277,small,finance,47,61,1,49.0,48.8,7,26.4,False,False,1,179,False,15.0,31.4,60,False,False,34.3,True,True,35.4,46.9,True,False,62,55,70,21,12,False,0,False,42.7,False,117,False,False,True,155.0,103.0,24,True,0,False,46.0,16.0,False,False,True,4,False,False,SYNTHETIC,67.9,High,66.1
ORG-02278,medium,manufacturing,1161,1999,192,68.0,0.0,40,58.1,False,False,2,135,True,44.6,33.4,35,False,True,48.8,True,False,60.0,54.9,True,False,61,36,44,23,24,False,8,True,47.3,False,118,False,False,False,119.0,78.0,12,True,3,False,52.0,13.0,True,False,True,3,False,False,SYNTHETIC,57.0,High,57.9
ORG-02279,small,energy,15,17,1,59.0,74.1,5,100.0,True,True,5,30,True,85.0,86.7,1,True,True,83.6,True,True,90.9,91.3,True,True,6,3,3,9,0,True,8,True,84.0,True,365,True,True,False,5.0,10.0,6,True,6,True,22.0,0.5,True,True,True,0,False,False,SYNTHETIC,10.6,Low,10.7
ORG-02280,small,retail,36,52,4,71.6,14.4,1,29.4,False,False,2,95,True,50.0,38.5,40,False,False,44.0,True,False,24.6,60.6,True,True,55,42,70,21,0,True,16,True,48.7,False,245,True,True,False,118.0,65.0,24,False,6,False,39.0,16.0,False,False,False,1,False,True,SYNTHETIC,62.5,High,63.2
ORG-02281,medium,manufacturing,743,961,77,65.2,56.2,16,24.9,False,False,1,195,False,17.3,20.0,66,False,False,11.0,True,False,0.0,12.2,False,False,87,64,74,32,0,False,16,True,1.9,False,72,False,False,False,187.0,121.0,12,False,3,True,73.0,24.0,False,False,False,1,False,False,SYNTHETIC,94.2,Critical,86.0
ORG-02282,medium,finance,297,435,21,64.0,0.0,5,79.5,True,True,4,69,False,68.4,76.3,12,False,True,60.9,True,True,52.6,68.8,True,True,38,20,36,17,0,True,16,True,64.4,False,254,True,True,True,24.0,45.0,12,True,6,True,12.0,7.0,True,True,True,1,False,False,SYNTHETIC,19.0,Low,23.2
ORG-02283,large,energy,22266,51668,8094,37.3,7.9,1627,48.8,False,False,3,124,True,40.4,45.5,43,False,False,38.8,True,False,17.8,53.2,False,False,57,32,37,21,0,False,16,True,51.6,False,272,False,False,True,77.0,61.0,6,True,1,False,32.0,11.0,False,False,False,3,False,False,SYNTHETIC,58.7,High,57.6
ORG-02284,medium,finance,522,641,66,48.6,1.6,18,0.0,False,False,2,191,True,4.8,20.0,66,False,False,38.2,True,True,36.5,24.3,False,True,72,60,66,42,0,True,8,True,20.3,True,180,True,True,False,192.0,104.0,12,True,6,False,47.0,21.0,False,True,False,5,False,False,SYNTHETIC,66.4,High,62.8
ORG-02285,small,manufacturing,37,39,2,83.4,65.9,1,13.8,False,False,2,173,False,11.1,20.0,51,False,False,36.4,True,False,6.5,17.5,False,True,85,70,62,40,0,False,0,False,8.3,False,59,False,False,False,190.0,136.0,1,False,0,False,66.0,26.0,True,True,False,3,False,False,SYNTHETIC,92.4,Critical,84.1
ORG-02286,small,technology,29,42,2,74.6,31.9,5,15.6,False,False,3,156,False,31.3,41.5,44,False,True,40.4,False,False,45.2,39.9,False,False,78,39,57,25,12,False,0,False,33.6,False,182,False,False,False,111.0,82.0,12,False,0,True,36.0,11.0,False,False,True,3,True,True,SYNTHETIC,81.7,Critical,75.6
ORG-02287,small,finance,44,47,1,91.4,7.2,2,17.3,False,False,2,186,False,28.2,31.5,54,False,True,39.1,True,True,30.8,34.8,True,False,66,60,60,29,12,False,0,False,41.1,False,133,False,False,True,130.0,74.0,12,False,6,False,44.0,10.0,False,False,True,2,False,False,SYNTHETIC,75.5,Critical,73.1
ORG-02288,medium,government,360,638,47,63.4,16.2,13,56.9,False,True,3,37,True,33.0,64.8,19,True,True,74.4,True,True,50.8,63.8,True,True,44,25,26,16,0,True,16,True,69.1,True,247,True,True,True,43.0,44.0,1,True,12,True,34.0,12.0,True,True,True,1,False,False,SYNTHETIC,28.2,Moderate,26.6
ORG-02289,medium,manufacturing,380,602,48,20.9,11.1,12,21.7,False,False,3,173,False,18.6,27.9,53,False,False,13.9,True,True,22.6,29.7,False,False,77,57,62,29,12,False,24,True,3.1,False,102,True,True,False,143.0,123.0,6,False,3,False,55.0,19.0,False,False,False,5,True,False,SYNTHETIC,82.3,Critical,76.3
ORG-02290,large,manufacturing,16280,27328,3740,68.8,40.6,752,17.2,False,False,2,132,True,22.0,20.0,48,False,False,26.9,True,False,4.8,28.7,False,False,87,54,45,30,12,False,24,True,26.9,False,74,True,False,True,176.0,105.0,12,True,6,True,46.0,27.0,False,False,False,1,False,False,SYNTHETIC,71.2,High,68.0
ORG-02291,large,energy,8007,13180,1226,85.3,30.1,247,92.7,True,True,5,22,True,77.1,71.5,19,True,True,93.5,True,True,60.4,87.4,False,True,26,26,37,10,12,True,24,True,61.1,True,348,True,True,True,22.0,18.0,12,False,3,True,1.0,1.0,True,False,False,2,False,False,SYNTHETIC,23.9,Low,26.2
ORG-02292,large,technology,8595,18907,3576,82.9,70.8,719,55.2,False,False,4,104,True,47.0,53.2,25,False,True,56.4,True,True,49.6,57.3,False,False,33,36,23,12,24,True,24,True,44.5,True,254,True,False,False,89.0,78.0,6,False,0,False,36.0,8.0,False,True,False,4,False,False,SYNTHETIC,48.0,Moderate,49.3
ORG-02293,medium,finance,146,226,19,77.3,3.2,8,13.0,False,False,3,148,False,25.0,42.8,37,False,False,23.2,True,False,35.4,29.4,False,False,83,46,72,19,12,True,24,True,11.2,True,110,True,True,False,127.0,118.0,12,False,6,True,47.0,17.0,False,False,True,2,False,False,SYNTHETIC,78.7,Critical,70.8
ORG-02294,medium,finance,1622,2654,289,63.5,33.8,60,79.4,True,True,3,93,True,67.9,54.8,20,False,True,67.1,True,True,28.9,92.9,True,True,29,21,27,11,6,False,0,False,58.0,False,285,True,True,False,84.0,26.0,24,False,12,True,22.0,11.0,True,True,False,1,False,False,SYNTHETIC,37.5,Moderate,37.1
ORG-02295,small,finance,141,158,12,55.8,35.5,4,41.0,False,False,2,101,True,38.3,50.1,49,False,False,58.7,True,True,65.4,31.5,True,True,49,31,48,26,12,False,8,True,66.0,False,169,False,False,False,112.0,73.0,1,False,6,False,35.0,16.0,False,False,True,5,False,False,SYNTHETIC,65.5,High,64.7
ORG-02296,medium,education,437,654,37,62.9,0.0,10,0.6,False,False,1,220,False,4.0,20.0,65,False,False,24.5,True,False,2.9,16.4,False,False,96,77,39,22,24,False,16,True,0.0,False,43,False,False,False,192.0,114.0,24,False,3,False,70.0,22.0,False,False,False,4,True,False,SYNTHETIC,91.3,Critical,87.7
ORG-02297,medium,healthcare,620,915,51,45.5,41.1,13,62.6,True,True,4,88,True,60.3,74.0,27,False,False,75.9,True,True,76.4,85.7,True,True,12,24,23,19,0,True,8,True,66.1,True,291,True,False,True,107.0,33.0,6,False,6,True,28.0,7.0,True,False,True,0,False,False,SYNTHETIC,32.0,Moderate,32.9
ORG-02298,small,healthcare,24,34,2,61.6,0.0,3,37.3,False,False,1,174,False,7.9,27.2,45,True,False,26.9,True,False,38.7,41.0,True,True,57,56,49,22,12,False,8,True,39.7,False,181,False,False,True,145.0,91.0,24,False,3,False,38.0,14.0,False,False,True,0,False,True,SYNTHETIC,72.2,High,72.5
ORG-02299,medium,retail,552,970,58,41.5,35.2,13,49.7,False,False,3,76,True,54.3,71.8,29,True,True,65.3,True,True,40.5,63.4,True,False,41,21,46,12,0,True,8,True,74.2,True,223,False,False,True,84.0,62.0,24,False,6,True,25.0,6.0,False,True,True,0,False,False,SYNTHETIC,47.7,Moderate,44.5
ORG-02300,medium,finance,2010,2714,176,60.5,31.1,39,59.4,False,True,3,113,False,78.2,35.5,48,False,True,65.9,True,True,24.1,63.6,True,False,34,48,55,17,0,True,0,True,24.1,False,232,False,False,True,134.0,88.0,1,True,1,True,36.0,4.0,True,False,False,3,False,False,SYNTHETIC,42.8,Moderate,45.2
ORG-02301,small,manufacturing,29,34,1,84.3,58.2,4,0.0,False,False,1,239,False,0.0,20.0,60,False,False,28.6,True,False,17.3,15.3,True,True,98,57,78,27,0,False,0,False,0.0,False,65,False,False,False,190.0,112.0,72,True,12,False,59.0,23.0,True,False,False,3,True,False,SYNTHETIC,86.1,Critical,81.1
ORG-02302,medium,healthcare,1363,1785,208,69.0,35.4,47,29.7,False,False,2,159,True,0.0,35.4,41,True,False,24.3,True,False,42.9,27.8,True,False,67,53,48,20,12,False,8,True,11.8,False,177,False,False,False,164.0,76.0,6,False,6,False,53.0,18.0,False,False,True,1,False,False,SYNTHETIC,77.2,Critical,75.0
ORG-02303,medium,retail,883,1205,140,82.9,15.2,31,59.5,False,False,3,139,False,47.8,47.6,44,True,False,46.1,True,True,64.2,53.8,False,True,77,43,34,17,12,True,16,True,45.0,True,211,False,False,False,103.0,78.0,24,True,12,False,48.0,14.0,True,False,False,2,False,False,SYNTHETIC,53.7,High,55.0
ORG-02304,small,technology,32,42,2,75.4,34.2,4,56.7,False,False,3,120,False,20.8,53.8,32,False,False,51.0,False,False,33.4,62.4,False,False,63,51,57,14,0,True,8,True,45.4,True,141,True,True,False,89.0,49.0,24,True,3,False,34.0,14.0,False,False,True,5,True,False,SYNTHETIC,56.9,High,55.5
ORG-02305,small,retail,14,18,1,61.1,0.0,6,53.1,True,True,4,72,True,60.3,88.2,35,True,True,87.4,True,True,63.3,81.7,True,True,41,34,41,12,12,True,0,True,70.1,False,287,True,True,False,108.0,54.0,12,True,3,True,29.0,9.0,True,True,True,1,True,False,SYNTHETIC,29.2,Moderate,25.7
ORG-02306,small,finance,49,49,3,90.3,24.5,6,33.0,False,False,2,129,True,32.0,37.3,33,False,True,39.5,True,False,32.8,45.2,True,True,75,40,54,29,6,False,0,False,44.9,False,186,True,True,False,143.0,55.0,12,True,3,False,37.0,24.0,False,False,True,2,False,False,SYNTHETIC,60.8,High,60.5
ORG-02307,medium,technology,911,1350,97,77.9,43.6,20,49.4,True,True,4,117,False,97.1,62.2,20,False,True,63.3,True,False,58.5,77.1,True,False,27,19,29,23,6,True,8,True,78.4,False,305,True,True,True,63.0,40.0,12,True,12,True,11.0,10.0,True,False,False,1,False,False,SYNTHETIC,34.9,Moderate,34.8
ORG-02308,medium,manufacturing,677,1208,111,45.6,20.2,27,32.6,False,False,3,136,False,57.2,50.6,49,True,False,41.0,True,False,14.4,37.8,True,False,56,38,56,22,12,False,8,True,51.3,False,194,True,True,False,144.0,68.0,24,True,0,False,46.0,16.0,False,False,True,0,False,False,SYNTHETIC,63.6,High,62.2
ORG-02309,small,energy,93,135,5,48.5,28.5,3,38.1,False,False,3,152,False,29.6,23.3,50,False,False,59.0,True,False,46.5,39.5,True,False,69,30,43,12,12,False,0,False,29.3,False,142,False,False,False,141.0,89.0,24,False,6,True,54.0,19.0,True,True,False,1,False,False,SYNTHETIC,65.6,High,67.5
ORG-02310,medium,education,613,912,67,51.3,77.4,19,12.7,False,False,2,166,False,8.3,20.0,48,False,False,30.4,True,False,24.8,21.9,False,False,79,61,67,31,12,True,16,True,20.9,True,49,False,False,True,177.0,87.0,6,False,1,False,68.0,18.0,False,True,False,1,True,True,SYNTHETIC,90.5,Critical,78.7
ORG-02311,medium,healthcare,2994,4373,222,15.0,35.7,46,27.0,False,False,2,133,False,26.7,35.8,34,False,False,46.5,True,False,28.3,47.1,True,False,70,40,74,17,12,False,16,True,36.4,False,143,True,False,True,110.0,72.0,72,False,1,False,35.0,19.0,False,False,True,1,False,True,SYNTHETIC,70.9,High,69.2
ORG-02312,small,energy,19,23,1,75.9,16.4,2,100.0,True,True,4,100,True,78.3,57.1,36,False,False,76.2,True,True,93.8,80.5,True,True,22,19,38,16,12,True,0,True,81.2,True,223,True,False,True,77.0,52.0,12,True,12,True,34.0,13.0,True,True,True,1,True,False,SYNTHETIC,26.4,Moderate,25.2
ORG-02313,medium,government,513,777,45,77.7,14.2,15,53.1,True,True,3,79,True,40.2,55.1,44,False,True,68.5,True,False,48.6,59.3,True,True,40,30,50,25,0,True,8,True,73.3,False,245,False,False,True,65.0,49.0,12,True,3,True,18.0,15.0,False,True,False,1,False,False,SYNTHETIC,39.7,Moderate,38.0
ORG-02314,medium,government,531,748,64,95.0,27.9,14,14.0,False,False,1,205,False,21.0,20.0,67,False,False,19.1,True,False,5.8,35.8,False,False,90,57,71,43,12,False,8,True,6.3,False,87,False,False,False,150.0,124.0,12,False,12,False,63.0,20.0,False,False,False,2,False,True,SYNTHETIC,100.0,Critical,91.7
ORG-02315,small,education,83,95,5,72.1,9.6,6,29.1,False,False,1,197,False,30.1,20.0,54,False,False,13.7,True,False,19.4,36.1,False,False,92,72,83,36,12,False,0,False,0.0,False,61,False,False,True,177.0,98.0,1,False,6,False,89.0,23.0,False,False,False,3,False,False,SYNTHETIC,94.3,Critical,89.1
ORG-02316,small,education,24,26,1,90.1,65.1,3,23.3,False,False,1,194,False,14.9,20.0,70,False,True,10.7,True,False,4.8,19.4,False,False,82,63,78,34,6,False,16,True,14.5,False,55,False,False,True,206.0,109.0,24,False,3,False,69.0,29.0,False,False,False,4,False,False,SYNTHETIC,88.9,Critical,83.7
ORG-02317,medium,technology,819,1364,146,27.3,65.0,32,76.0,False,False,4,99,True,46.1,60.5,22,True,False,62.0,True,True,78.9,61.5,True,True,31,12,45,22,12,True,16,True,34.2,True,268,True,True,True,59.0,48.0,1,True,0,False,31.0,11.0,True,True,True,3,False,False,SYNTHETIC,34.6,Moderate,35.2
ORG-02318,small,government,23,31,1,50.6,81.2,1,40.5,False,False,3,130,True,44.0,63.7,30,False,True,43.8,True,True,34.8,32.1,True,True,52,43,43,17,12,False,0,False,40.8,False,167,False,False,False,56.0,60.0,12,False,12,True,25.0,15.0,True,False,True,6,False,True,SYNTHETIC,60.0,High,58.7
ORG-02319,large,energy,12183,22350,2835,69.5,21.0,572,71.4,True,True,3,117,False,56.1,49.7,32,True,True,55.8,True,False,54.7,63.3,True,False,35,41,17,12,12,False,24,True,57.4,False,193,False,False,False,93.0,73.0,12,False,6,True,42.0,16.0,False,False,False,2,True,True,SYNTHETIC,51.6,High,50.8
ORG-02320,large,education,11412,19221,1951,61.5,59.2,391,24.7,False,False,2,96,False,53.0,60.0,44,True,False,37.7,True,False,57.9,43.8,True,True,68,44,35,20,12,False,24,True,53.2,False,177,False,False,True,102.0,58.0,6,False,3,True,37.0,9.0,False,True,True,1,False,True,SYNTHETIC,61.9,High,62.5
ORG-02321,small,healthcare,31,33,2,47.5,39.0,2,58.4,False,False,3,120,True,58.6,30.3,31,True,False,63.3,True,True,63.0,68.3,True,False,45,39,38,21,0,False,8,True,47.0,False,236,True,True,False,98.0,61.0,168,False,6,False,38.0,18.0,False,True,True,2,True,True,SYNTHETIC,53.7,High,54.0
ORG-02322,medium,energy,589,1045,108,38.4,17.2,26,39.6,True,True,4,95,False,27.0,42.1,50,True,False,52.8,True,True,51.0,44.9,True,True,54,41,60,18,12,False,8,True,49.8,False,187,False,False,True,120.0,79.0,12,True,0,True,50.0,13.0,True,False,False,1,False,False,SYNTHETIC,47.6,Moderate,47.9
ORG-02323,large,government,15738,27011,3873,68.1,39.6,777,47.2,True,True,4,105,False,35.8,68.5,45,False,False,54.9,True,False,38.3,61.9,False,True,70,38,65,19,12,False,16,True,34.7,False,187,False,False,False,100.0,63.0,6,False,0,False,38.0,17.0,True,True,False,4,False,False,SYNTHETIC,60.5,High,61.4
ORG-02324,medium,healthcare,908,1591,181,44.7,38.8,39,53.9,False,False,4,125,False,50.1,63.5,38,True,False,48.3,True,True,19.3,46.6,False,False,49,45,50,27,6,False,8,True,36.2,False,184,False,False,False,96.0,55.0,12,True,6,False,47.0,16.0,False,False,False,2,False,False,SYNTHETIC,61.7,High,63.0
ORG-02325,large,healthcare,13894,30311,3996,68.6,31.2,800,89.4,True,True,4,53,False,57.3,80.3,25,True,True,85.1,True,True,68.5,75.6,True,False,25,8,12,1,12,True,24,True,65.7,True,302,True,True,True,71.0,1.0,72,False,12,True,29.0,4.0,False,True,False,2,False,False,SYNTHETIC,26.0,Moderate,27.1
ORG-02326,large,energy,7719,15529,2760,62.6,41.0,558,55.0,True,True,4,95,True,79.6,74.7,19,True,True,72.4,True,True,91.6,98.1,True,True,24,20,19,6,6,True,24,True,75.7,True,290,True,True,True,19.0,21.0,1,True,6,True,36.0,2.0,True,False,False,0,False,False,SYNTHETIC,18.5,Low,18.6
ORG-02327,small,manufacturing,8,10,1,64.3,60.8,4,17.8,False,False,1,161,False,21.2,23.7,51,False,False,16.3,True,False,17.7,16.7,False,False,88,49,39,26,6,False,0,False,35.0,False,146,True,True,False,139.0,77.0,24,False,3,False,56.0,23.0,False,False,True,1,False,True,SYNTHETIC,86.8,Critical,78.5
ORG-02328,medium,government,1035,1320,95,36.8,24.7,19,44.0,True,True,3,89,True,44.5,36.8,25,True,True,83.6,True,False,58.8,79.4,False,False,54,39,46,23,24,True,8,True,52.5,True,214,False,False,True,100.0,79.0,72,True,3,True,37.0,10.0,True,True,True,0,False,False,SYNTHETIC,43.7,Moderate,41.3
ORG-02329,small,manufacturing,145,205,12,44.1,0.0,3,6.9,False,False,2,187,False,9.6,20.0,61,False,False,16.0,True,False,19.0,29.1,False,False,82,55,69,37,12,True,8,True,11.3,False,92,False,False,False,170.0,122.0,12,False,6,True,57.0,25.0,True,False,False,4,False,False,SYNTHETIC,91.1,Critical,79.8
ORG-02330,small,healthcare,165,177,7,56.6,22.5,6,9.3,False,False,1,197,False,27.7,20.0,63,False,False,11.7,True,True,1.9,30.2,False,False,72,56,62,33,24,False,8,True,12.3,False,46,False,False,False,167.0,98.0,24,False,6,False,54.0,23.0,False,False,False,3,True,True,SYNTHETIC,95.0,Critical,87.7
ORG-02331,large,government,19665,34114,6669,77.5,65.1,1339,100.0,True,True,5,65,True,71.6,69.5,1,True,True,100.0,True,True,100.0,98.1,True,True,13,15,16,1,12,True,16,True,92.6,False,366,True,True,True,47.0,1.0,72,True,6,True,4.0,2.0,True,True,False,0,False,False,SYNTHETIC,9.0,Low,8.6
ORG-02332,medium,education,461,818,57,54.5,0.0,16,27.6,False,False,3,125,True,37.3,37.6,41,False,True,38.9,True,True,55.4,40.3,True,True,61,48,45,37,12,False,24,True,30.4,False,156,True,True,True,124.0,56.0,24,False,1,True,47.0,23.0,False,True,True,1,False,False,SYNTHETIC,54.6,High,54.9
ORG-02333,medium,technology,587,761,49,72.3,21.7,12,88.2,False,False,4,83,True,73.3,51.9,21,False,True,78.9,True,True,55.5,81.2,True,True,28,20,31,15,6,True,0,True,67.0,True,318,False,False,True,83.0,41.0,6,False,3,True,19.0,6.0,False,True,False,1,False,False,SYNTHETIC,41.6,Moderate,40.2
ORG-02334,medium,healthcare,648,888,89,46.4,8.1,18,35.8,True,True,4,96,True,64.7,64.4,36,True,True,56.6,True,True,73.5,75.5,True,False,45,23,25,14,12,True,0,True,71.1,False,290,True,True,False,92.0,52.0,6,True,3,True,26.0,6.0,True,True,True,1,True,False,SYNTHETIC,27.9,Moderate,27.2
ORG-02335,medium,retail,336,458,43,62.2,8.5,9,42.5,False,False,3,147,True,10.0,36.2,39,True,True,42.2,True,False,58.5,49.5,True,True,60,46,67,24,12,False,16,True,42.5,False,129,False,False,True,149.0,72.0,12,True,12,False,51.0,22.0,False,False,False,1,False,False,SYNTHETIC,64.0,High,62.9
ORG-02336,small,finance,17,24,1,89.1,16.2,3,63.2,False,False,4,111,False,25.7,66.2,12,True,False,39.3,True,True,43.7,60.6,False,True,53,30,39,12,6,True,8,True,44.1,True,235,False,False,False,71.0,81.0,12,True,12,False,55.0,6.0,True,True,False,1,False,False,SYNTHETIC,52.9,High,50.7
ORG-02337,medium,finance,1034,1506,112,87.8,49.2,26,37.5,True,True,4,90,True,58.6,65.0,22,True,True,77.5,True,True,55.2,93.3,True,False,25,39,31,14,24,True,8,True,69.0,False,291,True,False,True,72.0,26.0,24,True,12,True,30.0,11.0,True,True,True,0,False,False,SYNTHETIC,28.4,Moderate,28.0
ORG-02338,small,manufacturing,80,111,5,60.9,0.0,5,53.9,False,False,3,157,True,28.0,51.3,44,True,True,46.4,True,False,39.2,37.3,False,False,49,46,70,19,12,False,8,True,46.9,False,200,True,True,True,136.0,55.0,1,True,3,True,51.0,21.0,False,True,True,3,False,False,SYNTHETIC,54.3,High,51.0
ORG-02339,small,technology,18,26,1,38.6,78.7,1,31.6,False,False,2,140,False,42.7,37.8,38,True,False,32.9,True,False,28.1,56.4,False,False,73,38,58,31,12,False,16,True,37.3,False,150,False,False,False,105.0,91.0,24,False,6,False,48.0,16.0,True,True,True,2,False,False,SYNTHETIC,75.5,Critical,75.4
ORG-02340,large,energy,13001,20605,3905,87.3,33.0,784,74.2,True,True,4,15,True,82.3,94.4,17,True,True,97.5,True,True,56.0,98.3,True,True,6,19,18,8,12,True,8,True,98.9,True,342,True,True,True,35.0,44.0,6,True,3,True,1.0,8.0,True,True,False,0,False,False,SYNTHETIC,13.2,Low,13.7
ORG-02341,medium,energy,227,380,19,51.7,21.4,7,69.3,True,True,4,37,True,51.4,83.5,20,True,True,84.9,True,True,60.0,83.2,True,False,34,15,40,17,12,True,0,True,77.1,True,306,True,True,True,96.0,38.0,12,True,6,True,20.0,2.0,True,False,True,1,True,False,SYNTHETIC,24.9,Low,25.3
ORG-02342,small,retail,14,16,1,88.1,53.9,3,33.6,False,False,3,138,False,37.5,20.0,41,False,True,46.3,True,True,6.3,32.6,True,True,69,60,49,29,24,True,0,True,7.6,True,179,False,False,False,133.0,68.0,6,True,6,True,56.0,20.0,False,False,False,2,True,False,SYNTHETIC,63.7,High,64.7
ORG-02343,small,technology,98,134,7,40.0,49.5,8,62.8,True,True,3,101,False,62.9,60.2,37,True,False,51.2,True,True,41.8,66.2,True,True,45,40,54,20,6,False,8,True,31.0,False,204,True,False,False,67.0,68.0,12,False,12,True,26.0,20.0,True,True,True,1,False,False,SYNTHETIC,51.4,High,50.3
ORG-02344,medium,technology,579,708,54,78.8,38.7,11,54.1,False,False,3,74,False,20.3,50.5,45,False,True,40.7,True,True,31.0,49.1,True,True,50,38,37,22,12,False,8,True,50.8,False,155,True,True,True,108.0,68.0,1,True,3,True,31.0,15.0,False,False,True,1,False,False,SYNTHETIC,46.8,Moderate,48.5
ORG-02345,small,retail,190,275,7,81.9,19.9,5,36.0,False,False,2,174,False,0.0,20.0,47,False,True,15.9,True,False,37.6,48.7,False,False,73,46,80,30,6,False,0,False,22.8,False,148,False,False,True,163.0,124.0,72,False,6,False,74.0,25.0,False,False,False,5,False,False,SYNTHETIC,88.5,Critical,82.2
ORG-02346,medium,healthcare,1097,1799,101,28.0,56.2,22,67.5,True,True,3,60,True,69.0,57.9,33,True,False,67.6,True,True,77.4,87.1,False,True,53,33,36,19,12,True,0,True,50.9,True,286,False,False,True,55.0,51.0,6,True,6,True,24.0,8.0,False,False,True,1,False,False,SYNTHETIC,42.0,Moderate,39.6
ORG-02347,large,finance,6209,11624,1613,54.8,27.6,324,61.9,True,True,4,54,True,61.1,51.4,22,True,True,94.1,True,False,23.4,82.2,True,False,34,29,31,14,12,True,24,True,46.5,False,301,True,False,False,81.0,38.0,6,True,12,True,32.0,9.0,False,True,True,1,True,False,SYNTHETIC,34.6,Moderate,33.2
ORG-02348,small,education,79,109,8,42.2,0.0,6,10.3,False,False,1,220,False,0.0,20.0,64,False,False,10.0,True,False,0.0,15.6,False,False,96,73,63,32,12,True,0,True,19.9,True,14,False,False,False,197.0,123.0,12,False,3,False,87.0,24.0,False,False,False,3,False,False,SYNTHETIC,99.2,Critical,87.2
ORG-02349,small,government,109,138,3,87.6,83.9,7,93.2,True,True,4,20,False,95.1,90.1,17,True,True,77.3,True,True,70.1,89.0,True,True,34,16,17,14,0,True,0,True,58.0,False,341,True,True,False,48.0,24.0,24,True,6,True,19.0,4.0,True,True,False,1,False,False,SYNTHETIC,25.4,Moderate,24.3
ORG-02350,small,education,28,39,2,100.0,27.7,1,44.8,False,False,2,144,True,31.2,50.5,41,True,False,46.1,True,False,32.3,59.3,False,True,68,54,57,22,12,True,0,True,25.4,True,153,False,False,True,118.0,65.0,1,True,0,True,45.0,15.0,False,True,True,1,False,False,SYNTHETIC,58.5,High,57.8
ORG-02351,small,manufacturing,31,46,2,38.6,14.3,2,23.3,False,False,3,156,False,12.6,20.0,47,False,True,44.6,True,False,23.9,68.5,False,True,65,44,30,23,12,True,0,True,39.0,True,122,True,False,False,178.0,69.0,72,False,12,False,55.0,13.0,True,False,False,3,True,False,SYNTHETIC,67.3,High,69.9
ORG-02352,large,energy,13675,22832,2576,95.0,40.5,520,71.8,True,True,4,92,False,53.9,64.1,25,False,True,59.6,True,True,51.7,65.2,True,False,47,22,27,22,0,True,8,True,41.9,True,286,True,True,True,57.0,67.0,1,False,0,True,17.0,11.0,True,False,False,0,False,False,SYNTHETIC,36.8,Moderate,37.3
ORG-02353,small,finance,20,25,1,46.1,21.6,3,46.1,False,False,2,137,False,33.5,41.9,40,False,False,35.5,True,False,39.6,42.8,True,True,42,43,60,23,12,True,0,True,27.8,False,182,False,False,False,131.0,73.0,12,True,3,True,35.0,22.0,True,False,False,3,False,False,SYNTHETIC,60.4,High,60.3
ORG-02354,large,manufacturing,3889,7428,610,63.8,19.2,125,25.4,False,False,2,67,True,17.4,59.3,46,False,True,37.1,True,False,61.5,56.5,False,False,62,36,64,11,12,True,24,True,18.3,True,197,False,False,False,121.0,43.0,6,True,6,True,35.0,18.0,False,True,False,1,False,False,SYNTHETIC,56.2,High,55.4
ORG-02355,small,education,49,56,3,70.1,37.4,3,9.4,False,False,1,173,False,14.9,20.0,61,False,True,10.0,True,False,0.0,10.0,False,False,98,64,88,35,0,False,0,False,3.3,False,47,False,False,False,217.0,93.0,6,False,3,False,74.0,18.0,False,True,False,3,False,True,SYNTHETIC,100.0,Critical,87.8
ORG-02356,medium,energy,764,1263,87,82.9,43.9,20,86.0,True,True,4,82,True,41.8,64.8,17,True,True,55.1,True,True,77.4,100.0,True,False,36,29,7,14,0,True,16,True,56.4,True,294,True,True,True,89.0,32.0,24,True,6,True,28.0,10.0,False,True,True,1,True,False,SYNTHETIC,19.9,Low,20.3
ORG-02357,small,healthcare,22,29,1,34.7,26.4,5,66.5,False,False,3,155,True,12.3,33.0,50,False,False,52.2,True,False,45.5,46.2,False,False,69,43,69,24,24,False,0,False,23.5,False,179,True,True,False,119.0,71.0,12,False,12,False,57.0,9.0,False,False,False,1,False,False,SYNTHETIC,80.6,Critical,74.8
ORG-02358,medium,healthcare,311,466,34,55.9,61.5,7,18.5,False,False,2,183,False,13.4,20.0,48,True,False,32.3,True,False,29.7,17.7,True,False,92,66,79,26,24,False,8,True,0.0,False,137,False,False,False,162.0,100.0,12,False,1,True,52.0,13.0,False,True,True,1,True,True,SYNTHETIC,93.1,Critical,79.7
ORG-02359,small,retail,21,26,1,67.0,15.9,3,0.0,False,False,1,202,False,23.3,20.0,56,True,False,13.2,True,True,3.4,25.1,False,False,65,51,58,25,12,False,0,False,24.1,False,106,False,False,False,182.0,98.0,6,False,6,False,55.0,24.0,False,False,False,4,True,False,SYNTHETIC,97.1,Critical,85.3
ORG-02360,small,government,7,9,1,76.9,34.8,1,40.8,False,False,2,122,False,58.0,41.1,31,False,True,55.3,True,True,42.3,68.0,False,False,71,51,38,18,12,False,0,False,44.9,False,196,True,False,False,122.0,74.0,168,True,3,True,48.0,20.0,True,False,False,1,False,False,SYNTHETIC,54.8,High,55.5
ORG-02361,medium,manufacturing,194,245,24,79.3,32.4,5,25.7,False,False,2,192,True,0.0,20.0,50,False,True,26.3,True,False,12.0,18.1,False,False,97,42,69,30,12,False,8,True,12.2,False,88,False,False,False,191.0,115.0,72,False,6,True,69.0,24.0,False,False,False,1,False,False,SYNTHETIC,87.1,Critical,81.7
ORG-02362,medium,technology,438,712,44,52.1,38.8,9,7.0,False,False,2,174,False,0.0,21.2,62,True,True,33.6,True,False,32.5,24.1,False,False,74,46,60,29,12,True,8,True,4.0,True,156,False,False,True,183.0,101.0,12,True,0,False,62.0,23.0,False,False,False,1,False,False,SYNTHETIC,81.4,Critical,73.1
ORG-02363,medium,government,1447,2305,258,65.3,34.8,51,18.3,False,False,2,139,False,0.0,23.4,45,False,False,33.5,True,False,13.6,49.7,False,False,73,52,74,26,0,False,8,True,24.4,False,123,True,False,False,155.0,102.0,6,False,0,False,60.0,21.0,True,True,False,2,True,True,SYNTHETIC,89.5,Critical,76.3
ORG-02364,small,healthcare,17,19,1,63.2,16.3,3,36.6,False,False,2,184,True,30.3,31.3,48,False,False,34.1,True,True,27.6,44.8,True,True,70,59,73,34,6,False,0,False,18.5,False,95,True,True,True,146.0,86.0,6,False,6,True,60.0,17.0,False,True,False,3,False,False,SYNTHETIC,69.9,High,65.4
ORG-02365,medium,manufacturing,427,708,66,86.7,41.9,20,0.0,False,False,2,207,False,0.0,22.6,64,True,False,27.4,True,False,30.4,51.8,False,True,93,45,54,27,12,False,24,True,0.0,False,111,False,False,False,157.0,101.0,6,False,6,False,50.0,23.0,False,False,False,2,True,False,SYNTHETIC,94.1,Critical,86.0
ORG-02366,large,finance,9065,14300,2812,81.1,32.8,568,95.7,True,True,5,25,True,91.4,85.8,25,True,True,87.7,True,True,88.3,92.0,True,True,22,9,8,12,12,True,24,True,87.4,True,401,True,True,True,24.0,1.0,12,True,3,True,1.0,1.0,True,True,False,0,False,False,SYNTHETIC,9.5,Low,8.9
ORG-02367,small,government,31,42,1,75.4,26.2,3,6.2,False,False,1,188,False,0.0,20.0,67,False,False,10.0,True,False,0.0,10.0,False,False,97,58,82,40,12,False,8,True,17.8,False,23,False,False,False,194.0,138.0,12,False,0,False,76.0,23.0,False,False,False,2,True,False,SYNTHETIC,100.0,Critical,90.5
ORG-02368,medium,education,1812,2864,248,29.6,35.4,50,53.9,False,False,4,109,False,53.5,64.3,26,True,True,66.5,True,True,73.4,75.1,False,True,50,23,38,12,12,False,8,True,65.4,False,216,False,False,True,118.0,15.0,12,False,3,False,31.0,15.0,True,False,False,1,False,True,SYNTHETIC,54.6,High,54.4
ORG-02369,medium,government,380,616,73,59.6,26.2,15,45.2,False,True,3,124,False,35.9,45.2,38,False,True,55.7,True,False,70.1,62.8,True,False,43,36,9,18,12,True,16,True,63.6,True,235,True,False,False,119.0,62.0,72,True,0,False,33.0,13.0,True,False,False,1,False,False,SYNTHETIC,41.5,Moderate,42.8
ORG-02370,medium,technology,176,228,18,79.2,57.0,8,14.6,False,False,2,175,False,0.0,30.3,65,False,False,38.9,True,False,10.1,32.8,False,False,73,57,68,24,12,False,0,False,16.7,False,105,False,False,False,167.0,97.0,24,False,12,False,56.0,25.0,False,False,False,5,False,False,SYNTHETIC,97.9,Critical,87.9
ORG-02371,small,technology,11,13,1,65.7,47.3,5,50.1,True,True,3,157,False,40.2,51.8,31,False,False,52.2,True,False,48.0,58.0,False,True,60,48,76,13,12,False,0,False,36.0,False,230,False,False,False,108.0,61.0,12,False,12,False,43.0,12.0,False,False,False,0,False,False,SYNTHETIC,70.2,High,70.1
ORG-02372,medium,retail,958,1183,90,59.9,39.4,23,24.7,True,True,3,124,False,28.9,45.6,28,True,True,47.9,True,False,35.4,72.0,True,True,51,41,42,31,0,True,8,True,55.7,False,197,True,True,False,88.0,72.0,12,False,0,True,28.0,6.0,True,True,True,3,False,False,SYNTHETIC,46.8,Moderate,48.3
ORG-02373,small,healthcare,13,13,1,100.0,62.4,1,10.1,False,False,3,199,False,11.6,20.0,57,False,False,30.7,True,False,0.0,21.5,False,False,69,40,42,22,0,False,0,False,17.6,False,123,True,False,False,191.0,125.0,12,False,12,False,41.0,13.0,True,False,True,2,False,True,SYNTHETIC,86.6,Critical,78.6
ORG-02374,small,government,29,30,2,83.6,58.8,2,43.8,True,True,3,121,False,59.2,53.5,45,False,False,46.3,True,False,59.6,69.1,False,False,56,27,48,24,12,True,8,True,49.9,False,205,False,False,False,106.0,87.0,12,True,1,True,36.0,12.0,True,False,True,3,True,False,SYNTHETIC,52.1,High,50.9
ORG-02375,medium,government,178,316,24,55.7,31.4,4,18.8,False,False,2,201,True,35.6,20.0,42,True,True,30.6,False,False,17.1,23.4,False,True,76,57,52,31,0,False,8,True,8.4,False,91,False,False,False,186.0,99.0,6,False,12,False,61.0,19.0,False,False,False,4,False,True,SYNTHETIC,99.6,Critical,82.5
ORG-02376,small,retail,25,27,1,83.5,22.7,2,71.7,True,True,3,137,False,29.3,29.0,23,False,False,71.0,True,True,49.7,55.5,True,True,62,37,61,25,6,True,24,True,58.6,True,178,False,False,True,88.0,66.0,12,True,12,True,36.0,5.0,True,True,False,1,False,False,SYNTHETIC,41.4,Moderate,40.4
ORG-02377,small,education,31,34,1,60.6,19.8,2,31.2,False,False,3,161,False,10.2,23.5,53,False,True,34.8,True,False,0.0,47.6,False,True,79,44,82,34,12,False,0,False,11.7,False,101,False,False,False,127.0,98.0,6,False,0,True,67.0,22.0,False,True,False,2,False,False,SYNTHETIC,84.9,Critical,79.2
ORG-02378,large,energy,9231,13862,1617,63.4,25.3,325,52.6,True,True,3,114,True,42.9,71.2,18,True,True,72.2,True,True,61.9,75.1,True,False,33,26,16,16,6,True,24,True,66.4,True,307,False,False,True,65.0,41.0,12,False,3,False,34.0,5.0,False,False,False,2,True,True,SYNTHETIC,37.3,Moderate,38.0
ORG-02379,small,healthcare,23,34,2,77.7,17.2,1,28.9,False,False,2,186,False,31.5,20.0,43,False,True,54.1,True,False,21.4,45.5,True,False,61,55,54,28,6,False,8,True,30.4,False,101,True,False,False,144.0,112.0,1,True,0,True,50.0,21.0,False,False,False,2,True,False,SYNTHETIC,63.6,High,65.2
ORG-02380,medium,manufacturing,485,764,56,35.7,23.2,15,40.9,False,True,3,112,False,39.1,67.1,36,False,True,65.9,True,True,40.8,39.7,True,True,42,35,37,23,12,True,24,True,41.0,True,178,True,False,True,94.0,64.0,6,True,12,True,31.0,12.0,False,False,False,0,False,False,SYNTHETIC,43.7,Moderate,44.6
ORG-02381,medium,energy,1562,2776,178,77.0,38.5,41,70.6,True,True,5,106,False,83.3,62.4,29,False,True,58.0,True,True,70.7,56.2,True,False,27,22,39,21,12,True,8,True,74.8,True,327,True,True,False,91.0,70.0,12,True,1,False,18.0,15.0,False,False,False,1,True,False,SYNTHETIC,34.5,Moderate,36.5
ORG-02382,small,technology,49,56,3,63.0,22.5,4,29.4,False,False,1,197,True,4.2,20.0,49,False,False,10.0,False,True,9.9,26.0,False,False,77,51,81,31,0,True,16,True,19.7,True,97,True,False,True,165.0,124.0,1,False,3,False,45.0,21.0,False,False,False,0,False,True,SYNTHETIC,77.6,Critical,69.8
ORG-02383,large,government,4390,6955,1087,90.6,36.2,218,50.2,False,False,2,132,False,23.5,41.1,38,False,True,61.2,True,True,35.9,61.7,False,True,63,40,37,19,6,True,24,True,58.5,True,224,False,False,True,85.0,73.0,12,False,0,False,48.0,24.0,False,False,False,2,True,False,SYNTHETIC,57.0,High,57.6
ORG-02384,medium,healthcare,576,1012,93,83.7,50.6,20,7.4,False,False,1,165,False,10.9,27.8,63,False,False,10.0,True,False,58.4,13.0,True,False,72,42,74,40,24,False,8,True,12.8,False,93,False,False,False,145.0,105.0,12,False,12,False,62.0,28.0,False,False,False,1,False,False,SYNTHETIC,97.7,Critical,89.1
ORG-02385,medium,manufacturing,197,253,25,72.4,22.9,5,50.7,True,True,3,123,True,68.9,45.8,32,True,True,44.6,True,False,49.6,58.6,True,True,52,35,66,18,12,True,0,True,39.0,True,218,False,False,False,105.0,58.0,72,True,6,False,25.0,14.0,False,True,True,2,False,False,SYNTHETIC,47.3,Moderate,48.2
ORG-02386,medium,energy,473,778,73,65.5,37.8,15,67.9,True,True,4,71,True,67.2,69.3,27,True,True,90.1,True,True,63.5,95.9,True,True,27,11,18,12,24,True,0,True,79.9,True,369,True,True,True,55.0,31.0,72,False,12,False,10.0,5.0,True,True,True,0,False,True,SYNTHETIC,30.1,Moderate,29.7
ORG-02387,medium,finance,109,177,19,82.6,63.5,4,10.1,False,False,1,194,False,0.0,33.1,51,False,True,19.2,True,False,0.0,35.7,False,False,82,58,58,30,0,False,8,True,16.2,False,62,False,False,False,189.0,107.0,12,False,6,False,56.0,26.0,True,False,False,6,True,False,SYNTHETIC,99.7,Critical,84.4
ORG-02388,medium,healthcare,217,271,27,56.1,83.2,10,63.7,False,False,4,100,True,49.2,44.2,36,False,True,64.3,True,True,46.8,72.2,False,False,50,38,36,18,6,True,24,True,77.3,True,236,False,False,True,124.0,59.0,12,True,12,False,28.0,9.0,False,True,False,0,False,False,SYNTHETIC,41.4,Moderate,42.8
ORG-02389,medium,government,726,937,92,81.3,14.2,22,51.0,False,False,3,129,False,28.8,39.0,45,True,True,57.2,True,False,32.9,47.3,False,True,66,47,72,20,6,True,24,True,35.7,True,199,False,False,False,115.0,65.0,12,False,6,True,46.0,15.0,True,False,True,2,False,True,SYNTHETIC,61.4,High,61.6
ORG-02390,medium,healthcare,996,1215,109,74.9,48.6,26,25.3,False,False,2,166,True,37.0,20.0,46,False,True,42.0,True,True,13.1,37.8,True,True,61,47,51,22,12,False,8,True,26.1,False,147,False,False,False,91.0,72.0,12,True,12,False,74.0,14.0,False,False,True,1,False,False,SYNTHETIC,63.7,High,64.1
ORG-02391,small,retail,34,48,2,43.9,51.4,1,14.8,False,False,2,148,False,41.1,33.3,52,False,False,28.9,True,False,16.6,36.8,True,False,85,47,64,31,0,False,0,False,35.3,False,115,False,False,False,155.0,80.0,24,False,0,False,63.0,13.0,False,True,False,1,False,False,SYNTHETIC,85.8,Critical,80.6
ORG-02392,small,manufacturing,47,51,3,67.2,0.0,3,28.5,False,False,2,125,False,30.7,44.8,42,True,True,55.6,True,False,50.5,40.4,False,True,49,41,46,11,12,True,8,True,62.5,False,167,True,False,False,124.0,89.0,24,False,0,False,37.0,13.0,True,True,True,2,True,False,SYNTHETIC,61.4,High,59.1
ORG-02393,small,technology,37,38,1,60.7,22.9,5,34.2,False,False,2,172,True,14.1,20.0,39,False,False,35.3,True,True,0.0,14.6,False,False,69,53,46,29,12,False,8,True,23.2,False,82,True,True,False,125.0,107.0,12,False,6,True,51.0,20.0,False,False,False,1,False,False,SYNTHETIC,77.3,Critical,71.3
ORG-02394,medium,healthcare,945,1580,118,78.2,26.8,26,55.3,False,False,2,152,False,28.5,28.7,61,False,False,34.0,True,False,12.9,53.5,False,False,69,52,60,32,12,False,16,True,42.1,False,197,False,False,False,126.0,80.0,6,False,6,True,43.0,19.0,True,False,False,1,False,False,SYNTHETIC,74.4,High,73.8
ORG-02395,medium,finance,625,1094,91,35.9,22.4,21,57.0,True,True,3,89,False,62.2,78.5,22,False,True,62.1,True,False,73.1,55.9,True,False,20,21,51,8,6,True,16,True,46.2,True,233,True,True,False,47.0,57.0,12,True,6,True,13.0,7.0,True,False,True,3,True,False,SYNTHETIC,36.5,Moderate,34.1
ORG-02396,medium,retail,148,265,16,46.3,38.2,6,71.5,False,False,2,107,True,81.7,32.7,25,True,False,45.5,True,False,31.0,43.5,True,True,37,43,46,14,12,True,8,True,45.1,True,222,True,True,True,77.0,65.0,12,True,0,False,18.0,14.0,True,True,True,3,True,False,SYNTHETIC,43.5,Moderate,41.7
ORG-02397,large,finance,8654,20427,3786,49.9,50.4,760,100.0,True,True,3,79,True,81.6,74.8,24,True,True,88.1,True,True,100.0,73.3,True,True,5,19,29,4,12,True,24,True,91.1,True,319,True,True,True,60.0,29.0,12,True,6,False,12.0,12.0,True,True,True,3,True,False,SYNTHETIC,13.7,Low,14.2
ORG-02398,medium,healthcare,852,1393,141,57.8,22.6,28,47.8,False,False,3,110,False,27.3,42.6,15,False,False,53.7,True,True,53.0,78.7,False,False,68,40,56,29,0,True,0,True,46.8,True,229,True,True,True,94.0,58.0,6,True,12,True,30.0,18.0,True,False,True,2,False,False,SYNTHETIC,52.4,High,51.3
ORG-02399,medium,retail,474,631,55,64.8,16.5,14,34.6,False,False,2,125,True,23.1,34.1,42,True,False,32.3,True,False,25.2,47.0,True,False,57,54,59,17,12,False,16,True,24.2,False,169,False,False,False,155.0,84.0,6,True,6,False,44.0,14.0,False,False,True,2,True,False,SYNTHETIC,63.1,High,65.8
ORG-02400,medium,technology,1301,2142,226,53.2,22.5,48,33.1,False,False,2,152,False,12.1,40.9,61,True,False,27.3,True,False,31.7,54.7,False,False,54,37,52,25,24,False,0,False,41.4,False,123,True,True,False,156.0,73.0,24,True,6,False,52.0,15.0,False,False,False,3,False,False,SYNTHETIC,72.5,High,72.2
ORG-02401,medium,manufacturing,1394,2467,157,65.5,44.7,33,76.9,True,True,4,56,False,36.1,64.0,25,True,True,87.5,True,False,81.2,81.1,True,True,19,23,39,8,24,False,8,True,75.3,False,312,True,False,True,65.0,28.0,24,True,12,True,14.0,11.0,False,False,False,1,False,False,SYNTHETIC,40.4,Moderate,39.0
ORG-02402,medium,manufacturing,449,588,61,45.5,18.3,14,6.9,False,False,1,163,False,29.5,20.0,63,False,False,10.5,True,False,13.7,20.1,False,False,65,62,78,33,24,False,8,True,5.0,False,77,True,False,False,169.0,92.0,6,True,12,False,51.0,19.0,False,True,False,1,True,False,SYNTHETIC,85.2,Critical,81.9
ORG-02403,medium,finance,634,1100,118,81.9,48.1,25,56.6,False,False,3,131,True,35.9,42.0,38,True,False,49.1,True,True,47.0,50.6,True,False,59,44,19,24,12,False,0,False,54.2,False,191,False,False,False,120.0,53.0,1,False,3,True,47.0,7.0,True,False,False,1,False,False,SYNTHETIC,57.7,High,56.9
ORG-02404,medium,manufacturing,758,1037,96,32.4,55.9,24,37.3,False,False,2,146,True,33.6,36.5,52,False,False,36.7,True,True,23.2,24.0,True,False,70,61,54,24,24,False,8,True,16.9,False,168,True,False,False,153.0,66.0,24,False,6,False,53.0,12.0,False,False,False,1,True,False,SYNTHETIC,81.4,Critical,71.9
ORG-02405,small,technology,18,20,1,79.3,0.0,1,53.5,True,True,4,93,True,58.9,52.3,35,True,True,59.0,True,False,58.5,72.3,True,False,61,28,37,15,0,False,8,True,68.6,False,242,True,False,False,65.0,41.0,6,False,3,True,39.0,12.0,True,True,True,0,False,False,SYNTHETIC,39.1,Moderate,41.7
ORG-02406,large,government,5269,9242,1668,60.0,77.2,337,30.8,False,False,3,101,False,26.8,41.9,49,True,False,54.5,True,True,3.1,64.4,False,False,48,49,72,22,12,True,16,True,40.9,True,88,True,True,False,147.0,74.0,12,True,3,False,39.0,15.0,False,False,False,0,False,False,SYNTHETIC,61.1,High,59.9
ORG-02407,small,retail,33,42,1,86.1,87.5,2,45.8,False,False,2,153,False,18.3,45.2,43,True,False,66.4,False,False,51.1,33.8,False,False,84,45,60,25,6,False,16,True,25.2,False,42,False,False,False,144.0,82.0,12,False,6,False,53.0,8.0,False,True,False,2,True,True,SYNTHETIC,78.5,Critical,77.7
ORG-02408,large,manufacturing,13109,20338,2807,66.6,15.7,564,53.8,True,True,4,93,True,44.4,87.9,28,True,False,78.3,True,True,60.1,70.7,True,True,27,13,24,16,0,True,24,True,74.4,False,233,True,True,True,101.0,37.0,6,True,3,True,28.0,5.0,True,True,True,0,False,False,SYNTHETIC,21.1,Low,20.0
ORG-02409,small,retail,9,11,1,66.7,7.3,7,12.8,False,False,2,173,True,19.2,21.1,52,True,False,22.4,True,False,32.3,19.2,False,False,89,62,73,24,0,False,8,True,2.1,False,118,False,False,False,148.0,109.0,72,False,3,False,59.0,19.0,False,True,False,5,True,False,SYNTHETIC,92.8,Critical,80.3
ORG-02410,small,education,27,28,1,55.1,19.4,5,77.7,True,True,2,104,True,48.1,60.8,31,True,True,55.5,True,True,99.1,54.6,True,True,56,29,37,26,0,False,0,False,54.3,False,263,True,True,False,80.0,44.0,12,True,12,True,25.0,7.0,True,True,False,0,False,False,SYNTHETIC,39.0,Moderate,36.7
ORG-02411,medium,retail,213,364,36,57.2,36.8,13,17.0,False,False,1,159,True,48.1,29.7,48,False,False,41.7,True,False,65.2,31.7,True,True,62,47,75,22,12,False,16,True,32.6,False,161,False,False,False,168.0,125.0,12,False,1,False,50.0,23.0,False,True,False,2,False,False,SYNTHETIC,78.9,Critical,73.8
ORG-02412,large,government,27492,42698,7215,67.2,8.6,1449,84.0,True,True,4,32,True,36.8,68.8,18,True,False,79.2,True,True,71.8,82.9,True,True,32,11,4,15,12,True,24,True,76.0,True,306,True,True,True,26.0,20.0,1,True,1,True,16.0,10.0,True,True,False,0,False,False,SYNTHETIC,15.0,Low,15.8
ORG-02413,medium,energy,802,1424,79,95.0,29.1,20,99.9,True,True,5,69,True,89.6,79.9,15,True,True,86.3,True,False,72.2,77.6,True,True,21,21,15,8,6,True,0,True,53.7,True,343,True,True,False,10.0,32.0,24,True,6,True,11.0,6.0,True,True,True,1,False,False,SYNTHETIC,18.9,Low,20.0
ORG-02414,medium,energy,819,1023,56,26.2,39.8,15,70.1,True,True,5,53,True,71.9,73.8,20,True,True,90.4,True,False,42.9,97.9,True,False,23,29,21,5,12,True,8,True,53.5,True,317,True,True,True,9.0,20.0,12,True,1,True,1.0,9.0,True,True,True,0,False,False,SYNTHETIC,16.8,Low,18.5
ORG-02415,large,energy,9809,20022,2441,46.1,49.7,490,96.3,True,True,5,58,False,79.4,72.4,18,True,True,75.9,True,True,69.3,92.3,True,True,26,6,20,7,12,True,24,True,74.5,False,348,True,True,True,17.0,22.0,6,True,12,True,19.0,0.5,True,True,True,1,False,False,SYNTHETIC,15.9,Low,16.5
ORG-02416,small,healthcare,21,24,1,53.0,20.7,3,27.5,False,False,1,138,False,0.0,25.3,57,False,False,44.7,True,True,19.9,38.5,False,False,70,51,64,29,12,False,0,False,28.3,False,127,True,True,False,159.0,100.0,12,False,0,False,69.0,23.0,False,True,True,1,False,False,SYNTHETIC,83.0,Critical,75.0
ORG-02417,small,government,10,11,1,66.5,3.4,1,28.8,False,False,2,132,False,0.0,34.3,48,True,False,32.6,True,False,25.7,56.2,True,False,66,51,42,29,6,True,0,True,0.0,True,144,True,True,False,131.0,88.0,72,False,3,False,55.0,17.0,False,False,False,4,False,False,SYNTHETIC,73.8,High,72.7
ORG-02418,small,government,124,148,4,98.7,0.0,3,16.6,False,False,2,201,False,0.0,35.9,57,False,False,30.6,True,False,37.8,15.5,True,False,83,65,79,31,6,False,0,False,12.1,False,110,False,False,False,189.0,103.0,12,False,3,False,67.0,27.0,False,False,False,0,False,False,SYNTHETIC,95.7,Critical,84.3
ORG-02419,small,retail,42,43,2,63.3,64.3,3,44.6,False,False,3,125,False,6.0,20.0,43,False,False,37.9,True,False,25.6,53.8,True,False,63,44,55,20,6,True,8,True,27.0,True,148,True,True,False,122.0,74.0,24,True,12,True,53.0,12.0,False,False,True,3,False,False,SYNTHETIC,56.2,High,59.3
ORG-02420,small,healthcare,12,12,1,61.3,28.8,2,3.7,False,False,1,193,False,0.0,20.0,59,False,False,13.9,True,False,16.7,21.0,True,False,82,51,70,32,24,False,0,False,0.0,False,49,False,False,False,209.0,112.0,12,True,3,False,68.0,27.0,False,False,True,4,False,False,SYNTHETIC,87.2,Critical,83.1
ORG-02421,small,technology,97,144,7,78.8,20.9,3,13.3,False,False,1,167,False,22.2,21.8,47,True,False,57.6,True,True,38.8,41.4,False,True,62,48,58,28,12,False,0,False,12.9,False,103,False,False,False,157.0,92.0,12,False,12,True,55.0,24.0,False,False,False,2,True,False,SYNTHETIC,94.1,Critical,82.1
ORG-02422,medium,technology,395,634,38,38.4,41.9,11,44.7,False,False,3,146,False,76.9,59.0,32,True,False,54.2,True,True,59.4,59.5,True,False,51,45,40,20,6,True,8,True,34.9,False,166,True,True,True,90.0,45.0,24,False,1,True,33.0,14.0,True,True,False,0,False,False,SYNTHETIC,50.2,High,48.4
ORG-02423,medium,energy,747,1134,68,22.6,57.8,15,57.1,False,False,3,87,True,51.4,68.9,30,True,False,63.5,True,True,17.3,69.5,True,True,33,29,21,28,12,True,8,True,57.8,True,255,True,True,False,76.0,65.0,1,True,3,True,24.0,8.0,True,True,True,1,False,False,SYNTHETIC,38.1,Moderate,36.2
ORG-02424,small,retail,13,16,1,24.9,51.6,4,0.0,False,False,2,144,True,22.5,20.0,61,False,True,25.6,True,False,14.8,17.4,False,False,80,53,67,37,24,False,0,False,19.8,False,84,False,False,True,201.0,108.0,6,False,6,False,76.0,32.0,False,False,False,3,False,False,SYNTHETIC,95.7,Critical,85.9
ORG-02425,small,retail,26,36,2,48.2,39.0,1,50.2,False,True,4,97,False,47.3,46.7,37,False,True,60.8,True,True,38.3,70.7,False,True,56,36,47,19,24,True,0,True,41.8,True,254,False,False,False,81.0,43.0,12,True,6,False,39.0,14.0,True,False,True,2,False,False,SYNTHETIC,52.6,High,51.1
ORG-02426,large,finance,9219,22390,2010,73.1,39.7,407,64.5,True,True,4,75,True,71.9,81.1,35,True,True,74.8,True,True,87.5,73.6,True,True,3,25,14,24,24,True,24,True,92.3,True,278,True,True,True,67.0,17.0,6,True,12,True,25.0,7.0,True,True,True,1,False,False,SYNTHETIC,19.5,Low,19.9
ORG-02427,small,finance,21,28,1,59.6,14.8,1,49.3,False,False,2,148,False,53.9,63.4,32,True,True,55.5,True,True,58.4,48.9,False,True,49,38,43,22,12,False,0,False,57.0,False,217,True,False,False,102.0,72.0,6,True,0,False,59.0,8.0,False,True,True,1,False,False,SYNTHETIC,55.2,High,55.9
ORG-02428,medium,healthcare,712,957,97,34.4,16.8,23,35.9,True,True,2,108,True,24.7,38.9,42,True,True,60.3,True,True,33.7,68.1,True,True,61,34,58,29,12,True,0,True,23.8,False,206,False,False,False,124.0,61.0,12,False,6,False,31.0,9.0,True,True,False,0,False,True,SYNTHETIC,64.7,High,55.1
ORG-02429,medium,education,710,1129,108,53.4,50.4,25,14.3,False,False,2,156,True,49.4,20.0,52,False,False,12.0,True,True,35.4,21.9,False,False,78,52,50,31,12,False,16,True,21.8,False,176,True,False,False,136.0,108.0,1,False,12,True,53.0,23.0,False,False,False,2,True,False,SYNTHETIC,88.1,Critical,75.4
ORG-02430,small,retail,7,9,1,48.5,15.6,5,20.0,False,False,2,157,True,10.0,24.9,63,False,False,32.6,False,True,32.1,25.2,False,False,78,60,68,36,12,False,0,False,0.0,False,121,False,False,True,187.0,95.0,1,False,12,False,64.0,17.0,False,False,False,5,True,False,SYNTHETIC,86.7,Critical,81.4
ORG-02431,medium,education,1088,1924,195,68.4,60.3,43,41.3,False,False,3,148,False,42.7,31.5,36,False,True,57.4,True,False,29.3,50.7,True,True,56,42,52,21,6,True,8,True,32.3,True,225,True,False,False,108.0,64.0,72,False,6,False,47.0,10.0,True,False,True,5,True,False,SYNTHETIC,60.7,High,61.5
ORG-02432,medium,technology,2271,3199,243,72.1,27.9,51,53.2,False,False,3,108,False,50.7,53.8,25,True,True,63.2,True,True,47.0,80.0,True,False,52,34,40,19,12,False,16,True,65.4,False,241,True,True,False,85.0,54.0,12,False,3,False,31.0,17.0,True,True,False,0,False,True,SYNTHETIC,48.8,Moderate,51.2
ORG-02433,medium,healthcare,900,1201,85,57.0,12.4,20,57.3,False,False,3,130,False,46.3,28.7,39,True,True,67.8,True,True,20.8,54.7,True,True,60,48,57,17,0,False,8,True,51.4,False,161,True,True,False,123.0,54.0,6,True,6,True,40.0,16.0,True,True,True,0,False,False,SYNTHETIC,46.5,Moderate,46.5
ORG-02434,small,finance,11,13,1,98.5,51.6,4,77.7,True,True,4,53,True,84.2,67.6,13,True,True,88.4,False,True,63.3,84.0,True,True,23,3,44,8,0,True,0,True,80.2,True,337,True,True,True,24.0,1.0,24,True,12,True,25.0,14.0,True,True,False,0,False,False,SYNTHETIC,19.9,Low,21.3
ORG-02435,medium,government,746,1026,105,95.0,74.6,23,54.1,True,True,2,146,False,44.0,53.7,44,False,False,53.9,True,False,28.3,80.7,True,False,62,38,58,22,12,True,16,True,28.1,True,187,False,False,False,113.0,103.0,24,True,6,True,46.0,15.0,False,False,False,0,False,False,SYNTHETIC,57.8,High,55.1
ORG-02436,small,healthcare,10,12,1,50.3,38.4,5,71.7,True,True,4,48,True,65.3,62.2,23,True,True,69.7,True,False,76.2,66.0,True,False,41,18,18,18,0,True,0,True,54.3,False,284,False,False,False,76.0,55.0,6,False,3,True,15.0,10.0,True,False,False,0,False,False,SYNTHETIC,39.7,Moderate,41.0
ORG-02437,small,government,12,12,1,36.5,23.4,8,52.1,False,False,2,155,True,43.3,41.5,45,False,False,43.9,False,True,46.2,53.5,False,True,80,45,30,21,12,False,8,True,34.3,False,157,True,False,False,145.0,89.0,1,False,3,False,52.0,20.0,True,True,False,1,True,False,SYNTHETIC,62.6,High,61.4
ORG-02438,medium,manufacturing,1536,1904,178,45.5,50.2,37,33.3,True,True,3,101,True,44.0,54.5,44,False,True,52.9,True,False,45.6,59.2,True,True,54,33,57,20,0,True,8,True,55.6,True,219,True,True,True,127.0,56.0,24,True,6,True,20.0,7.0,False,False,True,5,False,False,SYNTHETIC,42.7,Moderate,40.7
ORG-02439,small,education,21,29,1,71.8,61.9,4,22.1,False,False,2,180,True,26.0,36.0,45,False,True,40.2,True,True,52.2,18.7,True,True,56,47,57,28,24,False,0,False,32.7,False,154,True,True,False,136.0,58.0,72,False,6,False,42.0,21.0,True,True,False,5,False,False,SYNTHETIC,64.8,High,65.4
ORG-02440,small,healthcare,44,52,2,49.6,31.5,2,41.8,False,False,3,159,False,43.7,40.2,41,True,False,17.4,True,True,41.4,49.5,False,False,65,49,48,17,24,False,16,True,37.0,False,155,False,False,False,125.0,67.0,6,False,12,True,49.0,7.0,False,True,True,1,False,False,SYNTHETIC,67.8,High,69.3
ORG-02441,small,technology,44,59,3,82.1,23.8,5,51.1,True,True,3,131,False,47.7,57.0,30,False,True,56.3,True,False,47.6,51.9,True,False,66,38,32,15,12,True,0,True,36.2,True,205,False,False,False,89.0,55.0,6,False,6,True,22.0,14.0,False,True,False,2,False,True,SYNTHETIC,52.8,High,53.0
ORG-02442,medium,energy,565,1013,65,40.5,37.2,14,82.6,False,False,4,78,True,65.6,59.0,28,True,True,76.7,True,True,48.6,83.0,True,True,45,15,52,21,12,True,8,True,49.7,False,271,True,True,True,36.0,63.0,1,True,12,True,33.0,10.0,True,False,False,1,True,False,SYNTHETIC,36.0,Moderate,36.9
ORG-02443,medium,manufacturing,654,798,54,62.9,3.1,13,80.4,False,False,4,79,False,78.6,65.0,30,True,False,66.3,True,True,58.8,77.5,True,True,18,28,24,15,12,True,16,True,67.6,True,242,True,True,True,67.0,31.0,6,True,6,True,34.0,12.0,True,True,False,1,True,False,SYNTHETIC,30.1,Moderate,31.1
ORG-02444,small,retail,17,22,1,66.1,9.4,1,25.2,False,False,3,133,False,11.1,46.3,56,False,True,39.1,True,False,39.7,51.9,True,False,84,37,50,24,24,True,8,True,52.3,True,186,False,False,False,81.0,97.0,1,False,1,True,46.0,22.0,False,False,False,3,True,True,SYNTHETIC,69.9,High,68.1
ORG-02445,small,energy,9,10,1,92.3,25.5,6,56.4,False,True,2,139,True,48.4,40.8,31,True,False,43.6,True,False,16.2,54.9,True,False,35,39,56,21,6,False,8,True,56.0,False,226,False,False,False,129.0,62.0,12,False,6,False,42.0,17.0,True,True,True,2,False,False,SYNTHETIC,59.9,High,59.1
ORG-02446,small,education,37,46,1,100.0,23.5,3,53.9,False,False,5,105,True,55.1,59.7,29,True,True,71.9,True,True,48.3,63.7,True,True,55,29,29,19,12,False,0,False,69.0,False,292,False,False,False,84.0,55.0,72,True,3,False,46.0,7.0,True,True,False,2,True,False,SYNTHETIC,45.4,Moderate,44.5
ORG-02447,large,education,8136,18114,3036,61.1,16.9,609,42.0,True,True,4,110,True,48.0,69.8,29,False,False,74.7,True,False,57.9,74.0,True,True,43,26,24,12,24,True,0,True,65.0,True,226,True,True,True,44.0,43.0,1,True,6,False,37.0,10.0,False,True,True,1,True,False,SYNTHETIC,33.7,Moderate,36.0
ORG-02448,small,finance,20,20,1,70.0,45.3,4,52.3,False,False,2,116,True,54.2,63.6,44,False,False,58.3,True,True,50.2,54.2,True,True,45,39,34,19,6,False,8,True,46.9,False,226,True,True,False,88.0,59.0,6,False,12,True,50.0,12.0,True,False,False,3,True,False,SYNTHETIC,57.2,High,54.1
ORG-02449,small,energy,24,27,2,92.2,46.6,1,51.1,True,True,3,114,False,62.1,38.9,33,False,False,65.4,True,False,21.4,71.7,True,True,40,47,35,12,12,False,0,False,37.3,False,205,False,False,False,101.0,46.0,24,False,6,False,55.0,16.0,True,True,True,2,True,False,SYNTHETIC,58.7,High,56.8
ORG-02450,small,energy,27,39,2,67.2,69.1,5,32.4,False,False,3,129,True,51.8,25.8,40,False,False,49.2,True,True,2.3,60.6,True,False,77,31,55,28,12,False,0,False,34.0,False,146,False,False,True,129.0,77.0,12,True,0,False,44.0,17.0,True,False,False,2,False,False,SYNTHETIC,59.5,High,60.7
ORG-02451,small,healthcare,116,161,12,47.0,27.2,5,39.5,False,False,2,162,False,22.1,32.7,51,False,False,33.3,True,False,58.0,30.3,True,False,73,51,37,30,0,False,0,False,21.5,False,123,False,False,True,137.0,108.0,24,False,6,False,61.0,22.0,False,False,False,2,True,False,SYNTHETIC,79.0,Critical,77.1
ORG-02452,medium,technology,1047,1821,118,46.5,0.0,24,40.6,False,False,3,85,True,45.9,31.4,40,True,True,38.7,True,False,16.3,53.7,False,False,67,49,47,33,12,True,0,True,23.9,True,209,False,False,True,68.0,88.0,12,False,3,False,40.0,16.0,True,True,False,2,True,False,SYNTHETIC,68.1,High,63.7
ORG-02453,small,government,52,75,1,66.5,17.8,4,29.0,False,False,1,190,False,2.4,20.0,59,False,False,13.5,True,False,21.9,29.4,False,False,95,57,61,33,6,False,0,False,4.6,False,107,False,False,True,152.0,112.0,6,False,3,False,65.0,23.0,False,False,False,5,False,True,SYNTHETIC,92.4,Critical,85.9
ORG-02454,medium,education,616,1059,57,41.3,18.1,12,9.6,False,False,1,209,False,28.0,20.0,70,False,False,23.7,True,False,5.4,25.2,False,False,93,60,67,34,12,True,0,True,0.0,True,35,False,False,False,169.0,123.0,12,False,0,True,59.0,20.0,False,False,False,1,True,False,SYNTHETIC,93.3,Critical,85.2
ORG-02455,medium,technology,1359,1925,98,54.7,38.1,26,80.4,True,True,4,101,True,76.8,64.7,29,True,True,76.9,True,True,30.8,66.7,True,True,33,32,44,19,0,True,16,True,73.1,True,356,True,True,True,39.0,19.0,6,True,6,False,31.0,19.0,True,True,True,0,False,False,SYNTHETIC,22.1,Low,23.4
ORG-02456,small,retail,40,43,1,45.7,0.0,4,80.5,True,True,4,105,True,52.0,64.2,28,True,False,79.0,True,False,76.6,63.5,True,False,28,26,28,9,6,False,8,True,68.1,False,300,True,True,False,61.0,44.0,6,True,6,True,25.0,6.0,True,True,False,1,False,False,SYNTHETIC,30.2,Moderate,30.4
ORG-02457,small,government,114,132,4,75.5,41.4,3,33.5,False,False,2,181,False,14.4,21.0,57,False,False,28.2,True,True,4.7,18.7,False,True,81,61,74,31,12,False,0,False,31.8,False,120,False,False,False,161.0,120.0,72,True,0,False,65.0,14.0,False,False,True,5,False,False,SYNTHETIC,73.5,High,74.1
ORG-02458,large,retail,4946,10920,1320,95.0,11.5,264,65.9,True,True,3,110,True,46.9,45.0,20,True,True,53.6,False,True,33.2,62.0,False,False,43,39,41,19,6,True,24,True,61.6,True,262,True,False,False,82.0,57.0,72,False,1,True,33.0,7.0,True,True,True,3,True,False,SYNTHETIC,37.4,Moderate,37.1
ORG-02459,small,healthcare,18,24,1,73.5,55.9,3,45.6,False,False,1,188,False,5.0,28.7,59,False,True,20.6,True,False,0.0,15.0,False,False,81,78,69,26,0,False,0,False,19.3,False,82,False,False,False,200.0,111.0,72,False,3,False,59.0,16.0,False,False,False,2,True,False,SYNTHETIC,89.7,Critical,84.0
ORG-02460,large,manufacturing,6263,12400,2071,95.0,12.8,416,43.8,False,True,3,73,False,32.0,47.8,45,True,True,42.8,True,True,59.3,64.8,False,False,36,47,36,27,6,False,24,True,32.7,False,179,False,False,True,63.0,73.0,12,True,6,False,43.0,15.0,True,True,True,0,False,False,SYNTHETIC,49.6,Moderate,48.9
ORG-02461,medium,healthcare,555,981,111,76.0,24.8,25,38.1,False,False,3,143,False,51.9,47.5,48,False,False,55.1,True,True,65.7,62.2,False,False,51,29,37,11,0,True,16,True,33.7,True,149,False,False,True,99.0,71.0,12,True,1,False,40.0,17.0,True,False,False,2,True,False,SYNTHETIC,49.4,Moderate,50.5
ORG-02462,large,technology,6289,11783,1504,75.0,51.7,301,86.8,True,True,4,98,True,53.9,80.7,9,True,True,83.5,True,True,55.2,86.1,True,False,32,23,24,9,12,True,24,True,78.5,True,329,True,True,True,25.0,10.0,6,True,6,False,5.0,2.0,True,True,False,0,False,False,SYNTHETIC,16.7,Low,17.2
ORG-02463,medium,technology,856,1166,67,66.3,39.1,14,33.6,False,False,3,150,False,54.0,24.2,53,False,True,45.4,True,True,25.6,47.1,False,True,74,54,68,29,0,False,8,True,21.6,False,86,False,False,False,137.0,69.0,12,False,1,True,44.0,22.0,False,False,True,1,False,False,SYNTHETIC,79.3,Critical,72.5
ORG-02464,medium,healthcare,862,1195,136,50.9,0.0,29,61.3,False,False,3,80,True,92.3,74.2,37,False,False,79.1,True,True,43.0,70.1,False,False,44,39,6,25,12,False,0,False,45.6,False,328,True,True,False,86.0,50.0,6,True,3,True,39.0,13.0,True,True,True,0,False,False,SYNTHETIC,41.2,Moderate,41.1
ORG-02465,medium,manufacturing,757,934,59,49.3,66.6,13,10.9,False,False,2,201,False,18.9,24.2,54,False,False,27.6,False,False,48.8,42.8,False,True,63,55,57,27,24,True,8,True,23.6,True,127,False,False,False,157.0,75.0,12,False,6,False,58.0,19.0,True,False,False,1,True,False,SYNTHETIC,92.9,Critical,79.6
ORG-02466,small,technology,14,20,1,79.7,18.5,4,9.3,False,False,3,191,False,0.0,20.0,68,False,False,10.0,True,False,27.1,12.7,False,False,95,62,67,31,24,False,0,False,22.2,False,48,True,False,False,201.0,82.0,12,False,6,False,62.0,18.0,False,False,False,2,False,False,SYNTHETIC,97.5,Critical,88.9
ORG-02467,medium,government,920,1390,142,54.4,74.4,30,63.7,True,True,4,104,True,96.8,47.6,17,True,True,85.1,True,True,52.2,71.0,True,True,38,20,22,17,12,True,8,True,50.1,True,269,True,True,False,38.0,25.0,12,True,0,False,26.0,8.0,True,True,True,2,True,False,SYNTHETIC,29.0,Moderate,26.2
ORG-02468,medium,retail,937,1381,157,38.8,39.3,32,74.5,True,True,5,82,True,78.8,72.1,3,True,True,82.2,True,True,83.1,76.6,True,True,17,13,20,6,24,True,0,True,71.3,True,309,True,True,True,43.0,15.0,6,True,1,True,12.0,2.0,True,True,True,0,False,False,SYNTHETIC,16.8,Low,16.8
ORG-02469,small,manufacturing,24,24,1,86.6,49.7,2,15.4,False,False,2,187,False,0.0,23.0,56,False,False,25.4,True,True,27.9,28.7,False,False,80,48,85,28,12,False,0,False,0.0,False,87,False,False,True,206.0,125.0,12,True,6,False,67.0,20.0,False,True,False,3,True,False,SYNTHETIC,80.9,Critical,75.9
ORG-02470,medium,healthcare,584,899,77,44.0,8.8,21,58.3,True,True,3,168,False,60.4,53.1,35,True,True,72.6,True,False,47.8,73.6,True,True,61,32,34,18,6,False,16,True,41.4,False,276,True,True,False,89.0,51.0,6,False,12,False,16.0,9.0,True,True,True,2,True,False,SYNTHETIC,47.5,Moderate,48.6
ORG-02471,medium,education,718,1187,103,63.8,12.3,24,63.8,True,True,4,105,False,57.9,69.9,28,True,True,62.4,True,False,52.5,66.0,True,True,42,27,40,26,12,True,8,True,38.7,True,252,True,True,True,68.0,40.0,24,False,6,False,34.0,14.0,True,True,True,2,False,False,SYNTHETIC,44.2,Moderate,44.1
ORG-02472,small,finance,115,160,3,38.0,34.5,2,42.6,False,False,3,132,True,25.2,41.0,36,True,True,60.4,False,True,39.8,55.6,True,False,56,28,35,19,0,True,0,True,39.2,True,252,False,False,True,136.0,43.0,12,True,3,True,35.0,15.0,True,False,False,3,False,False,SYNTHETIC,43.0,Moderate,43.6
ORG-02473,small,manufacturing,84,123,4,94.1,27.3,3,47.6,False,False,2,123,False,29.1,20.0,47,True,False,33.8,True,False,0.0,44.4,False,False,78,47,54,25,6,True,0,True,42.1,True,148,True,False,False,151.0,102.0,72,False,6,False,53.0,16.0,True,True,False,2,False,False,SYNTHETIC,72.7,High,70.7
ORG-02474,small,energy,27,39,1,62.1,76.4,1,21.7,False,False,1,224,False,4.9,32.9,40,False,True,30.0,True,False,35.2,60.1,False,False,58,45,64,32,12,False,0,False,40.7,False,122,True,False,True,172.0,86.0,72,False,3,False,63.0,20.0,True,False,True,2,False,False,SYNTHETIC,75.7,Critical,75.3
ORG-02475,small,education,50,65,2,75.6,58.0,5,34.2,False,False,2,162,False,48.6,29.4,59,False,True,26.9,True,False,27.2,38.3,False,True,81,60,49,27,12,False,0,False,20.5,False,145,True,True,False,99.0,100.0,12,False,3,True,62.0,18.0,False,True,False,2,False,False,SYNTHETIC,80.7,Critical,73.7
ORG-02476,small,retail,176,230,9,62.1,52.1,3,34.8,False,False,2,170,False,34.3,56.9,56,False,True,16.0,True,False,31.7,24.3,False,True,76,47,71,18,6,True,0,True,39.3,False,211,False,False,False,143.0,75.0,1,False,6,False,35.0,11.0,False,False,False,2,False,False,SYNTHETIC,74.5,High,74.2
ORG-02477,small,technology,43,64,3,41.0,57.1,2,29.7,False,False,2,138,False,23.0,28.0,62,True,False,59.5,True,False,38.0,29.4,True,False,66,38,64,26,0,False,0,False,27.0,False,114,True,False,True,145.0,104.0,12,True,6,False,38.0,14.0,False,False,False,2,True,False,SYNTHETIC,72.3,High,69.0
ORG-02478,large,energy,13081,19692,2080,85.6,37.3,419,94.9,True,True,5,66,True,87.9,95.1,11,True,True,71.6,True,True,97.5,98.1,True,True,8,20,6,5,12,True,24,True,91.6,False,381,True,True,True,1.0,31.0,6,True,6,True,17.0,1.0,True,True,True,2,True,False,SYNTHETIC,5.8,Low,7.4
ORG-02479,small,government,8,10,1,45.9,23.0,1,40.3,True,True,5,95,False,40.3,74.0,40,False,True,87.2,True,True,40.2,78.9,True,False,39,21,41,18,6,True,0,True,70.0,True,269,True,True,True,55.0,59.0,6,True,0,True,22.0,4.0,True,True,True,1,False,False,SYNTHETIC,26.0,Moderate,27.4
ORG-02480,small,healthcare,13,18,1,86.8,37.3,3,18.8,False,False,2,157,True,39.8,48.6,46,True,False,53.7,True,False,27.9,40.1,True,False,72,58,66,26,0,False,16,True,12.3,False,147,False,False,False,150.0,82.0,6,False,3,False,50.0,21.0,True,True,True,4,False,False,SYNTHETIC,78.4,Critical,69.6
ORG-02481,medium,energy,679,1142,134,37.7,53.1,28,19.5,False,False,2,124,False,20.7,49.4,49,True,True,43.2,True,False,18.8,42.4,True,False,55,45,57,18,12,False,8,True,27.2,False,230,False,False,False,135.0,87.0,1,False,1,False,38.0,15.0,False,False,False,1,False,False,SYNTHETIC,87.3,Critical,74.5
ORG-02482,medium,retail,349,542,42,68.1,43.8,9,60.4,True,True,3,87,True,63.1,44.3,30,True,True,59.9,True,True,74.3,91.0,False,True,41,27,28,16,0,False,8,True,53.1,False,258,False,False,True,89.0,55.0,6,True,6,True,19.0,12.0,True,True,False,2,True,False,SYNTHETIC,34.5,Moderate,35.7
ORG-02483,small,education,73,103,7,27.7,49.6,5,35.4,False,False,2,182,False,36.7,20.0,47,False,False,20.2,True,True,28.7,44.2,False,False,87,56,51,26,6,True,0,True,20.1,True,138,True,False,False,164.0,93.0,24,False,3,False,62.0,26.0,False,False,False,5,True,False,SYNTHETIC,81.8,Critical,73.9
ORG-02484,large,manufacturing,9772,17918,2047,87.1,47.1,411,50.6,True,True,3,145,True,48.6,47.7,42,True,False,54.7,True,False,10.2,58.0,True,False,42,48,60,22,12,True,24,True,48.3,True,214,False,False,False,122.0,73.0,12,True,3,True,37.0,17.0,True,True,True,1,True,False,SYNTHETIC,43.8,Moderate,42.0
ORG-02485,medium,manufacturing,487,610,33,44.0,29.8,9,26.6,False,False,1,174,True,20.6,20.0,43,True,False,34.1,True,False,12.2,35.4,False,False,58,34,54,36,24,True,8,True,37.5,True,223,False,False,True,119.0,103.0,24,False,1,False,63.0,22.0,True,False,False,0,False,False,SYNTHETIC,70.7,High,72.2
ORG-02486,large,government,8682,16488,2856,78.8,43.7,573,100.0,True,True,5,30,True,85.8,100.0,21,True,True,94.5,True,True,82.1,86.4,True,True,10,15,2,4,12,True,24,True,99.3,True,378,True,True,True,1.0,1.0,12,True,12,True,9.0,3.0,True,True,True,0,False,False,SYNTHETIC,5.6,Low,5.8
ORG-02487,small,finance,21,30,1,47.8,67.9,2,35.6,False,False,2,130,False,15.1,33.1,51,False,True,61.5,True,False,27.5,61.3,False,False,85,53,60,25,6,True,0,True,69.2,True,149,True,False,True,152.0,80.0,12,False,6,False,52.0,14.0,False,False,False,1,True,False,SYNTHETIC,69.6,High,69.9
ORG-02488,medium,energy,462,623,35,65.5,37.0,8,38.5,False,False,2,155,False,43.4,38.7,50,False,True,29.7,True,False,13.0,45.7,False,True,64,46,60,20,12,False,8,True,27.6,False,132,False,False,False,112.0,85.0,12,False,3,False,42.0,14.0,False,True,False,0,False,True,SYNTHETIC,82.1,Critical,75.5
ORG-02489,large,education,22192,49060,6429,95.0,36.5,1286,33.7,False,False,2,166,False,22.0,42.7,61,True,False,35.3,True,False,30.0,49.9,False,False,84,55,40,30,12,True,24,True,29.8,True,110,False,False,True,191.0,89.0,24,False,3,False,50.0,20.0,False,False,False,3,True,True,SYNTHETIC,73.2,High,73.1
ORG-02490,large,government,4765,7697,1108,63.9,45.8,226,100.0,True,True,5,77,True,73.0,62.5,14,True,True,86.7,True,False,66.2,84.5,True,True,31,8,21,4,12,True,0,True,99.3,True,349,True,True,True,55.0,20.0,72,True,6,True,10.0,6.0,True,True,True,1,True,False,SYNTHETIC,14.6,Low,16.8
ORG-02491,small,technology,103,121,8,51.7,66.4,4,14.9,False,False,2,181,True,36.6,20.0,44,False,False,30.6,False,False,36.4,32.6,False,False,88,55,58,31,12,False,0,False,20.2,False,118,False,False,True,141.0,110.0,72,True,6,False,49.0,15.0,False,False,False,2,False,False,SYNTHETIC,79.8,Critical,75.8
ORG-02492,large,finance,3258,6951,1111,83.2,14.3,226,51.5,True,True,3,85,False,65.4,58.7,14,False,False,69.8,True,True,63.6,100.0,False,True,13,32,29,6,0,False,16,True,46.5,False,344,True,False,True,47.0,34.0,12,True,6,True,25.0,4.0,True,True,True,3,False,False,SYNTHETIC,29.2,Moderate,32.8
ORG-02493,small,energy,27,35,1,80.0,29.4,8,72.3,True,True,4,116,False,28.9,75.2,30,True,True,75.2,False,True,56.8,77.1,True,False,42,24,23,13,0,False,0,False,50.4,False,288,True,True,False,60.0,46.0,72,True,3,True,30.0,13.0,True,True,True,0,False,False,SYNTHETIC,30.5,Moderate,30.1
ORG-02494,small,manufacturing,24,30,1,64.6,41.4,1,1.0,False,False,2,264,False,19.8,20.0,73,False,False,20.5,True,False,0.0,39.9,False,False,96,65,85,34,24,False,8,True,9.7,False,51,False,False,False,214.0,105.0,24,False,6,False,66.0,20.0,False,False,False,2,True,False,SYNTHETIC,100.0,Critical,92.1
ORG-02495,large,healthcare,11302,26900,4218,65.2,5.0,847,51.0,True,True,4,96,False,58.0,42.7,33,True,True,62.2,True,True,66.8,81.1,True,True,54,37,18,14,12,True,24,True,74.9,True,283,True,False,True,102.0,53.0,12,True,12,False,5.0,8.0,False,False,True,3,False,False,SYNTHETIC,34.8,Moderate,33.9
ORG-02496,small,healthcare,7,8,1,97.9,46.0,1,39.7,True,True,4,110,True,39.8,53.0,35,True,True,46.1,True,False,37.9,69.2,False,True,51,32,25,25,12,False,8,True,57.1,False,144,False,False,True,90.0,30.0,24,False,12,True,42.0,13.0,True,False,False,1,False,False,SYNTHETIC,55.8,High,54.8
ORG-02497,medium,government,392,629,75,49.1,29.8,17,33.8,False,False,2,126,False,47.2,20.0,56,False,False,22.4,True,False,46.0,43.7,False,True,71,54,81,31,12,True,0,True,27.4,True,126,False,False,False,121.0,91.0,12,False,6,False,61.0,19.0,True,False,False,2,False,False,SYNTHETIC,85.2,Critical,78.7
ORG-02498,medium,finance,946,1539,156,50.2,22.7,33,47.9,False,True,3,136,True,25.3,43.4,27,False,False,47.0,True,True,47.0,57.9,True,False,63,45,54,18,0,True,0,True,27.2,True,235,True,True,False,127.0,50.0,72,True,6,False,54.0,10.0,True,False,False,0,False,False,SYNTHETIC,48.3,Moderate,47.1
ORG-02499,small,finance,112,149,4,65.7,22.5,3,76.8,True,True,4,68,False,68.4,75.3,24,False,True,71.8,True,True,77.9,88.2,True,False,35,14,21,10,24,False,0,False,56.6,False,269,True,True,False,36.0,29.0,6,False,1,True,13.0,0.5,True,True,True,2,False,False,SYNTHETIC,37.3,Moderate,35.7
ORG-02500,small,manufacturing,9,12,1,52.0,69.9,3,0.0,False,False,1,236,False,20.9,20.0,47,False,False,20.3,True,False,10.6,19.8,False,True,108,61,81,38,12,False,0,False,14.0,False,14,False,False,False,175.0,118.0,12,False,3,False,66.0,26.0,False,False,False,1,True,False,SYNTHETIC,100.0,Critical,91.8
ORG-02501,medium,technology,1087,1656,185,78.0,47.2,40,32.8,False,False,2,188,False,29.7,22.0,50,False,False,37.1,True,False,1.8,51.5,False,False,78,56,59,28,12,False,16,True,4.2,False,170,False,False,False,173.0,121.0,24,False,3,True,58.0,17.0,False,False,False,5,True,False,SYNTHETIC,90.4,Critical,81.6
ORG-02502,large,education,3019,6487,1220,95.0,23.8,245,43.1,False,False,3,149,True,40.5,34.1,53,True,True,44.5,True,True,29.8,36.0,False,False,46,54,59,20,12,True,16,True,49.1,True,204,False,False,True,132.0,82.0,6,True,12,True,33.0,9.0,False,False,False,1,False,False,SYNTHETIC,53.2,High,53.3
ORG-02503,medium,energy,562,680,58,45.2,57.7,16,91.2,False,False,4,117,True,70.7,76.5,21,True,True,64.7,True,True,49.0,68.3,True,True,44,27,32,8,12,True,0,True,100.0,True,285,True,False,False,58.0,29.0,12,True,12,True,20.0,6.0,True,True,True,3,False,False,SYNTHETIC,30.5,Moderate,29.1
ORG-02504,medium,finance,832,1221,143,60.7,31.5,30,64.5,True,True,3,114,True,68.1,79.6,45,False,True,53.5,True,True,89.5,79.0,True,True,36,23,25,18,0,False,16,True,54.5,False,251,True,True,True,77.0,28.0,24,True,3,True,38.0,12.0,False,True,False,0,False,False,SYNTHETIC,27.9,Moderate,29.3
ORG-02505,large,manufacturing,9586,19167,3540,67.0,12.2,711,38.9,False,False,2,151,False,38.3,32.7,41,False,False,34.8,False,True,46.8,47.6,True,False,50,47,66,28,12,False,24,True,40.0,False,112,False,False,False,184.0,111.0,12,True,12,True,52.0,13.0,False,False,True,1,True,False,SYNTHETIC,66.4,High,64.6
ORG-02506,medium,finance,756,1013,56,58.6,23.8,15,53.4,False,False,3,151,True,12.2,20.0,37,True,True,52.2,True,False,47.3,34.3,False,False,54,36,57,39,12,True,24,True,53.5,False,177,True,True,False,134.0,85.0,6,False,6,True,43.0,18.0,True,False,False,2,False,False,SYNTHETIC,57.6,High,59.1
ORG-02507,small,retail,157,207,11,49.7,0.0,7,16.6,False,False,1,184,False,15.5,20.0,56,False,False,34.5,True,False,37.1,22.0,False,False,83,55,38,34,24,False,8,True,11.6,False,78,False,False,True,187.0,109.0,6,False,6,False,66.0,21.0,False,True,False,3,True,False,SYNTHETIC,88.7,Critical,83.8
ORG-02508,small,government,75,86,4,38.0,13.8,2,6.5,False,False,2,195,True,10.9,20.0,71,False,False,10.0,True,False,20.8,32.0,False,False,104,72,44,30,12,False,0,False,0.0,False,65,False,False,False,179.0,105.0,1,False,3,False,78.0,18.0,False,False,False,4,True,False,SYNTHETIC,91.0,Critical,86.6
ORG-02509,small,healthcare,55,76,4,42.3,15.6,4,8.6,False,False,2,201,True,24.4,20.0,56,True,True,32.0,True,False,7.8,28.7,False,True,76,62,56,29,24,False,0,False,24.2,False,92,False,False,True,185.0,95.0,6,False,3,True,75.0,24.0,False,False,True,1,False,False,SYNTHETIC,91.5,Critical,78.4
ORG-02510,small,education,119,156,6,60.1,0.0,3,27.4,False,False,2,159,True,20.4,35.7,55,False,False,22.7,True,False,26.2,36.6,False,False,70,58,60,31,0,False,0,False,17.6,False,50,False,False,False,168.0,112.0,12,False,12,False,74.0,21.0,False,False,False,1,True,False,SYNTHETIC,90.5,Critical,85.5
ORG-02511,medium,retail,1536,1885,101,57.4,15.5,23,44.2,False,False,3,138,True,41.2,43.9,35,False,False,55.9,True,True,55.5,43.5,True,False,48,34,31,16,12,False,8,True,35.8,False,146,False,False,True,102.0,74.0,1,False,12,False,46.0,11.0,True,False,False,3,True,True,SYNTHETIC,57.9,High,59.8
ORG-02512,small,manufacturing,38,51,3,42.1,22.4,7,79.3,True,True,4,85,True,80.5,71.3,24,True,True,75.1,True,True,68.5,67.5,True,False,42,31,30,13,12,False,0,False,79.6,False,316,False,False,False,55.0,37.0,12,True,6,False,28.0,3.0,True,True,True,0,False,False,SYNTHETIC,31.0,Moderate,32.6
ORG-02513,small,retail,26,30,1,47.9,15.4,1,0.0,False,False,1,186,True,24.0,41.0,51,False,False,11.4,True,False,25.1,19.5,False,False,89,54,43,26,24,False,0,False,19.5,False,54,False,False,False,171.0,101.0,1,False,12,True,54.0,18.0,True,True,False,3,False,False,SYNTHETIC,85.7,Critical,81.3
ORG-02514,small,manufacturing,87,99,4,57.0,43.7,8,36.1,False,False,3,145,False,11.6,44.1,56,False,False,59.6,True,True,17.6,43.0,True,False,49,35,51,20,12,False,8,True,17.6,False,120,False,False,False,140.0,39.0,12,True,3,False,42.0,17.0,True,True,False,0,False,False,SYNTHETIC,60.5,High,58.5
ORG-02515,medium,education,303,508,27,92.3,41.7,8,48.9,False,False,3,153,False,22.8,42.3,42,False,False,64.9,True,False,43.2,44.6,True,False,68,45,31,23,0,False,24,True,30.0,False,170,False,False,True,145.0,82.0,12,False,0,False,60.0,12.0,True,True,False,3,False,False,SYNTHETIC,61.7,High,62.7
ORG-02516,medium,finance,265,452,41,87.8,38.0,9,15.1,False,False,3,147,True,43.5,52.8,48,True,False,24.8,True,True,55.2,44.1,True,True,62,36,48,28,12,True,8,True,28.6,False,155,True,True,False,143.0,56.0,6,False,0,False,53.0,18.0,True,True,True,3,False,True,SYNTHETIC,68.1,High,57.9
ORG-02517,small,healthcare,16,17,1,72.0,21.8,6,30.7,False,False,2,137,False,33.3,47.1,51,False,False,34.5,True,True,38.3,57.9,True,False,59,37,61,28,12,False,16,True,34.3,False,195,False,False,True,95.0,63.0,12,True,6,True,58.0,17.0,True,True,True,6,False,False,SYNTHETIC,56.1,High,56.3
ORG-02518,large,healthcare,16745,37322,5421,75.8,9.2,1087,61.1,True,True,4,96,False,46.4,40.0,18,True,False,68.0,True,True,15.6,78.6,False,True,49,25,31,23,12,True,24,True,39.9,True,267,True,True,False,73.0,35.0,72,False,1,False,48.0,17.0,True,True,False,0,False,False,SYNTHETIC,45.8,Moderate,44.9
ORG-02519,small,technology,37,44,2,58.4,35.4,4,25.0,False,False,3,147,True,48.2,25.3,45,False,True,32.0,True,False,34.2,26.5,False,False,74,46,67,30,6,True,0,True,16.8,True,108,False,False,False,124.0,121.0,1,False,3,True,45.0,12.0,False,True,False,1,False,False,SYNTHETIC,75.4,Critical,71.0
ORG-02520,large,manufacturing,10467,26022,3538,54.1,30.0,710,65.1,True,True,4,61,True,77.8,65.1,18,False,True,82.5,True,True,86.2,87.2,True,True,39,17,18,4,6,True,24,True,75.6,True,264,False,False,True,65.0,29.0,24,True,0,True,21.0,8.0,True,True,True,1,False,False,SYNTHETIC,18.0,Low,17.2
ORG-02521,medium,healthcare,365,652,53,74.5,6.2,17,85.7,True,True,5,77,True,70.8,74.5,23,True,True,77.7,True,False,58.5,88.8,True,True,21,20,2,15,12,True,16,True,57.9,True,316,True,True,True,35.0,44.0,72,False,1,True,31.0,8.0,True,True,True,0,False,True,SYNTHETIC,25.1,Moderate,25.0
ORG-02522,medium,manufacturing,2128,3504,194,42.2,19.2,42,39.8,False,False,2,127,False,22.5,49.8,38,False,False,46.9,True,False,40.8,54.4,True,True,60,47,35,27,24,True,0,True,34.8,False,182,False,False,True,149.0,63.0,12,False,3,True,48.0,19.0,False,True,False,1,True,True,SYNTHETIC,65.6,High,65.5
ORG-02523,small,manufacturing,59,82,2,70.6,5.0,7,1.8,False,False,1,185,False,0.0,20.0,71,True,False,13.1,True,False,0.0,19.9,False,False,103,51,86,37,0,True,0,True,0.0,True,60,False,False,False,191.0,136.0,168,False,6,False,78.0,16.0,False,False,False,3,False,False,SYNTHETIC,99.4,Critical,89.1
ORG-02524,small,government,97,132,8,55.4,45.0,2,26.0,False,False,2,205,False,3.6,20.0,49,False,False,27.9,True,False,25.7,16.7,False,False,95,67,44,26,12,False,0,False,25.6,False,73,False,False,False,164.0,121.0,1,False,6,True,70.0,20.0,False,False,False,2,True,False,SYNTHETIC,81.5,Critical,83.9
ORG-02525,small,healthcare,26,30,1,38.6,26.2,6,21.4,False,False,2,178,False,17.6,20.0,53,False,False,34.6,True,False,15.7,43.6,False,False,81,45,62,31,0,False,8,True,16.7,False,55,False,False,True,226.0,103.0,1,False,12,False,64.0,22.0,False,False,False,1,True,False,SYNTHETIC,89.1,Critical,85.9
ORG-02526,medium,healthcare,607,783,75,36.9,48.6,19,56.7,True,True,4,75,True,54.8,60.8,37,False,False,79.9,True,True,91.7,73.7,True,True,25,25,37,3,12,False,8,True,51.3,False,262,True,True,False,62.0,53.0,24,True,12,True,22.0,4.0,True,False,True,0,False,False,SYNTHETIC,34.2,Moderate,32.3
ORG-02527,medium,finance,1350,2240,139,90.3,17.1,31,35.7,True,True,4,123,False,61.1,62.5,26,True,True,68.7,True,False,64.2,65.2,False,False,34,37,24,16,6,True,16,True,49.1,True,242,True,False,False,134.0,52.0,12,False,3,True,21.0,5.0,False,False,False,0,False,False,SYNTHETIC,47.2,Moderate,49.1
ORG-02528,medium,manufacturing,961,1210,100,73.7,38.4,23,49.0,True,True,4,139,False,37.6,41.4,45,False,False,48.8,True,True,52.7,80.0,True,True,46,30,50,18,12,True,8,True,23.4,True,184,False,False,False,70.0,81.0,12,True,1,True,34.0,19.0,True,False,False,1,False,False,SYNTHETIC,43.9,Moderate,44.6
ORG-02529,large,education,10377,24356,3349,63.2,28.2,669,69.8,True,True,4,27,False,62.2,67.0,29,True,True,78.8,True,True,60.0,87.2,True,True,25,35,13,7,12,True,16,True,98.6,True,307,True,True,True,50.0,27.0,12,True,1,True,29.0,7.0,False,True,False,0,False,False,SYNTHETIC,22.2,Low,20.7
ORG-02530,medium,government,709,1085,101,39.9,29.2,21,85.1,True,True,4,63,True,77.9,75.0,27,True,True,89.8,True,True,83.9,95.9,True,True,33,3,2,13,6,True,8,True,46.8,True,374,True,True,True,59.0,1.0,6,True,6,True,7.0,0.5,True,True,True,0,False,False,SYNTHETIC,15.9,Low,14.2
ORG-02531,small,retail,9,12,1,59.0,54.2,1,18.1,False,False,2,165,False,39.1,20.0,49,True,True,18.5,True,False,36.2,42.8,True,False,99,53,57,24,0,False,0,False,27.5,False,119,False,False,True,131.0,90.0,72,True,1,False,63.0,18.0,False,False,False,4,True,False,SYNTHETIC,72.6,High,71.5
ORG-02532,large,technology,9723,15171,2579,55.8,43.9,519,52.7,False,False,2,89,True,50.8,29.3,52,True,False,53.2,True,True,49.2,76.0,False,True,68,41,73,11,12,True,8,True,46.9,True,176,False,False,True,131.0,82.0,24,False,3,False,50.0,21.0,False,True,True,0,False,True,SYNTHETIC,59.6,High,58.5
ORG-02533,medium,technology,870,1083,122,61.4,0.0,25,17.7,False,False,2,182,False,1.7,31.4,56,False,False,42.0,True,True,27.0,49.4,True,False,73,57,67,25,6,True,8,True,42.5,False,94,False,False,False,179.0,95.0,72,True,12,True,49.0,18.0,False,False,False,1,True,False,SYNTHETIC,66.5,High,64.4
ORG-02534,large,healthcare,12621,28742,4817,91.4,64.2,967,70.0,True,True,5,106,True,62.6,72.8,26,True,True,85.7,True,True,51.0,86.9,True,False,25,6,28,9,12,True,16,True,69.8,True,283,True,True,True,105.0,32.0,6,False,0,True,27.0,10.0,True,True,False,0,False,False,SYNTHETIC,22.9,Low,25.4
ORG-02535,small,retail,9,12,1,50.0,0.0,3,51.8,False,False,3,169,True,25.0,27.1,42,True,False,71.0,True,False,33.8,42.0,True,True,63,44,42,16,24,True,8,True,46.3,False,150,True,False,True,129.0,68.0,12,False,1,True,51.0,16.0,True,False,False,0,False,False,SYNTHETIC,57.9,High,55.2
ORG-02536,small,manufacturing,17,23,1,53.0,42.9,2,23.2,False,False,2,130,False,32.4,24.3,52,True,True,45.9,True,False,32.5,62.8,False,False,54,45,68,28,12,False,0,False,30.5,False,175,True,False,True,112.0,59.0,12,False,12,False,38.0,19.0,False,False,False,2,False,True,SYNTHETIC,77.3,Critical,78.1
ORG-02537,small,government,75,80,4,70.6,27.9,4,50.3,True,True,3,128,True,39.3,66.3,31,True,True,58.6,True,False,72.2,80.0,True,False,28,27,21,17,0,False,0,False,50.8,False,286,False,False,False,67.0,24.0,168,True,3,True,18.0,13.0,False,True,False,1,False,False,SYNTHETIC,39.3,Moderate,40.6
ORG-02538,medium,retail,743,1326,99,56.1,14.3,20,13.3,False,False,2,181,True,15.6,20.0,38,False,True,57.7,True,False,60.6,51.1,True,False,68,54,65,17,12,False,16,True,29.9,False,212,False,False,False,131.0,88.0,1,False,3,False,68.0,23.0,True,False,False,1,False,False,SYNTHETIC,78.6,Critical,69.1
ORG-02539,medium,healthcare,144,246,14,41.3,5.4,6,27.1,False,False,1,135,False,31.4,51.3,48,True,False,15.7,True,False,0.1,43.8,False,False,73,46,37,20,24,True,8,True,31.1,False,180,False,False,False,130.0,69.0,12,True,6,False,56.0,19.0,False,False,False,1,False,False,SYNTHETIC,69.8,High,70.1
ORG-02540,medium,manufacturing,243,399,28,32.8,37.0,9,14.2,False,False,1,227,False,13.5,20.0,73,False,False,10.0,True,False,0.0,17.0,False,False,123,53,49,39,6,False,8,True,0.0,False,81,False,False,False,181.0,135.0,1,False,12,False,55.0,21.0,True,False,False,3,True,False,SYNTHETIC,97.5,Critical,87.8
ORG-02541,small,energy,80,119,5,52.6,14.0,6,50.0,False,False,3,110,False,49.5,52.5,38,False,True,40.2,True,False,10.7,55.6,True,False,45,23,21,23,0,False,0,False,46.3,False,202,False,False,False,100.0,69.0,12,True,6,True,55.0,18.0,False,False,False,0,False,False,SYNTHETIC,60.5,High,59.0
ORG-02542,small,finance,18,18,1,61.3,30.4,5,80.0,True,True,5,52,True,91.5,87.9,7,True,True,100.0,True,True,80.8,100.0,True,True,20,19,2,5,0,True,24,True,62.9,True,434,True,True,True,1.0,1.0,24,True,1,True,12.0,8.0,True,True,True,0,False,False,SYNTHETIC,6.5,Low,7.0
ORG-02543,medium,healthcare,735,1140,57,82.0,42.5,13,18.9,False,False,1,155,False,10.1,40.3,62,True,False,30.2,False,False,14.7,28.9,False,False,76,58,51,31,12,True,8,True,4.3,True,79,False,False,False,152.0,108.0,12,False,3,False,64.0,21.0,False,True,False,2,False,False,SYNTHETIC,89.2,Critical,81.1
ORG-02544,small,energy,25,30,1,66.8,28.4,2,67.0,True,True,3,92,True,77.3,77.7,19,True,True,75.6,True,True,53.1,92.6,False,True,63,29,46,14,6,True,0,True,52.2,True,264,True,False,False,51.0,40.0,12,True,3,False,11.0,14.0,True,True,True,2,False,False,SYNTHETIC,32.5,Moderate,32.6
ORG-02545,medium,healthcare,692,1016,115,30.9,0.0,31,31.6,False,False,3,135,False,20.5,32.2,49,False,True,48.9,True,False,29.8,49.4,True,True,62,39,59,30,12,False,8,True,26.4,False,170,False,False,False,133.0,89.0,6,False,6,False,52.0,20.0,False,True,False,0,False,False,SYNTHETIC,81.3,Critical,75.5
ORG-02546,small,manufacturing,42,57,2,53.2,46.7,1,47.2,False,False,3,163,False,36.2,36.3,48,False,True,37.4,True,False,29.9,49.0,False,True,54,46,58,29,12,True,0,True,9.9,True,126,True,False,True,147.0,78.0,72,True,6,False,35.0,19.0,True,True,True,3,True,False,SYNTHETIC,64.1,High,59.8
ORG-02547,medium,energy,464,753,48,63.2,42.2,9,59.8,False,True,4,93,False,57.8,49.2,34,True,False,82.4,True,True,37.8,72.2,True,False,35,25,18,17,0,True,0,True,44.6,True,248,True,False,False,89.0,34.0,12,True,3,True,36.0,14.0,True,False,True,2,True,False,SYNTHETIC,35.9,Moderate,36.8
ORG-02548,medium,technology,552,749,72,39.0,36.8,17,81.1,True,True,4,93,True,87.5,71.1,20,True,True,92.3,True,True,55.8,83.3,True,False,27,28,43,8,6,True,16,True,56.6,True,294,True,True,True,97.0,29.0,1,True,6,True,26.0,7.0,True,True,True,1,True,False,SYNTHETIC,20.3,Low,19.0
ORG-02549,medium,energy,201,313,25,37.7,44.0,6,49.3,False,False,3,86,True,41.3,65.7,34,False,True,60.3,True,True,57.0,72.9,True,True,46,31,21,21,12,True,24,True,71.4,True,256,True,True,False,90.0,40.0,6,True,12,True,57.0,13.0,True,True,False,0,False,False,SYNTHETIC,35.9,Moderate,35.3
ORG-02550,medium,healthcare,786,1067,95,68.0,45.3,24,43.4,False,False,3,61,True,54.8,39.4,27,False,True,57.7,True,True,35.4,56.8,False,False,59,46,43,17,6,True,0,True,47.5,False,254,False,False,True,93.0,49.0,12,True,12,True,36.0,17.0,True,True,False,0,False,False,SYNTHETIC,46.6,Moderate,46.0
ORG-02551,small,energy,31,39,2,84.1,76.2,3,40.2,False,False,3,152,False,31.9,37.5,53,False,True,52.8,True,True,55.6,42.8,False,False,59,32,53,21,6,False,8,True,27.1,False,188,False,False,False,152.0,38.0,24,True,3,False,44.0,17.0,False,False,True,2,False,False,SYNTHETIC,62.4,High,61.6
ORG-02552,small,manufacturing,35,47,3,58.2,23.0,1,18.1,False,False,1,205,False,8.3,30.0,56,True,True,34.0,True,False,16.2,18.5,False,False,71,42,78,20,12,False,8,True,0.0,False,81,False,False,False,181.0,93.0,6,True,0,False,74.0,20.0,False,True,False,2,False,False,SYNTHETIC,83.6,Critical,76.0
ORG-02553,medium,government,890,1190,87,64.8,66.5,21,68.7,False,False,3,111,False,31.2,66.4,34,False,True,56.5,True,False,17.2,60.5,True,False,62,24,54,21,0,True,0,True,48.1,False,249,False,False,True,85.0,69.0,12,False,6,True,40.0,11.0,True,False,True,0,False,True,SYNTHETIC,59.8,High,56.7
ORG-02554,medium,technology,369,630,73,60.8,44.3,18,29.2,False,False,3,113,True,46.0,38.8,40,True,True,67.3,True,False,36.5,54.9,False,True,41,26,33,25,12,True,0,True,62.1,True,237,False,False,True,72.0,39.0,12,True,6,False,30.0,15.0,False,True,False,2,True,False,SYNTHETIC,53.4,High,53.4
ORG-02555,small,government,39,54,2,55.5,78.8,4,27.2,False,False,2,151,False,10.9,24.9,59,False,True,38.7,True,False,39.0,29.3,False,False,86,69,58,32,24,False,0,False,6.1,False,89,False,False,False,171.0,108.0,24,False,0,False,49.0,23.0,False,False,False,2,True,False,SYNTHETIC,91.6,Critical,87.0
ORG-02556,large,energy,16255,30244,2889,83.3,43.1,583,41.3,False,False,3,124,True,23.2,38.4,47,True,False,57.9,False,False,42.4,56.4,True,True,72,43,59,24,12,False,16,True,33.6,False,249,True,True,False,98.0,53.0,12,False,0,False,46.0,12.0,True,False,False,0,False,False,SYNTHETIC,63.8,High,63.6
ORG-02557,medium,technology,1009,1259,111,73.8,38.2,27,44.9,False,False,2,135,False,26.2,25.5,43,False,False,45.8,True,False,0.0,53.4,False,False,69,57,70,36,12,True,8,True,44.8,True,72,False,False,False,170.0,91.0,12,False,3,False,50.0,17.0,False,False,True,2,True,False,SYNTHETIC,76.8,Critical,76.8
ORG-02558,medium,technology,962,1683,91,31.2,35.7,19,28.7,False,False,3,134,False,46.5,30.8,55,True,False,28.6,True,False,28.9,42.0,True,False,90,54,65,21,0,False,8,True,29.5,False,174,False,False,False,179.0,69.0,24,True,12,False,48.0,21.0,False,False,False,1,True,False,SYNTHETIC,72.5,High,72.9
ORG-02559,small,retail,69,94,2,64.0,44.6,3,25.6,False,False,3,143,False,24.2,28.3,69,True,False,36.0,True,False,18.2,41.2,True,True,77,50,48,34,24,False,0,False,17.4,False,118,False,False,True,163.0,72.0,6,False,0,True,53.0,16.0,False,True,False,3,False,False,SYNTHETIC,80.1,Critical,75.9
ORG-02560,large,finance,7768,12075,2191,78.7,37.9,441,98.3,True,True,5,37,True,60.3,91.5,16,True,True,93.2,True,True,94.1,100.0,True,True,7,7,6,1,12,True,16,True,87.2,True,393,True,True,True,27.0,1.0,12,True,6,True,7.0,7.0,True,True,False,0,False,False,SYNTHETIC,4.8,Low,7.3
ORG-02561,large,technology,10256,16763,2024,91.2,36.8,407,59.7,False,False,4,89,True,78.4,62.4,21,True,False,76.2,True,True,57.6,75.9,True,True,19,35,54,15,12,False,24,True,54.1,False,277,True,True,True,78.0,39.0,12,True,6,False,32.0,5.0,True,False,True,2,True,False,SYNTHETIC,42.6,Moderate,40.0
ORG-02562,medium,finance,518,766,81,54.0,45.4,20,68.0,True,True,3,121,True,67.6,63.5,29,True,True,62.4,True,True,52.1,71.1,True,True,44,45,29,8,6,True,0,True,74.3,False,316,True,True,True,106.0,73.0,12,False,3,True,38.0,12.0,False,True,False,0,False,False,SYNTHETIC,32.1,Moderate,33.5
ORG-02563,small,energy,113,127,8,66.7,37.1,5,45.5,False,False,3,164,False,12.5,41.2,51,True,False,52.1,True,False,22.5,42.1,True,True,86,52,60,32,12,False,0,False,19.1,False,173,True,True,False,132.0,106.0,24,True,12,False,50.0,21.0,False,True,False,0,False,False,SYNTHETIC,71.7,High,69.7
ORG-02564,medium,retail,2281,3565,307,83.2,0.0,64,77.8,True,True,4,95,True,47.7,61.1,26,False,False,78.2,True,True,34.3,69.8,True,True,38,36,50,13,6,True,16,True,72.0,True,252,True,False,False,57.0,49.0,6,True,6,True,15.0,13.0,False,True,False,2,True,False,SYNTHETIC,29.5,Moderate,30.0
ORG-02565,large,energy,22430,34817,4262,69.3,49.1,855,100.0,True,True,4,45,True,89.8,100.0,14,True,True,100.0,True,True,89.8,81.8,True,True,16,13,4,10,12,True,16,True,76.0,False,400,True,True,True,30.0,1.0,6,True,3,True,9.0,0.5,True,True,True,0,False,False,SYNTHETIC,8.4,Low,8.4
ORG-02566,medium,healthcare,1024,1538,116,95.0,40.4,24,87.8,True,True,5,58,True,71.5,73.4,18,False,True,83.9,True,True,100.0,76.4,True,True,23,23,26,11,0,True,16,True,87.9,False,355,True,True,True,10.0,13.0,12,True,6,True,19.0,6.0,True,True,True,0,False,False,SYNTHETIC,14.1,Low,12.9
ORG-02567,small,manufacturing,76,76,4,46.1,8.5,1,0.0,False,False,1,183,False,22.2,20.0,67,False,False,19.6,True,False,9.5,13.6,False,False,90,63,81,37,6,False,16,True,0.0,False,77,False,False,False,175.0,132.0,72,False,6,False,83.0,27.0,False,False,False,2,False,True,SYNTHETIC,99.9,Critical,90.6
ORG-02568,medium,energy,1075,1786,153,40.0,16.0,34,100.0,True,True,4,40,True,78.3,59.0,1,True,True,85.9,True,True,100.0,93.6,True,True,24,18,18,2,0,True,24,True,95.6,True,358,True,True,True,1.0,2.0,6,True,1,True,1.0,5.0,True,True,True,0,False,False,SYNTHETIC,3.9,Low,6.6
ORG-02569,small,manufacturing,27,36,2,62.2,26.4,1,7.6,False,False,2,220,False,0.0,22.7,62,False,False,12.7,True,True,28.9,23.8,False,False,86,56,70,29,24,False,0,False,17.5,False,137,True,False,False,180.0,106.0,12,False,6,False,60.0,17.0,False,True,False,1,True,False,SYNTHETIC,90.7,Critical,83.0
ORG-02570,medium,retail,1054,1553,114,28.1,36.6,28,86.9,True,True,4,55,True,73.8,70.2,19,True,True,87.7,True,True,57.4,91.5,True,True,20,7,23,6,0,True,8,True,73.9,True,358,True,True,True,69.0,54.0,24,True,6,True,19.0,5.0,True,True,True,1,False,False,SYNTHETIC,12.2,Low,15.6
ORG-02571,large,healthcare,10604,25490,2050,67.8,46.2,411,72.8,False,False,4,87,True,51.2,65.6,28,True,True,79.6,False,True,55.2,80.1,True,False,25,20,25,16,6,True,8,True,60.2,True,329,True,True,True,68.0,44.0,24,True,3,True,15.0,9.0,False,True,False,0,False,False,SYNTHETIC,28.3,Moderate,29.4
ORG-02572,small,retail,38,55,4,100.0,53.5,1,10.2,False,False,2,172,False,39.5,20.0,45,True,False,18.3,False,True,46.0,36.6,False,False,56,50,70,30,12,False,0,False,29.6,False,14,True,False,False,176.0,108.0,6,False,3,True,49.0,24.0,False,False,True,2,False,False,SYNTHETIC,91.8,Critical,78.1
ORG-02573,large,education,5541,11738,976,74.5,5.0,202,15.5,False,False,2,172,True,41.2,22.8,48,False,False,57.6,False,False,42.0,51.3,True,True,61,46,50,29,12,False,8,True,38.9,False,174,True,False,False,146.0,105.0,12,False,3,False,67.0,18.0,False,False,True,3,False,True,SYNTHETIC,76.6,Critical,72.7
ORG-02574,small,energy,70,88,3,93.6,48.0,5,33.1,False,False,3,175,True,22.8,22.2,41,False,True,39.3,True,False,29.3,65.3,True,False,69,53,64,32,12,False,0,False,14.9,False,159,False,False,True,127.0,91.0,12,True,1,True,51.0,21.0,True,True,False,3,True,False,SYNTHETIC,62.1,High,60.7
ORG-02575,small,finance,21,22,1,83.6,53.3,5,32.1,False,False,2,170,False,48.5,45.5,51,False,True,46.6,True,True,34.4,32.1,False,False,59,52,60,21,12,True,0,True,41.4,True,170,True,False,False,151.0,76.0,12,False,1,True,34.0,20.0,True,True,False,3,False,False,SYNTHETIC,61.3,High,61.4
ORG-02576,small,retail,101,102,4,39.2,54.2,5,16.8,False,False,2,192,False,30.5,20.0,65,False,False,12.0,False,False,7.0,25.2,False,True,83,62,43,35,12,False,0,False,12.2,False,36,False,False,False,142.0,136.0,12,False,3,False,59.0,27.0,False,False,False,0,False,False,SYNTHETIC,94.0,Critical,87.4
ORG-02577,medium,energy,967,1366,158,73.1,84.4,34,29.8,False,False,2,121,False,48.9,28.4,45,True,False,37.3,True,False,37.3,51.4,False,False,51,37,45,28,24,False,0,False,44.6,False,145,False,False,False,104.0,85.0,1,False,3,True,45.0,22.0,False,True,True,1,False,False,SYNTHETIC,76.3,Critical,75.5
ORG-02578,small,technology,56,82,6,65.0,50.2,5,55.8,False,False,3,95,True,56.6,41.1,33,True,True,49.5,True,True,43.7,53.4,True,True,52,38,29,16,0,False,0,False,45.3,False,213,True,False,False,119.0,85.0,6,False,12,True,45.0,22.0,True,True,True,1,True,True,SYNTHETIC,50.3,High,51.6
ORG-02579,medium,manufacturing,270,414,39,53.0,27.4,11,80.5,True,True,3,88,True,70.7,62.1,16,True,True,43.6,True,True,64.6,74.0,True,True,48,43,36,12,12,False,8,True,84.2,False,225,True,True,False,70.0,63.0,12,False,6,True,16.0,10.0,False,False,False,0,False,False,SYNTHETIC,40.4,Moderate,41.1
ORG-02580,large,technology,8498,19838,3026,40.3,13.7,609,34.5,False,False,3,130,False,40.4,41.7,46,True,True,41.0,False,False,48.5,64.7,False,False,69,61,59,12,0,True,8,True,32.2,True,216,False,False,True,124.0,82.0,12,True,6,False,49.0,12.0,True,False,True,3,False,False,SYNTHETIC,60.5,High,57.3
ORG-02581,medium,finance,512,921,99,72.8,30.3,20,72.1,True,True,4,86,True,70.4,59.0,23,True,True,78.5,True,True,68.0,77.0,False,True,22,37,24,8,24,True,24,True,60.0,True,279,True,True,False,46.0,39.0,6,True,3,False,9.0,10.0,False,True,True,2,False,False,SYNTHETIC,28.3,Moderate,26.9
ORG-02582,small,government,26,36,2,72.6,4.7,3,65.8,True,True,3,126,True,44.3,55.0,46,True,False,49.5,True,False,42.5,59.5,False,False,56,21,48,22,0,False,0,False,38.7,False,241,False,False,False,61.0,53.0,6,True,6,False,30.0,16.0,True,False,True,2,True,False,SYNTHETIC,51.2,High,52.1
ORG-02583,medium,energy,515,668,41,45.6,27.3,9,58.5,True,True,2,133,False,53.4,39.7,43,False,True,62.4,True,True,17.9,45.9,True,False,58,39,54,13,12,False,0,False,50.1,False,177,False,False,True,126.0,65.0,6,False,3,False,44.0,19.0,True,False,False,3,False,False,SYNTHETIC,56.7,High,55.4
ORG-02584,medium,government,191,239,22,56.1,52.2,7,66.7,False,False,4,142,False,58.5,53.0,36,False,True,65.2,False,False,49.5,68.4,True,True,49,47,31,23,24,True,24,True,65.3,True,244,False,False,False,150.0,44.0,24,True,3,False,38.0,12.0,True,False,False,1,False,False,SYNTHETIC,47.7,Moderate,49.2
ORG-02585,small,education,32,36,1,77.0,38.7,7,6.2,False,False,2,181,True,25.7,31.4,53,True,False,31.4,True,False,44.1,34.1,False,False,74,61,67,23,0,False,0,False,24.3,False,144,True,True,True,190.0,98.0,6,False,0,False,54.0,21.0,False,False,False,1,True,False,SYNTHETIC,87.7,Critical,76.0
ORG-02586,medium,finance,361,553,57,57.9,48.7,17,90.5,True,True,4,23,True,100.0,74.7,10,True,True,90.9,True,True,84.8,100.0,True,True,20,15,2,6,6,True,8,True,90.0,True,315,True,True,True,21.0,16.0,6,True,12,True,10.0,1.0,True,True,True,1,True,False,SYNTHETIC,14.1,Low,11.3
ORG-02587,large,technology,6828,13181,1547,65.2,15.6,313,74.7,True,True,3,105,True,65.0,51.0,20,False,True,85.7,True,True,32.4,69.4,True,True,49,43,37,23,12,True,16,True,85.2,True,241,True,True,False,71.0,15.0,6,True,12,False,30.0,16.0,True,True,True,2,False,False,SYNTHETIC,28.0,Moderate,28.7
ORG-02588,small,education,41,43,2,76.0,63.6,3,10.2,False,False,1,188,False,11.6,20.7,74,False,False,13.7,True,False,26.7,31.4,False,False,103,45,97,33,12,False,0,False,0.2,False,141,False,False,False,168.0,110.0,72,False,3,False,60.0,28.0,True,False,False,4,True,False,SYNTHETIC,100.0,Critical,87.9
ORG-02589,small,government,15,18,1,55.0,9.6,2,29.9,False,False,3,132,True,63.9,43.1,36,True,True,69.4,True,True,69.2,70.4,False,False,41,32,16,16,24,True,16,True,54.9,True,295,True,False,False,103.0,23.0,24,True,6,True,41.0,7.0,True,False,False,0,False,False,SYNTHETIC,41.2,Moderate,42.2
ORG-02590,medium,healthcare,445,626,41,56.1,28.1,9,47.7,False,True,3,111,True,36.9,32.0,43,False,True,46.9,True,False,54.7,47.6,True,True,48,49,49,9,12,False,0,False,31.5,False,193,False,False,True,90.0,49.0,24,False,1,False,50.0,6.0,True,False,True,3,False,True,SYNTHETIC,54.7,High,56.4
ORG-02591,large,finance,10586,23746,2408,74.4,17.3,484,61.0,True,True,4,94,True,39.6,81.9,31,False,True,78.8,True,True,90.1,67.7,False,True,44,27,45,11,6,True,24,True,53.5,True,266,False,False,False,58.0,31.0,24,False,6,True,26.0,11.0,True,True,True,1,False,False,SYNTHETIC,35.0,Moderate,35.4
ORG-02592,small,government,34,44,1,72.7,76.4,3,26.7,False,False,2,185,True,29.0,22.5,58,False,False,19.9,True,False,17.9,40.4,False,True,85,59,53,30,12,True,16,True,10.7,True,120,True,True,False,179.0,88.0,24,True,6,False,64.0,16.0,False,False,False,1,True,False,SYNTHETIC,66.3,High,68.6
ORG-02593,medium,healthcare,537,826,92,30.1,58.7,20,61.1,True,True,4,75,False,67.6,64.7,30,False,True,83.4,True,True,65.4,54.5,False,True,46,14,39,12,12,True,24,True,69.1,True,301,True,False,True,6.0,47.0,6,False,0,True,19.0,15.0,True,True,True,0,False,False,SYNTHETIC,28.8,Moderate,33.2
ORG-02594,large,finance,4030,7333,1260,95.0,70.1,255,91.8,True,True,4,28,True,69.4,72.2,24,True,True,92.4,True,True,46.6,67.0,True,True,18,16,11,5,12,True,24,True,59.4,True,293,True,False,True,32.0,18.0,24,True,12,True,12.0,3.0,True,True,True,1,False,False,SYNTHETIC,15.2,Low,15.5
ORG-02595,small,government,28,31,1,55.9,100.0,1,47.2,False,True,3,108,False,41.7,43.2,45,False,False,55.0,True,False,42.1,51.3,False,True,56,39,43,14,12,False,0,False,60.5,False,210,True,True,True,107.0,60.0,1,True,6,False,39.0,14.0,False,False,True,1,True,False,SYNTHETIC,56.0,High,55.7
ORG-02596,small,energy,78,78,5,22.9,22.9,2,53.7,False,False,3,122,True,38.0,49.3,15,True,True,75.9,True,True,47.4,52.5,False,True,61,23,27,23,24,True,8,True,75.3,True,273,True,False,True,89.0,37.0,6,True,3,True,29.0,9.0,True,False,False,0,False,False,SYNTHETIC,41.9,Moderate,40.1
ORG-02597,small,energy,2,2,1,70.0,36.2,9,76.1,True,True,3,109,True,48.2,61.9,16,True,False,68.8,True,True,49.0,68.1,False,True,62,22,15,12,12,True,0,True,52.8,False,241,True,True,False,58.0,44.0,12,True,6,True,24.0,7.0,False,True,True,3,True,False,SYNTHETIC,31.7,Moderate,32.1
ORG-02598,small,manufacturing,23,24,1,25.2,32.9,1,23.1,False,False,1,196,False,4.6,20.0,47,False,False,23.8,True,False,32.6,19.3,True,False,79,61,99,33,0,False,0,False,21.2,False,55,False,False,True,159.0,78.0,24,False,3,False,62.0,15.0,False,False,False,2,False,False,SYNTHETIC,86.9,Critical,82.7
ORG-02599,medium,healthcare,899,1489,136,68.3,28.5,28,22.8,False,False,3,136,False,41.8,34.8,49,True,False,37.2,True,False,41.5,54.4,False,False,64,58,33,28,0,True,24,True,49.3,True,146,False,False,False,136.0,75.0,12,True,6,True,41.0,23.0,False,False,False,3,False,False,SYNTHETIC,60.4,High,62.3
ORG-02600,small,healthcare,11,14,1,67.6,44.3,1,63.8,False,False,3,82,False,52.8,59.0,27,False,False,51.7,True,True,34.9,67.2,True,True,27,27,23,14,24,False,0,False,67.8,False,333,True,False,False,79.0,38.0,24,False,12,True,38.0,14.0,True,True,True,1,False,False,SYNTHETIC,50.1,High,52.3
ORG-02601,small,finance,30,31,1,63.9,79.2,3,47.3,False,False,2,185,True,33.6,40.1,34,False,True,44.6,True,True,43.8,49.1,True,False,59,58,46,22,12,False,8,True,30.1,False,160,True,False,True,104.0,92.0,1,True,6,False,51.0,17.0,True,False,False,0,False,False,SYNTHETIC,54.4,High,53.5
ORG-02602,small,manufacturing,13,13,1,77.4,33.7,3,18.2,False,False,2,198,False,0.0,20.0,62,False,False,23.8,True,False,1.2,16.7,True,False,99,77,76,41,0,False,16,True,8.1,False,52,False,False,True,172.0,110.0,6,False,0,False,70.0,22.0,False,False,False,3,False,True,SYNTHETIC,93.5,Critical,82.6
ORG-02603,small,technology,164,219,15,87.1,38.1,6,91.4,True,True,4,60,False,95.1,80.0,10,True,True,92.0,True,True,66.2,77.7,True,True,6,12,16,17,12,True,16,True,54.5,True,361,True,True,False,54.0,21.0,12,True,3,True,25.0,0.5,True,True,True,0,False,False,SYNTHETIC,20.4,Low,20.7
ORG-02604,small,retail,31,33,1,61.9,0.5,1,33.9,False,False,2,169,False,23.6,21.9,50,False,False,59.7,False,True,19.7,11.5,False,True,71,53,61,28,0,False,8,True,26.4,False,99,False,False,False,168.0,97.0,6,False,12,True,63.0,17.0,False,False,False,0,False,False,SYNTHETIC,85.2,Critical,78.2
ORG-02605,small,finance,52,64,3,66.4,15.8,5,67.7,False,False,3,73,True,69.1,66.3,16,False,True,68.2,True,True,63.9,68.7,True,True,24,27,41,16,12,True,0,True,69.1,True,236,True,False,False,44.0,44.0,1,False,1,False,25.0,13.0,True,True,False,0,False,True,SYNTHETIC,46.2,Moderate,43.7
ORG-02606,large,finance,9606,23160,3852,72.2,29.4,773,100.0,True,True,5,68,True,70.9,71.1,23,True,True,93.3,True,True,80.6,90.9,True,True,22,7,14,5,6,True,24,True,72.8,True,336,True,True,False,30.0,10.0,12,True,6,True,12.0,0.5,True,True,True,0,False,False,SYNTHETIC,10.1,Low,11.0
ORG-02607,small,finance,83,95,3,100.0,0.0,2,54.4,False,False,2,108,False,89.2,58.5,42,True,False,33.3,True,False,40.6,51.3,True,True,51,45,38,21,0,False,0,False,38.4,False,228,True,True,False,97.0,51.0,24,True,3,False,41.0,11.0,True,True,False,1,False,False,SYNTHETIC,55.5,High,55.1
ORG-02608,medium,healthcare,602,910,47,76.1,48.5,10,33.9,False,False,2,133,False,11.0,35.7,45,False,True,32.1,True,False,54.7,36.1,True,False,51,40,72,32,6,True,8,True,37.5,True,190,False,False,False,118.0,87.0,6,False,3,True,55.0,18.0,False,False,False,6,True,False,SYNTHETIC,70.7,High,69.4
ORG-02609,medium,technology,566,809,62,86.1,61.9,16,83.6,True,True,4,67,True,69.0,73.5,22,True,True,55.8,True,True,88.3,84.2,True,True,28,5,39,11,6,True,0,True,90.8,True,360,True,True,True,46.0,37.0,24,True,3,True,18.0,8.0,True,True,True,0,False,False,SYNTHETIC,15.8,Low,18.5
ORG-02610,small,energy,90,132,3,87.9,92.5,1,51.8,True,True,4,83,True,52.7,59.3,34,True,True,45.4,True,True,56.8,68.6,True,True,47,28,35,11,0,True,0,True,53.6,True,234,True,True,True,99.0,65.0,12,True,12,False,36.0,11.0,True,False,False,1,False,False,SYNTHETIC,32.4,Moderate,34.5
ORG-02611,small,education,9,11,1,17.1,41.3,1,38.1,False,False,3,126,False,50.9,40.5,39,True,False,37.6,True,True,31.9,34.7,True,True,52,32,39,20,0,False,0,False,50.7,False,116,True,True,False,113.0,69.0,24,False,3,True,44.0,9.0,False,False,False,2,False,False,SYNTHETIC,60.9,High,62.4
ORG-02612,large,finance,5569,10940,1257,86.8,26.7,256,89.8,True,True,3,66,True,65.5,88.0,20,False,True,74.2,True,True,88.0,100.0,True,True,21,16,33,5,12,True,24,True,88.3,True,277,True,True,True,19.0,29.0,12,True,0,True,31.0,6.0,True,True,True,0,False,False,SYNTHETIC,14.1,Low,13.2
ORG-02613,large,government,4707,8507,1579,43.5,64.4,319,58.4,False,True,4,81,True,54.9,39.0,23,True,True,72.0,True,False,57.2,78.4,True,True,26,33,38,12,12,True,24,True,39.6,True,231,True,False,True,114.0,51.0,1,True,1,False,12.0,5.0,True,False,True,2,False,False,SYNTHETIC,35.1,Moderate,35.3
ORG-02614,large,energy,9406,14905,2697,73.2,18.6,540,17.9,False,False,3,171,False,38.5,23.6,43,False,False,30.4,True,False,19.8,37.6,True,False,87,57,39,29,6,True,24,True,23.0,True,116,False,False,False,158.0,96.0,24,True,3,True,55.0,24.0,True,False,False,4,True,False,SYNTHETIC,65.8,High,61.8
ORG-02615,medium,retail,715,1094,111,64.1,25.0,27,37.3,False,False,2,121,False,27.6,23.3,62,False,False,40.6,True,False,13.2,59.9,False,False,67,42,46,31,0,False,16,True,31.5,False,120,True,False,False,138.0,88.0,12,False,12,False,57.0,21.0,False,False,False,2,False,False,SYNTHETIC,83.3,Critical,78.8
ORG-02616,small,retail,155,230,6,90.0,63.7,8,32.7,False,False,1,180,False,35.0,30.5,49,False,False,20.7,True,False,29.6,28.2,True,False,73,49,81,25,12,False,8,True,12.0,False,109,False,False,True,170.0,110.0,6,False,1,False,50.0,30.0,False,False,False,2,False,False,SYNTHETIC,85.1,Critical,80.2
ORG-02617,medium,healthcare,287,418,42,76.8,37.4,16,57.7,False,False,3,67,True,73.8,60.9,30,True,True,80.1,True,True,48.2,82.8,True,True,33,35,17,13,0,True,16,True,77.8,True,246,False,False,True,46.0,9.0,6,True,6,False,24.0,11.0,False,True,True,0,False,False,SYNTHETIC,33.8,Moderate,33.1
ORG-02618,large,finance,2946,4770,647,81.7,34.2,130,100.0,True,True,5,57,True,90.3,89.9,10,True,True,83.2,True,True,97.7,100.0,True,True,1,11,3,4,6,True,24,True,85.5,False,398,True,True,True,3.0,13.0,24,True,12,True,1.0,6.0,True,True,True,0,False,False,SYNTHETIC,5.4,Low,5.9
ORG-02619,large,government,5308,12555,1365,74.6,22.7,274,28.8,False,False,2,145,True,22.7,40.3,60,False,False,35.6,True,False,11.6,45.6,False,False,77,63,68,31,12,False,24,True,12.6,False,211,True,True,True,140.0,120.0,24,False,1,False,60.0,24.0,False,False,False,0,False,True,SYNTHETIC,83.3,Critical,73.3
ORG-02620,large,government,7704,13584,2087,50.6,68.9,419,26.9,False,False,2,155,False,33.7,47.4,39,False,False,50.2,True,False,42.4,34.2,False,True,57,42,33,21,24,False,24,True,46.8,False,159,False,False,True,119.0,93.0,24,True,3,True,49.0,18.0,True,True,True,3,False,False,SYNTHETIC,55.2,High,58.2
ORG-02621,medium,technology,689,1226,66,42.6,29.5,18,32.3,False,False,2,147,False,25.8,41.8,49,True,False,36.9,True,False,23.5,48.6,False,False,67,50,56,28,12,True,8,True,18.2,False,116,False,False,False,146.0,80.0,6,False,6,False,43.0,16.0,False,True,False,0,False,True,SYNTHETIC,84.1,Critical,76.5
ORG-02622,medium,manufacturing,519,777,67,61.5,37.3,16,19.6,False,False,2,206,False,12.3,20.0,57,False,True,32.2,True,False,13.3,24.9,False,False,75,55,69,28,6,False,0,False,24.0,False,62,False,False,False,187.0,83.0,72,False,12,False,51.0,26.0,False,False,False,1,False,False,SYNTHETIC,96.0,Critical,86.4
ORG-02623,medium,technology,1089,1512,144,39.0,0.0,28,52.6,False,False,5,65,True,37.6,68.4,24,True,True,76.4,True,True,68.4,97.5,True,False,33,39,24,12,24,True,24,True,55.5,False,290,True,False,True,78.0,13.0,72,True,0,False,25.0,8.0,True,False,True,0,False,False,SYNTHETIC,31.6,Moderate,31.2
ORG-02624,small,government,8,11,1,60.2,36.1,4,18.1,False,False,2,235,False,17.2,20.0,42,False,True,18.9,True,False,21.5,45.3,True,False,82,55,63,33,24,False,0,False,14.8,False,81,False,False,False,140.0,93.0,24,True,3,False,67.0,23.0,True,False,True,1,True,False,SYNTHETIC,83.1,Critical,75.1
ORG-02625,small,energy,132,150,8,71.0,0.0,6,82.4,True,True,4,66,False,77.0,64.8,34,True,False,59.5,True,False,47.9,41.1,True,False,53,24,48,23,0,False,16,True,53.5,False,327,True,False,False,77.0,62.0,6,True,0,True,34.0,8.0,False,True,True,1,False,False,SYNTHETIC,44.5,Moderate,43.2
ORG-02626,small,education,43,47,1,57.0,21.4,4,63.3,False,False,3,90,False,45.2,55.4,39,True,True,65.3,True,True,37.3,70.8,True,True,54,34,37,11,12,False,0,False,79.9,False,238,False,False,False,46.0,41.0,1,True,3,True,44.0,18.0,True,True,True,0,False,False,SYNTHETIC,42.5,Moderate,42.7
ORG-02627,small,education,61,83,3,32.1,11.2,4,15.1,False,False,2,184,True,39.7,31.4,53,False,False,37.5,True,False,47.7,45.6,False,True,70,54,68,19,24,False,0,False,28.0,False,113,False,False,False,194.0,104.0,24,False,6,False,59.0,21.0,False,True,True,3,False,False,SYNTHETIC,95.1,Critical,78.9
ORG-02628,medium,retail,1540,2169,253,25.4,74.5,52,37.3,False,False,3,158,False,10.4,32.1,53,False,False,34.0,True,False,0.0,42.3,False,False,82,47,67,25,0,True,16,True,47.6,False,108,False,False,False,165.0,95.0,72,True,6,True,44.0,13.0,False,False,True,4,False,False,SYNTHETIC,66.4,High,65.4
ORG-02629,medium,education,890,1510,179,61.7,46.7,37,86.8,True,True,5,115,True,65.6,68.6,19,True,True,83.5,True,True,100.0,93.2,True,True,41,22,34,8,24,True,8,True,100.0,True,332,True,True,True,35.0,32.0,12,True,1,True,16.0,8.0,True,True,True,0,False,False,SYNTHETIC,15.3,Low,15.6
ORG-02630,medium,technology,610,810,72,87.4,75.2,16,33.4,True,True,3,117,False,60.2,37.8,40,False,False,52.2,True,True,50.9,77.8,False,True,54,39,30,28,6,False,24,True,31.1,False,175,True,True,True,141.0,47.0,24,False,6,False,47.0,20.0,False,False,True,1,False,False,SYNTHETIC,59.7,High,57.3
ORG-02631,large,retail,7233,15118,2782,37.7,41.5,562,65.1,True,True,5,82,True,92.5,70.3,11,True,False,88.7,True,True,41.6,78.7,True,True,38,18,24,3,12,False,24,True,74.0,False,323,True,True,True,13.0,45.0,24,True,12,True,18.0,10.0,True,True,False,0,False,False,SYNTHETIC,23.0,Low,23.0
ORG-02632,medium,education,1517,2656,162,56.0,40.8,34,57.3,True,True,3,80,True,63.1,48.7,35,True,True,68.6,True,True,42.1,69.1,True,True,24,44,17,17,24,True,8,True,55.6,True,256,True,True,True,24.0,56.0,12,True,3,True,33.0,7.0,False,False,True,0,False,False,SYNTHETIC,29.9,Moderate,29.4
ORG-02633,small,retail,59,67,4,78.1,59.2,5,14.5,True,True,3,133,True,23.5,51.6,40,True,False,60.7,True,True,51.5,53.1,True,False,65,45,31,23,0,False,8,True,38.8,False,206,False,False,False,148.0,76.0,12,True,6,False,47.0,14.0,True,True,False,1,True,False,SYNTHETIC,49.6,Moderate,48.8
ORG-02634,large,healthcare,10834,23207,3154,82.9,20.6,633,61.5,True,True,5,74,True,68.3,69.1,31,False,True,87.2,True,True,92.2,65.4,True,True,22,17,9,9,12,True,24,True,59.2,True,342,True,True,True,1.0,12.0,1,True,3,True,37.0,6.0,True,True,False,0,False,False,SYNTHETIC,16.2,Low,15.2
ORG-02635,medium,energy,501,872,79,15.3,41.7,16,70.0,True,True,4,58,True,63.8,39.9,26,True,True,70.9,True,True,55.7,67.7,True,True,45,25,43,10,0,True,8,True,79.9,False,279,True,False,False,60.0,32.0,24,False,6,True,20.0,9.0,True,True,False,0,False,True,SYNTHETIC,33.4,Moderate,32.8
ORG-02636,small,energy,41,48,1,88.9,5.4,1,64.7,True,True,4,138,False,27.2,44.6,32,True,True,70.9,True,True,41.5,72.7,False,False,47,31,23,21,12,True,8,True,60.7,True,243,True,False,False,70.0,56.0,12,True,6,True,29.0,8.0,True,True,True,2,True,False,SYNTHETIC,32.3,Moderate,33.8
ORG-02637,medium,technology,666,1055,66,40.5,47.4,19,36.7,False,False,2,142,False,48.7,30.7,44,False,False,44.5,True,True,28.8,63.2,False,False,63,38,56,19,24,False,8,True,34.0,False,136,True,False,False,135.0,82.0,12,False,3,False,43.0,21.0,True,True,False,1,False,False,SYNTHETIC,66.4,High,68.7
ORG-02638,medium,finance,2593,4444,223,30.6,47.2,46,38.5,False,False,2,182,False,21.0,43.9,49,True,False,55.3,True,False,26.7,24.1,True,False,63,51,57,18,12,True,16,True,26.8,False,194,True,True,False,128.0,83.0,6,True,3,False,51.0,15.0,False,False,False,3,False,False,SYNTHETIC,62.5,High,60.0
ORG-02639,medium,education,546,855,84,95.0,38.0,18,33.8,False,False,2,160,False,45.0,27.8,40,True,True,47.3,True,False,53.5,38.7,False,False,44,42,50,21,6,False,8,True,14.5,False,165,False,False,False,152.0,90.0,12,False,12,True,60.0,18.0,False,True,False,4,False,False,SYNTHETIC,81.0,Critical,74.9
ORG-02640,medium,energy,358,530,32,53.3,40.8,10,44.7,True,True,2,133,True,70.4,55.6,37,False,True,59.6,True,True,31.5,67.5,False,False,50,45,29,25,0,False,8,True,59.3,False,189,False,False,True,95.0,71.0,12,True,0,False,45.0,18.0,True,True,False,2,False,False,SYNTHETIC,42.6,Moderate,42.6
ORG-02641,small,manufacturing,57,77,1,70.6,28.3,4,25.9,False,False,2,135,False,43.1,30.4,39,False,True,42.6,True,False,33.1,32.7,False,False,74,36,37,20,24,True,8,True,25.7,True,195,True,False,False,136.0,78.0,6,True,3,True,36.0,21.0,False,False,False,2,True,False,SYNTHETIC,61.9,High,62.0
ORG-02642,small,healthcare,84,121,7,36.6,68.1,5,9.8,False,False,1,201,False,11.9,20.0,58,False,False,10.0,True,False,28.5,43.4,False,False,85,62,57,35,12,False,0,False,11.9,False,26,False,False,False,235.0,114.0,24,True,6,False,62.0,27.0,False,True,False,6,True,False,SYNTHETIC,87.9,Critical,82.4
ORG-02643,small,retail,20,22,1,52.5,32.3,2,46.5,False,False,2,173,False,20.8,36.3,59,False,True,41.8,True,False,29.7,36.8,False,False,81,41,53,29,0,False,8,True,43.7,False,122,True,False,True,140.0,88.0,6,False,3,False,58.0,14.0,True,False,True,2,False,True,SYNTHETIC,66.4,High,69.2
ORG-02644,small,retail,31,34,1,36.6,44.3,4,37.7,False,False,3,166,False,33.6,20.0,36,False,False,52.7,True,False,36.9,54.6,False,False,80,56,56,26,6,False,16,True,35.1,False,164,True,False,False,158.0,71.0,12,False,1,False,65.0,19.0,False,False,False,1,False,False,SYNTHETIC,74.5,High,75.8
ORG-02645,small,retail,25,27,1,50.1,21.4,3,0.0,False,False,1,194,False,10.3,20.0,62,True,False,13.3,True,False,0.0,24.4,False,False,85,61,67,44,12,False,0,False,0.0,False,14,False,False,False,183.0,135.0,6,False,0,False,63.0,28.0,False,False,False,6,False,False,SYNTHETIC,100.0,Critical,92.4
ORG-02646,small,government,43,48,2,70.7,39.5,3,18.9,False,False,3,173,False,9.5,26.8,46,False,False,31.3,True,True,24.2,31.0,False,True,62,55,47,29,0,False,16,True,49.3,False,128,True,False,False,146.0,107.0,24,False,6,False,51.0,18.0,False,False,True,4,False,True,SYNTHETIC,78.5,Critical,72.8
ORG-02647,medium,manufacturing,1029,1435,102,95.0,58.8,24,35.0,False,False,2,157,True,22.2,25.0,57,False,True,34.3,True,False,18.9,54.3,False,True,65,59,40,28,12,True,8,True,19.2,True,79,False,False,False,162.0,90.0,6,True,3,False,59.0,12.0,True,False,True,2,False,False,SYNTHETIC,62.1,High,63.0
ORG-02648,small,manufacturing,28,30,1,47.9,53.4,1,57.9,False,True,3,86,True,33.5,56.6,26,True,True,59.0,True,True,61.0,47.8,True,False,32,26,35,13,12,False,0,False,73.6,False,222,True,True,False,55.0,47.0,1,False,6,True,42.0,17.0,False,True,True,0,False,True,SYNTHETIC,43.0,Moderate,44.4
ORG-02649,medium,finance,428,647,69,59.1,0.0,15,52.0,True,True,3,116,False,43.3,56.3,21,True,True,57.0,True,True,37.1,57.8,True,False,55,37,17,24,24,True,8,True,39.9,False,190,True,False,True,102.0,73.0,168,True,6,True,34.0,12.0,True,False,False,1,False,False,SYNTHETIC,38.6,Moderate,38.5
ORG-02650,medium,finance,964,1375,133,23.7,72.8,29,66.2,True,True,3,108,False,64.6,43.3,27,True,False,52.5,True,False,53.2,66.0,False,True,64,30,14,21,0,False,24,True,78.3,False,226,False,False,True,115.0,46.0,24,True,0,True,17.0,15.0,True,True,True,2,False,False,SYNTHETIC,36.9,Moderate,39.2
ORG-02651,small,healthcare,17,19,1,79.0,3.8,2,42.5,False,False,3,133,True,50.4,41.6,38,False,False,51.3,True,False,59.7,29.4,False,True,54,48,52,9,12,True,0,True,12.5,True,163,True,True,False,146.0,69.0,12,False,6,True,34.0,13.0,False,False,False,2,False,False,SYNTHETIC,66.4,High,63.7
ORG-02652,small,manufacturing,18,25,1,67.7,32.9,1,11.9,False,False,1,203,False,8.8,20.0,64,False,False,18.2,True,False,14.4,27.9,False,False,79,60,69,46,12,False,0,False,18.2,False,78,False,False,True,205.0,85.0,12,False,6,False,82.0,20.0,False,False,False,2,True,True,SYNTHETIC,100.0,Critical,88.9
ORG-02653,small,government,33,33,1,52.1,38.7,3,0.0,False,False,2,179,False,18.8,20.0,60,False,False,21.2,True,False,28.9,25.6,False,False,95,64,51,30,24,False,8,True,2.1,False,102,False,False,False,173.0,122.0,6,False,12,False,48.0,20.0,False,False,False,2,False,False,SYNTHETIC,100.0,Critical,91.2
ORG-02654,medium,education,962,1195,90,41.4,25.3,20,46.2,False,False,2,108,False,39.7,44.8,53,True,False,43.0,True,True,50.3,59.4,True,True,60,46,56,23,24,False,16,True,54.3,False,217,False,False,True,77.0,78.0,24,False,3,False,44.0,23.0,True,False,True,0,False,True,SYNTHETIC,62.7,High,63.1
ORG-02655,medium,energy,631,825,97,72.3,0.0,20,94.2,True,True,4,70,True,100.0,95.2,5,True,True,97.2,True,True,100.0,100.0,True,True,16,14,2,4,12,True,24,True,78.7,True,353,True,True,True,1.0,13.0,6,True,12,True,8.0,0.5,True,True,True,0,False,False,SYNTHETIC,9.3,Low,8.7
ORG-02656,medium,education,503,713,68,51.1,36.1,17,23.1,False,False,2,82,True,26.6,33.4,49,True,True,39.0,False,True,65.6,35.2,True,True,57,38,50,21,12,True,8,True,49.2,True,212,False,False,True,91.0,52.0,24,True,3,False,39.0,12.0,False,False,False,1,False,False,SYNTHETIC,51.4,High,52.6
ORG-02657,medium,retail,737,1108,93,91.6,0.0,24,53.1,True,True,3,82,True,48.0,58.6,24,True,True,58.8,True,True,68.8,72.0,True,False,33,27,43,5,0,True,16,True,57.7,True,237,True,True,True,78.0,27.0,12,True,6,True,37.0,5.0,True,True,False,0,False,False,SYNTHETIC,24.3,Low,24.2
ORG-02658,small,government,8,11,1,60.1,61.7,4,12.2,False,False,1,183,False,28.6,20.0,63,False,False,20.3,False,True,0.0,34.1,False,False,86,61,65,28,24,False,0,False,9.6,False,142,False,False,True,195.0,102.0,12,False,12,False,74.0,27.0,False,False,False,4,False,True,SYNTHETIC,99.1,Critical,87.7
ORG-02659,medium,healthcare,1797,2366,220,81.9,24.5,47,50.0,False,False,2,134,False,63.4,54.1,36,False,False,57.8,True,True,42.4,46.3,True,True,67,33,55,30,24,False,24,True,60.8,False,234,False,False,True,98.0,72.0,12,False,3,True,33.0,7.0,True,True,False,0,False,False,SYNTHETIC,58.3,High,59.3
ORG-02660,medium,education,1955,3358,384,76.1,38.0,79,4.6,False,False,1,227,True,0.0,20.0,56,False,False,13.4,True,False,18.8,32.9,False,False,92,60,81,28,6,False,8,True,4.7,False,57,False,False,False,220.0,105.0,72,False,0,False,50.0,20.0,False,False,False,1,True,True,SYNTHETIC,94.0,Critical,85.9
ORG-02661,medium,technology,503,609,42,46.0,36.8,14,68.7,True,True,3,122,True,74.0,39.1,14,True,True,59.9,True,False,84.5,52.8,True,True,33,37,41,17,0,True,8,True,61.9,False,269,True,True,False,73.0,52.0,6,True,6,True,34.0,14.0,False,True,True,4,False,False,SYNTHETIC,34.6,Moderate,33.9
ORG-02662,large,energy,9373,19477,2218,66.1,34.0,446,85.2,True,True,3,113,False,40.6,57.4,32,True,True,61.2,True,False,59.8,74.9,False,False,37,31,19,13,12,False,24,True,58.6,False,318,True,True,False,85.0,54.0,12,False,0,True,18.0,13.0,False,True,True,1,True,False,SYNTHETIC,43.1,Moderate,43.0
ORG-02663,small,retail,158,224,4,49.6,11.9,3,59.8,True,True,3,123,False,63.0,38.9,43,True,False,44.3,True,True,53.9,50.2,False,True,59,30,33,27,12,True,8,True,45.8,True,185,True,True,False,127.0,48.0,12,True,12,False,32.0,14.0,False,True,True,0,False,False,SYNTHETIC,45.5,Moderate,46.7
ORG-02664,medium,education,465,661,49,56.5,32.8,11,42.3,False,False,2,167,True,57.5,37.2,41,False,False,46.0,False,True,26.2,51.2,True,False,74,50,59,25,0,False,16,True,6.6,False,119,True,False,False,149.0,73.0,12,False,0,False,37.0,22.0,True,False,False,2,False,True,SYNTHETIC,70.4,High,65.1
ORG-02665,large,manufacturing,6707,14888,1581,72.7,30.5,320,74.2,True,True,4,51,True,82.8,79.5,17,True,True,90.8,True,True,75.2,85.3,True,True,13,20,22,9,6,True,24,True,67.8,True,322,True,True,True,26.0,7.0,72,True,3,False,15.0,5.0,True,False,True,0,False,False,SYNTHETIC,18.1,Low,17.0
ORG-02666,medium,education,453,808,77,65.8,34.6,18,32.9,False,False,2,117,False,64.6,45.6,31,True,True,48.9,True,True,67.1,59.0,True,True,54,27,40,14,0,False,0,False,26.0,False,294,True,True,False,139.0,62.0,6,True,6,True,46.0,8.0,True,True,True,2,False,False,SYNTHETIC,48.1,Moderate,49.0
ORG-02667,medium,finance,416,736,67,32.3,0.0,15,49.5,True,True,4,57,True,46.2,52.1,40,True,True,89.6,True,False,84.9,87.5,True,False,24,21,28,17,12,False,16,True,43.2,False,253,True,True,False,74.0,52.0,12,True,12,False,16.0,12.0,True,True,False,1,False,False,SYNTHETIC,37.5,Moderate,37.3
ORG-02668,small,healthcare,41,57,1,54.0,30.7,1,53.7,True,True,3,91,True,75.7,69.4,26,False,True,64.4,True,True,42.5,67.8,True,True,63,22,25,10,12,False,0,False,49.8,False,255,True,True,False,39.0,65.0,1,True,1,True,21.0,11.0,True,True,False,2,True,False,SYNTHETIC,30.9,Moderate,32.1
ORG-02669,small,energy,44,50,1,51.1,47.7,3,25.7,False,False,2,144,False,21.6,43.9,41,False,True,43.5,True,True,39.8,51.9,True,True,64,52,54,30,0,False,24,True,39.8,False,194,True,False,False,125.0,86.0,24,True,12,False,44.0,19.0,True,False,False,3,False,False,SYNTHETIC,60.0,High,60.0
ORG-02670,small,finance,72,84,2,48.4,33.0,3,34.2,False,False,3,155,True,22.2,34.2,38,True,False,46.3,True,True,0.2,68.2,True,True,51,40,46,25,24,False,8,True,59.0,False,159,False,False,False,124.0,93.0,24,True,12,True,46.0,17.0,True,False,False,1,False,False,SYNTHETIC,59.3,High,58.8
ORG-02671,medium,technology,544,783,66,55.4,13.8,17,41.0,False,False,2,128,False,33.1,38.5,51,True,False,46.1,True,False,27.3,53.9,True,True,51,46,71,16,6,True,24,True,37.9,True,211,False,False,True,155.0,87.0,12,True,6,True,43.0,14.0,False,True,False,4,False,False,SYNTHETIC,54.4,High,55.2
ORG-02672,medium,manufacturing,496,842,92,87.8,41.2,20,51.3,False,False,3,139,False,33.1,52.7,46,True,True,46.2,True,True,38.4,41.3,False,False,52,29,27,18,12,True,0,True,25.8,False,189,False,False,True,102.0,72.0,12,False,6,False,34.0,13.0,False,False,False,2,False,False,SYNTHETIC,63.5,High,62.1
ORG-02673,medium,government,576,904,67,54.2,31.0,16,67.4,True,True,3,104,False,66.9,42.1,40,False,False,61.1,True,True,51.4,77.5,True,True,59,44,18,9,6,True,8,True,84.5,True,186,True,False,True,94.0,52.0,12,True,6,True,30.0,12.0,False,False,True,1,False,False,SYNTHETIC,30.9,Moderate,31.9
ORG-02674,large,healthcare,7388,15785,2715,63.0,37.3,546,58.0,True,True,3,95,True,59.9,55.0,25,True,True,72.0,True,True,55.5,73.2,True,False,49,30,19,9,12,False,24,True,69.7,False,290,False,False,True,70.0,40.0,6,True,6,True,16.0,9.0,True,True,True,1,True,False,SYNTHETIC,28.4,Moderate,27.2
ORG-02675,medium,technology,518,851,85,49.0,41.4,21,21.5,False,False,2,143,False,29.0,39.1,53,False,True,25.4,True,True,28.0,38.5,False,False,67,48,66,18,24,False,16,True,27.5,False,130,False,False,False,93.0,106.0,24,False,1,False,51.0,13.0,False,True,False,1,True,True,SYNTHETIC,77.9,Critical,73.7
ORG-02676,large,government,4090,9019,1047,86.8,62.2,213,17.0,False,False,1,184,False,11.0,20.0,60,False,False,38.6,True,False,18.4,21.7,False,False,95,63,68,27,6,False,24,True,14.0,False,79,True,True,False,172.0,88.0,12,False,6,False,80.0,24.0,False,False,False,3,True,True,SYNTHETIC,94.8,Critical,82.7
ORG-02677,small,retail,42,46,3,47.3,13.6,5,29.3,False,False,3,160,False,0.0,20.0,53,False,False,43.2,True,False,37.7,34.1,False,False,101,62,42,29,12,False,0,False,1.4,False,154,True,True,False,178.0,102.0,12,False,3,True,43.0,18.0,True,False,False,7,False,True,SYNTHETIC,74.3,High,74.9
ORG-02678,medium,finance,708,1055,69,38.5,57.8,19,69.4,False,False,3,109,True,32.4,68.1,45,True,False,57.1,True,True,29.0,47.3,False,False,68,29,52,18,24,False,0,False,49.9,False,167,False,False,False,90.0,64.0,12,True,12,True,38.0,14.0,True,True,False,2,False,False,SYNTHETIC,56.6,High,55.2
ORG-02679,small,manufacturing,16,21,1,72.3,33.9,1,23.8,False,False,3,148,False,11.9,41.0,50,False,True,62.5,True,False,35.4,69.8,True,False,61,49,35,20,12,False,0,False,55.6,False,258,True,False,False,113.0,43.0,12,False,12,False,51.0,15.0,False,False,False,2,True,True,SYNTHETIC,69.1,High,69.6
ORG-02680,small,retail,36,37,2,72.8,44.5,2,26.9,False,False,2,193,True,32.4,24.9,43,False,False,35.3,True,False,21.5,31.3,False,True,81,66,73,33,0,False,8,True,8.6,False,73,False,False,True,147.0,112.0,12,True,1,False,55.0,23.0,False,False,False,8,True,False,SYNTHETIC,74.4,High,73.6
ORG-02681,medium,education,439,657,59,33.8,51.1,17,59.1,False,False,3,100,True,32.7,70.0,20,True,True,61.3,True,True,43.5,61.3,True,False,36,30,41,14,12,True,8,True,60.9,True,231,True,False,True,103.0,15.0,6,True,3,True,32.0,8.0,True,False,False,3,False,False,SYNTHETIC,33.8,Moderate,35.6
ORG-02682,small,technology,60,85,3,68.5,8.1,2,32.8,False,False,1,207,True,4.8,20.0,65,False,True,19.0,True,False,32.4,10.0,False,False,69,47,69,32,24,False,0,False,0.0,False,133,False,False,False,157.0,104.0,24,False,3,True,56.0,17.0,False,False,False,3,True,True,SYNTHETIC,91.8,Critical,82.1
ORG-02683,large,government,11270,18004,1642,66.1,5.5,333,0.0,False,False,2,204,False,0.0,38.9,50,False,False,35.4,True,False,6.8,38.0,False,False,99,62,80,35,6,False,0,False,21.5,False,85,False,False,False,175.0,72.0,6,True,3,False,69.0,18.0,False,False,False,1,False,False,SYNTHETIC,84.3,Critical,81.1
ORG-02684,medium,education,204,358,19,91.4,18.0,4,41.7,False,False,4,98,False,37.3,43.9,28,False,False,51.3,True,True,12.8,56.0,True,True,51,42,41,17,6,False,16,True,21.4,False,193,False,False,True,83.0,79.0,24,False,6,False,47.0,5.0,False,False,False,1,False,False,SYNTHETIC,64.6,High,64.0
ORG-02685,medium,retail,314,485,57,27.2,12.0,17,10.0,False,False,1,205,True,11.4,20.0,71,False,False,23.2,True,False,0.0,43.1,False,False,76,67,74,38,12,False,8,True,0.0,False,41,False,False,False,190.0,129.0,6,False,3,False,72.0,28.0,False,False,False,3,False,False,SYNTHETIC,94.7,Critical,86.7
ORG-02686,small,technology,44,65,4,78.9,0.0,2,74.0,False,False,3,112,True,53.5,83.6,40,False,True,52.8,True,True,45.1,65.5,False,False,43,26,59,13,12,False,8,True,71.6,False,297,True,False,False,81.0,30.0,24,True,0,True,15.0,10.0,False,True,True,0,False,False,SYNTHETIC,41.9,Moderate,42.5
ORG-02687,small,finance,108,153,3,46.8,9.0,1,33.1,True,True,4,108,False,45.1,39.9,29,True,False,55.1,True,True,41.1,59.7,True,True,54,41,40,17,24,False,8,True,46.5,False,177,False,False,False,108.0,91.0,12,False,6,True,37.0,17.0,False,True,False,3,False,True,SYNTHETIC,56.7,High,58.2
ORG-02688,small,education,40,45,3,67.2,40.4,4,0.0,False,False,2,213,False,18.3,20.0,60,False,False,17.4,True,False,8.6,25.9,False,False,92,61,77,44,24,False,0,False,0.0,False,67,False,False,False,219.0,127.0,6,False,6,False,67.0,27.0,False,False,False,3,True,False,SYNTHETIC,100.0,Critical,94.1
ORG-02689,medium,retail,626,1080,86,37.7,58.2,21,71.9,True,True,3,82,True,82.3,55.6,36,True,True,48.8,True,True,14.2,70.0,True,True,63,39,51,20,0,False,8,True,73.0,False,202,True,False,True,80.0,67.0,6,False,12,True,35.0,9.0,False,True,False,1,False,False,SYNTHETIC,46.9,Moderate,45.5
ORG-02690,medium,retail,1105,1415,112,53.8,58.3,23,35.1,False,False,3,150,False,67.8,26.5,40,False,True,51.4,True,False,40.6,34.6,False,True,62,47,66,30,12,True,16,True,42.9,False,179,False,False,False,117.0,82.0,6,True,3,False,50.0,13.0,True,True,False,2,False,False,SYNTHETIC,59.4,High,61.7
ORG-02691,medium,finance,1229,2204,206,56.3,31.7,45,77.8,True,True,4,72,True,68.2,65.3,8,True,True,92.7,True,True,78.0,91.8,True,True,3,23,4,10,24,True,24,True,79.8,True,308,True,True,True,53.0,18.0,6,True,3,True,30.0,6.0,True,True,True,0,False,False,SYNTHETIC,12.1,Low,12.9
ORG-02692,medium,energy,789,1197,133,24.6,53.0,28,62.7,True,True,3,81,True,72.9,68.3,30,True,True,85.0,True,True,65.3,89.7,True,True,49,32,51,27,0,True,8,True,68.3,True,315,True,False,False,56.0,58.0,24,True,6,True,22.0,12.0,True,True,True,2,True,False,SYNTHETIC,32.5,Moderate,30.4
ORG-02693,medium,manufacturing,724,1199,128,64.3,55.3,30,39.8,False,False,3,114,False,17.3,47.2,49,True,False,45.9,True,False,40.9,53.3,False,True,56,52,60,22,12,False,0,False,47.6,False,191,True,True,True,103.0,47.0,6,True,6,True,65.0,14.0,False,True,False,0,False,False,SYNTHETIC,62.6,High,60.9
ORG-02694,medium,government,631,857,58,95.0,14.8,14,63.0,False,False,3,99,True,27.9,49.4,51,False,False,28.1,True,True,36.5,41.5,True,True,60,45,46,12,12,False,8,True,46.1,False,248,False,False,True,123.0,61.0,6,True,6,False,26.0,11.0,False,True,True,1,True,False,SYNTHETIC,51.6,High,50.0
ORG-02695,medium,energy,1469,2569,295,81.8,27.0,60,93.0,True,True,5,73,True,71.5,86.9,15,True,True,89.9,True,True,97.5,85.2,True,True,12,18,3,8,0,True,16,True,88.7,True,289,True,True,False,15.0,31.0,24,False,0,True,22.0,5.0,True,True,True,0,False,False,SYNTHETIC,17.0,Low,16.7
ORG-02696,medium,technology,476,644,47,47.8,50.8,9,91.0,True,True,4,60,True,86.1,72.0,34,True,True,82.4,True,True,56.3,79.1,True,True,25,24,27,18,12,True,8,True,62.6,True,275,True,True,True,28.0,25.0,6,False,3,True,19.0,6.0,True,True,False,1,False,False,SYNTHETIC,25.7,Moderate,26.2
ORG-02697,medium,healthcare,491,840,91,36.7,3.4,23,32.6,False,False,2,160,False,45.1,26.3,52,False,False,31.0,True,True,16.9,45.4,False,True,78,42,37,30,12,False,8,True,22.3,False,177,False,False,False,187.0,94.0,12,False,6,False,50.0,16.0,False,True,False,1,False,False,SYNTHETIC,76.6,Critical,76.4
ORG-02698,small,government,20,23,1,82.5,16.1,3,19.4,False,False,2,190,True,57.0,27.4,62,False,False,15.8,True,False,21.2,44.3,False,False,73,48,52,23,12,False,0,False,7.5,False,169,False,False,False,146.0,111.0,12,False,3,False,55.0,15.0,False,False,False,4,False,True,SYNTHETIC,90.5,Critical,81.9
ORG-02699,medium,education,1028,1474,151,18.8,50.5,33,38.8,False,False,2,134,False,29.0,39.1,37,False,False,22.7,True,False,34.7,44.4,True,False,62,45,51,24,12,True,8,True,36.6,False,137,True,False,True,146.0,81.0,72,True,0,False,50.0,23.0,True,True,False,2,False,False,SYNTHETIC,58.2,High,57.2
ORG-02700,small,education,34,50,3,58.6,38.6,3,10.6,False,False,1,210,False,0.0,20.0,50,True,False,10.8,True,False,2.4,24.8,False,False,83,71,70,44,6,False,8,True,13.8,False,102,False,False,False,163.0,89.0,24,False,3,False,70.0,26.0,False,True,False,5,False,False,SYNTHETIC,93.4,Critical,85.9
ORG-02701,small,retail,40,40,1,57.4,19.3,7,65.9,False,False,3,135,False,35.6,37.1,41,True,True,49.5,True,True,33.3,36.3,True,True,52,35,27,20,0,False,0,False,27.4,False,213,False,False,False,143.0,75.0,12,True,3,False,46.0,14.0,False,False,True,1,False,False,SYNTHETIC,55.9,High,56.0
ORG-02702,large,retail,6263,9980,1122,70.7,65.6,226,69.7,True,True,5,48,True,88.5,70.5,19,True,True,87.9,True,True,46.1,79.2,True,True,16,17,2,4,12,True,16,True,67.7,True,330,True,True,True,25.0,22.0,24,True,0,True,4.0,7.0,True,True,False,0,False,False,SYNTHETIC,10.3,Low,12.9
ORG-02703,medium,education,406,565,46,15.5,53.0,11,45.2,False,False,3,170,False,14.6,23.9,48,False,False,25.4,True,True,7.3,47.6,False,False,69,59,64,26,24,True,8,True,43.7,True,123,False,False,True,152.0,92.0,168,False,6,False,58.0,23.0,False,False,False,5,False,False,SYNTHETIC,72.8,High,72.9
ORG-02704,small,healthcare,8,11,1,100.0,33.4,2,53.4,False,False,4,111,False,47.7,33.9,42,True,False,59.2,False,False,27.2,46.8,False,False,50,29,45,17,24,False,0,False,41.7,False,197,False,False,True,114.0,62.0,168,True,6,False,46.0,18.0,False,True,True,3,False,False,SYNTHETIC,62.0,High,62.5
ORG-02705,small,government,17,21,1,72.1,5.7,2,5.7,False,False,2,190,False,37.3,20.0,50,False,False,40.5,True,False,44.2,24.5,False,False,76,52,34,21,12,False,0,False,0.0,False,59,False,False,True,199.0,96.0,24,False,6,False,55.0,21.0,True,False,False,2,True,True,SYNTHETIC,89.6,Critical,80.8
ORG-02706,large,education,11979,21630,3938,68.9,27.5,791,94.2,True,True,5,30,True,83.4,83.3,7,True,True,95.5,True,True,55.1,87.6,True,True,12,30,2,12,12,True,8,True,84.0,True,325,True,True,True,24.0,10.0,12,True,3,True,1.0,7.0,True,True,True,1,True,False,SYNTHETIC,11.6,Low,9.9
ORG-02707,medium,manufacturing,549,834,59,56.1,10.1,15,15.2,False,False,1,210,False,20.5,20.0,64,False,False,38.4,True,False,0.0,10.0,False,False,84,62,62,38,0,True,0,True,16.1,True,86,False,False,False,212.0,130.0,6,False,6,False,66.0,23.0,False,False,False,6,True,False,SYNTHETIC,99.3,Critical,85.9
ORG-02708,small,finance,57,73,3,67.1,0.0,1,55.5,False,False,3,71,False,29.6,51.8,34,True,True,72.2,False,True,45.2,76.4,True,True,36,31,36,18,24,False,0,False,51.7,False,253,True,False,False,75.0,47.0,6,True,6,True,9.0,4.0,True,True,False,1,True,False,SYNTHETIC,45.0,Moderate,46.2
ORG-02709,small,manufacturing,23,32,1,63.5,23.2,5,52.9,False,False,3,164,True,31.1,30.1,42,False,False,36.6,True,True,41.1,55.8,False,False,83,46,77,22,0,False,0,False,42.0,False,147,True,False,True,151.0,67.0,6,False,1,True,51.0,13.0,True,False,True,3,True,True,SYNTHETIC,62.0,High,60.8
ORG-02710,large,technology,10251,15705,1668,46.2,30.2,337,70.9,True,True,5,47,True,88.5,96.3,16,True,True,100.0,True,True,88.2,86.0,True,True,3,13,26,3,6,True,0,True,99.7,True,342,True,True,True,11.0,45.0,12,True,12,True,18.0,5.0,True,True,True,0,False,False,SYNTHETIC,13.8,Low,14.0
ORG-02711,medium,manufacturing,551,768,71,37.0,31.1,17,53.8,True,True,5,115,True,59.9,69.5,37,True,True,62.9,True,False,56.8,57.2,False,True,59,33,38,14,6,False,8,True,71.4,False,250,True,True,True,86.0,59.0,6,True,0,False,28.0,5.0,False,True,False,1,False,False,SYNTHETIC,37.9,Moderate,39.0
ORG-02712,large,healthcare,11251,22330,3070,71.9,66.0,617,100.0,True,True,5,42,True,70.1,79.8,12,True,True,83.0,True,True,100.0,92.5,True,True,15,30,2,1,12,True,24,True,92.1,False,323,True,True,True,12.0,4.0,12,True,1,True,1.0,0.5,True,True,False,0,False,False,SYNTHETIC,6.8,Low,6.0
ORG-02713,medium,energy,487,681,74,64.8,50.7,15,47.1,False,True,3,120,True,14.8,51.7,37,True,True,39.1,True,False,55.6,57.5,True,True,57,46,23,14,12,False,24,True,58.3,False,191,True,False,False,100.0,75.0,12,False,6,True,32.0,19.0,False,False,False,1,False,True,SYNTHETIC,54.1,High,52.8
ORG-02714,small,manufacturing,68,95,3,51.2,20.6,3,16.9,False,False,2,204,False,14.3,20.0,64,False,False,17.2,True,False,19.9,30.5,False,False,80,63,73,31,0,False,0,False,0.0,False,124,False,False,False,218.0,97.0,12,False,3,False,57.0,26.0,False,False,False,3,False,True,SYNTHETIC,100.0,Critical,87.8
ORG-02715,small,technology,23,25,1,65.2,35.7,8,82.8,True,True,4,73,True,68.0,61.0,25,False,True,81.8,False,True,79.7,84.3,False,False,29,23,21,15,6,False,0,False,54.7,False,266,False,False,False,56.0,36.0,1,False,6,True,19.0,11.0,True,True,True,2,True,True,SYNTHETIC,38.7,Moderate,38.5
ORG-02716,large,education,23314,43855,6483,93.2,27.9,1299,75.3,True,True,3,135,True,32.0,47.1,48,False,True,55.7,True,True,72.3,60.8,True,True,66,31,49,24,6,False,0,False,37.4,False,263,False,False,False,101.0,69.0,72,False,3,True,43.0,14.0,False,False,False,0,False,True,SYNTHETIC,52.6,High,53.1
ORG-02717,small,finance,122,161,10,46.1,31.7,3,55.2,False,True,4,106,False,37.6,38.7,35,False,False,54.4,True,True,59.6,53.6,True,True,52,42,40,16,0,False,0,False,59.8,False,215,True,True,False,108.0,42.0,12,False,6,False,42.0,13.0,True,True,True,2,False,False,SYNTHETIC,51.0,High,50.8
ORG-02718,small,education,42,53,3,60.6,44.6,6,23.4,False,False,2,176,False,22.4,20.0,47,False,False,21.9,True,False,31.0,31.2,False,True,80,51,70,27,12,True,0,True,19.5,True,117,False,False,False,165.0,91.0,72,False,6,False,54.0,20.0,False,True,False,1,True,False,SYNTHETIC,84.1,Critical,81.0
ORG-02719,medium,retail,2129,2605,237,43.4,53.1,52,57.1,False,False,4,157,False,42.8,59.1,33,True,True,54.8,True,False,73.2,53.8,False,True,48,46,39,13,6,False,16,True,73.8,False,190,True,True,True,73.0,56.0,12,False,3,True,44.0,12.0,True,True,False,2,True,False,SYNTHETIC,50.4,High,49.6
ORG-02720,medium,technology,729,1222,109,55.6,44.9,23,0.0,False,False,2,198,False,0.0,20.0,64,False,False,18.9,True,False,0.0,10.3,False,False,94,75,102,41,12,False,0,False,0.0,False,66,False,False,False,187.0,140.0,72,False,3,False,65.0,25.0,False,False,False,2,False,False,SYNTHETIC,100.0,Critical,92.0
ORG-02721,small,technology,48,53,3,56.9,54.4,1,20.2,False,False,1,176,False,34.5,20.0,60,False,True,29.0,True,False,0.0,22.8,True,True,93,56,59,30,12,False,0,False,19.5,False,52,False,False,False,156.0,79.0,6,False,3,False,63.0,16.0,False,True,True,2,False,False,SYNTHETIC,89.9,Critical,81.5
ORG-02722,large,healthcare,6906,10769,1225,81.7,60.3,247,29.9,False,False,2,148,True,39.7,37.2,40,True,False,64.8,True,False,52.2,57.8,True,False,49,43,54,20,12,False,24,True,56.2,False,151,False,False,True,101.0,79.0,6,True,12,False,50.0,17.0,False,True,True,2,False,False,SYNTHETIC,58.0,High,58.4
ORG-02723,large,education,3418,5170,444,74.8,48.6,92,63.2,True,True,4,104,True,65.6,62.3,22,False,True,70.2,True,True,48.0,87.4,True,False,26,27,12,8,12,True,24,True,63.1,True,275,True,True,False,31.0,55.0,6,False,6,True,28.0,16.0,True,True,True,2,False,False,SYNTHETIC,23.7,Low,26.4
ORG-02724,medium,government,828,1153,117,62.9,19.5,28,49.1,True,True,3,105,True,33.8,49.1,36,False,True,57.3,True,False,41.4,58.0,False,False,66,41,49,27,12,False,8,True,50.9,False,135,False,False,False,66.0,62.0,24,True,0,True,36.0,19.0,False,True,False,1,False,False,SYNTHETIC,50.4,High,51.9
ORG-02725,small,education,41,53,2,44.2,35.3,2,0.0,False,False,3,198,False,2.8,20.0,51,False,False,14.5,True,False,0.0,28.3,False,False,86,61,63,31,12,False,8,True,11.8,False,62,True,False,True,163.0,121.0,6,False,3,False,62.0,23.0,False,False,True,4,False,False,SYNTHETIC,93.3,Critical,83.6
ORG-02726,small,education,62,70,1,62.2,29.8,2,2.1,False,False,1,218,False,27.7,20.0,63,False,False,28.0,True,False,0.0,19.8,False,False,93,67,85,31,12,False,0,False,0.8,False,100,False,False,False,231.0,137.0,12,False,3,False,68.0,22.0,False,False,False,1,False,False,SYNTHETIC,99.4,Critical,91.2
ORG-02727,medium,healthcare,569,824,48,39.8,37.7,11,57.4,False,True,4,102,True,60.4,84.0,12,True,True,99.3,True,True,70.9,83.9,True,True,18,19,39,9,24,True,16,True,70.9,True,307,True,True,True,49.0,27.0,1,True,12,True,38.0,4.0,True,False,True,2,False,False,SYNTHETIC,27.8,Moderate,27.1
ORG-02728,medium,education,969,1709,127,81.9,31.6,29,2.9,False,False,1,169,False,16.1,20.0,60,False,False,13.4,True,False,0.0,17.3,False,False,100,72,88,37,12,False,24,True,35.1,False,81,False,False,False,156.0,98.0,168,False,12,False,73.0,30.0,True,False,False,2,True,False,SYNTHETIC,90.6,Critical,87.2
ORG-02729,medium,manufacturing,1258,2065,152,37.3,19.9,32,48.9,True,True,4,119,True,63.7,50.5,48,True,False,50.9,True,True,72.1,66.6,True,True,54,34,54,18,0,True,8,True,56.7,True,225,True,True,True,84.0,31.0,6,True,6,True,28.0,17.0,False,False,True,2,False,False,SYNTHETIC,38.1,Moderate,34.7
ORG-02730,large,finance,2774,4499,817,75.5,43.5,168,36.4,False,True,3,109,True,31.4,57.5,39,False,False,59.0,True,True,35.4,46.5,False,False,43,25,39,15,12,True,8,True,38.8,True,205,True,False,False,107.0,68.0,24,True,12,True,37.0,14.0,True,False,False,1,False,False,SYNTHETIC,45.5,Moderate,46.2
ORG-02731,small,healthcare,17,24,1,61.3,42.4,1,25.0,False,False,2,186,False,15.3,21.5,59,False,False,30.4,False,False,4.2,44.4,False,False,59,57,58,33,12,True,0,True,0.0,True,112,False,False,False,151.0,117.0,24,False,3,False,54.0,23.0,False,False,False,2,False,False,SYNTHETIC,90.4,Critical,82.8
ORG-02732,small,manufacturing,37,42,1,19.4,39.1,3,41.4,False,False,2,119,False,55.5,31.9,47,False,False,30.8,True,True,18.7,42.2,False,True,73,43,35,25,12,False,0,False,33.7,False,178,False,False,False,118.0,65.0,24,False,1,False,38.0,14.0,True,False,False,2,False,False,SYNTHETIC,72.2,High,71.7
ORG-02733,large,government,20654,32661,4190,95.0,27.9,841,56.2,True,True,3,67,False,42.2,51.8,31,False,True,66.0,True,True,50.9,47.5,True,True,49,49,38,25,6,True,24,True,57.1,True,167,True,True,True,89.0,65.0,12,True,12,True,32.0,11.0,False,True,False,0,False,False,SYNTHETIC,34.3,Moderate,36.2
ORG-02734,small,education,18,25,1,52.0,32.8,3,14.5,False,False,1,220,False,32.6,20.0,65,False,False,12.5,True,False,26.2,12.2,False,False,88,66,74,41,24,False,0,False,0.0,False,66,False,False,False,180.0,119.0,12,False,6,False,66.0,25.0,False,True,False,6,False,False,SYNTHETIC,100.0,Critical,91.6
ORG-02735,medium,government,248,321,22,45.7,65.3,9,70.2,True,True,4,113,True,75.0,60.8,29,True,True,83.3,True,True,66.5,64.5,True,True,49,23,39,21,0,True,16,True,51.5,False,267,True,True,False,91.0,26.0,1,False,6,False,28.0,11.0,True,True,True,2,True,True,SYNTHETIC,34.4,Moderate,34.9
ORG-02736,small,education,82,88,5,84.9,31.6,6,40.6,False,False,3,106,True,45.4,20.0,42,False,False,55.5,True,False,50.0,77.4,True,False,47,47,41,22,24,False,0,False,52.1,False,209,False,False,False,83.0,61.0,6,True,3,False,34.0,12.0,True,False,False,3,True,False,SYNTHETIC,58.8,High,59.4
ORG-02737,large,energy,18067,36184,5231,92.3,12.9,1048,97.7,True,True,5,78,False,97.6,79.1,21,True,True,86.8,True,True,54.5,94.4,True,True,17,15,2,12,12,True,16,True,78.2,True,357,True,True,True,33.0,6.0,6,True,6,True,19.0,1.0,True,True,False,0,False,False,SYNTHETIC,14.7,Low,15.3
ORG-02738,medium,healthcare,345,543,40,48.1,42.8,12,34.3,False,False,2,123,True,31.1,24.1,41,True,False,52.2,True,True,23.6,37.2,False,False,47,58,36,20,12,False,8,True,37.9,False,173,False,False,False,139.0,89.0,12,False,6,True,49.0,21.0,True,False,False,1,False,False,SYNTHETIC,61.9,High,65.4
ORG-02739,small,retail,57,82,2,59.1,17.8,5,16.2,False,False,3,191,False,32.1,31.3,61,True,True,26.8,True,True,11.1,42.1,False,False,61,53,42,23,12,False,16,True,41.7,False,132,False,False,False,135.0,65.0,6,True,0,True,61.0,26.0,False,False,False,2,False,False,SYNTHETIC,70.6,High,63.7
ORG-02740,small,finance,57,80,4,63.1,36.0,4,45.5,False,False,3,125,True,0.0,40.8,50,False,True,34.3,True,True,35.9,43.9,True,False,80,39,41,23,12,False,0,False,26.7,False,137,True,True,True,115.0,76.0,6,True,6,False,47.0,23.0,True,True,True,0,False,False,SYNTHETIC,49.2,Moderate,49.9
ORG-02741,large,finance,27371,58059,7871,84.5,39.9,1574,100.0,True,True,5,63,True,78.4,89.9,13,True,True,86.6,True,True,84.2,90.7,True,False,27,10,2,4,12,True,24,True,76.9,True,331,True,True,True,69.0,39.0,72,True,6,True,24.0,7.0,True,True,False,3,False,False,SYNTHETIC,8.9,Low,10.7
ORG-02742,small,manufacturing,46,55,2,52.0,12.0,3,13.5,False,False,2,180,False,17.1,20.0,64,False,False,19.8,True,False,22.9,37.6,False,False,104,74,74,37,6,False,0,False,8.4,False,27,False,False,False,185.0,91.0,12,False,3,False,61.0,23.0,False,False,True,3,True,True,SYNTHETIC,100.0,Critical,87.4
ORG-02743,small,education,8,8,1,100.0,29.4,4,20.8,False,False,1,233,True,12.2,20.0,61,False,False,10.0,True,False,0.0,15.7,False,False,94,62,81,42,0,False,8,True,19.7,False,24,False,False,False,186.0,98.0,6,False,3,False,71.0,22.0,False,False,False,2,False,True,SYNTHETIC,91.5,Critical,85.4
ORG-02744,small,retail,65,83,5,60.2,73.5,3,31.3,False,False,3,135,False,10.6,29.4,39,False,False,56.5,True,False,43.7,59.2,True,True,67,54,54,14,12,False,0,False,44.8,False,147,False,False,False,122.0,68.0,1,True,3,False,59.0,16.0,True,False,False,1,True,False,SYNTHETIC,64.4,High,64.8
ORG-02745,medium,education,1662,2758,261,80.0,19.2,52,64.1,True,True,4,119,True,46.3,59.0,39,True,True,74.1,True,False,53.8,76.5,True,True,45,30,70,12,0,True,0,True,52.9,True,270,True,True,True,76.0,69.0,168,True,0,True,36.0,11.0,True,False,True,1,False,False,SYNTHETIC,30.3,Moderate,32.5
ORG-02746,medium,technology,713,949,105,52.9,21.1,24,11.7,False,False,2,175,True,32.5,20.0,63,True,True,22.6,True,False,7.9,16.5,False,False,76,62,82,24,12,False,8,True,13.4,False,121,False,False,False,149.0,93.0,12,False,6,False,58.0,13.0,True,False,False,2,False,False,SYNTHETIC,94.8,Critical,79.2
ORG-02747,small,healthcare,14,18,1,61.0,28.6,1,45.4,False,False,2,119,True,48.7,24.4,41,False,True,69.7,True,True,39.3,41.7,True,False,48,50,53,23,12,False,0,False,57.7,False,153,False,False,True,116.0,73.0,168,False,3,False,48.0,17.0,True,False,False,2,False,False,SYNTHETIC,61.9,High,60.8
ORG-02748,small,energy,12,13,1,37.3,21.4,3,35.7,True,True,3,124,True,61.8,45.8,50,True,True,67.4,True,False,23.0,77.9,True,False,41,37,28,17,12,False,0,False,80.4,False,242,False,False,False,89.0,78.0,1,True,0,False,20.0,13.0,False,False,False,1,True,False,SYNTHETIC,47.1,Moderate,48.3
ORG-02749,medium,manufacturing,119,149,8,75.0,68.1,2,7.0,False,False,2,215,True,11.0,20.0,59,True,False,11.1,True,False,14.0,10.0,False,False,89,61,75,31,12,False,16,True,5.0,False,58,False,False,False,182.0,110.0,6,False,0,False,54.0,16.0,False,True,False,1,True,False,SYNTHETIC,95.5,Critical,83.9
ORG-02750,large,retail,12440,30894,4839,78.6,5.0,969,92.9,True,True,5,43,True,73.0,82.6,17,True,True,97.9,True,True,100.0,88.8,True,True,10,12,39,1,6,True,24,True,78.8,False,370,True,True,False,26.0,32.0,12,True,3,True,1.0,4.0,True,True,True,0,False,False,SYNTHETIC,10.8,Low,10.3
ORG-02751,medium,technology,1293,1988,121,69.5,18.0,28,74.0,True,True,5,62,False,44.8,76.7,12,True,True,82.9,True,True,60.3,99.5,True,False,19,21,40,5,0,True,24,True,86.5,True,281,True,True,True,52.0,16.0,12,True,6,True,10.0,0.5,True,True,False,1,True,False,SYNTHETIC,16.7,Low,17.7
ORG-02752,small,technology,39,55,3,79.4,47.6,1,47.8,True,True,3,139,False,50.3,32.4,38,False,False,42.3,True,True,52.5,52.6,False,False,51,40,44,29,6,True,0,True,42.9,False,195,False,False,True,122.0,41.0,24,False,3,True,46.0,16.0,True,False,True,2,False,False,SYNTHETIC,54.0,High,53.4
ORG-02753,medium,healthcare,452,632,47,57.4,2.9,14,25.0,False,False,3,151,False,42.6,38.4,49,True,False,32.0,True,True,36.8,53.5,False,False,75,33,33,23,12,True,16,True,42.5,True,146,False,False,True,141.0,84.0,24,True,6,False,47.0,13.0,False,True,False,6,False,False,SYNTHETIC,58.1,High,58.5
ORG-02754,small,retail,26,36,2,68.7,49.2,3,56.6,False,True,4,73,True,72.5,68.1,21,False,True,67.6,True,False,48.5,66.4,True,True,35,30,21,14,12,True,0,True,68.9,True,268,True,False,False,37.0,52.0,12,True,3,True,25.0,9.0,True,True,False,1,False,False,SYNTHETIC,32.8,Moderate,33.7
ORG-02755,large,retail,20040,47778,5833,52.2,22.8,1170,73.9,True,True,4,87,True,72.9,48.1,22,False,True,83.8,True,False,62.5,59.2,True,False,35,35,31,20,12,True,24,True,81.6,True,272,True,True,True,68.0,39.0,72,True,3,True,41.0,17.0,True,True,False,0,False,False,SYNTHETIC,27.7,Moderate,24.7
ORG-02756,small,healthcare,9,13,1,72.8,16.6,3,33.8,False,False,2,144,True,10.2,39.0,39,False,False,44.3,True,False,17.1,49.8,False,True,54,46,64,14,12,False,16,True,37.7,False,127,True,True,False,103.0,82.0,24,False,1,True,53.0,17.0,False,True,False,1,False,True,SYNTHETIC,63.8,High,65.2
ORG-02757,medium,education,566,810,45,62.4,52.7,12,27.0,False,False,2,141,False,19.7,20.9,52,False,True,35.7,True,False,0.0,20.8,True,False,86,51,58,28,12,False,8,True,6.3,False,78,False,False,True,170.0,101.0,1,True,0,False,34.0,21.0,False,True,False,4,False,False,SYNTHETIC,70.0,High,71.0
ORG-02758,small,government,54,69,3,41.7,52.2,3,51.2,True,True,3,99,True,54.0,63.1,27,True,True,55.8,True,True,66.9,55.7,False,True,35,24,33,15,0,False,8,True,79.3,False,236,True,True,False,63.0,46.0,12,True,3,True,31.0,12.0,True,True,False,1,True,False,SYNTHETIC,31.6,Moderate,32.6
ORG-02759,small,energy,21,24,1,35.1,63.6,1,48.5,False,False,3,88,False,55.7,27.9,33,True,False,51.8,True,False,58.6,59.8,True,True,62,28,37,19,24,False,8,True,44.5,False,246,True,True,True,124.0,76.0,12,True,6,True,43.0,12.0,False,False,True,0,False,False,SYNTHETIC,59.1,High,56.3
ORG-02760,small,healthcare,32,37,1,91.7,32.4,2,68.3,True,True,3,56,True,93.4,70.9,13,True,True,73.4,True,True,72.2,80.5,True,True,22,18,31,10,24,False,0,False,77.9,False,322,True,True,True,71.0,34.0,12,True,3,True,27.0,7.0,True,True,True,0,False,False,SYNTHETIC,24.8,Low,26.0
ORG-02761,large,healthcare,14062,24285,3475,64.1,50.9,697,68.1,True,True,4,116,True,62.2,63.4,30,False,False,63.5,True,True,57.6,62.7,True,True,31,18,9,9,12,False,24,True,76.5,False,283,True,True,False,32.0,32.0,1,True,0,True,31.0,8.0,True,True,True,4,False,False,SYNTHETIC,22.6,Low,22.9
ORG-02762,small,healthcare,35,45,2,81.8,33.2,1,64.0,False,False,3,92,False,68.2,45.5,27,True,True,70.5,True,False,55.2,68.4,True,True,46,35,30,20,0,True,8,True,59.5,True,247,True,True,False,64.0,53.0,6,False,3,True,56.0,10.0,True,True,True,0,False,False,SYNTHETIC,45.3,Moderate,46.7
ORG-02763,medium,finance,1089,1476,166,30.3,24.9,37,28.5,False,False,2,129,True,48.4,43.6,49,True,False,47.3,True,False,45.8,55.2,False,False,63,61,33,22,6,False,8,True,49.9,False,214,True,True,False,147.0,84.0,72,False,3,True,50.0,6.0,False,False,True,1,False,False,SYNTHETIC,62.9,High,64.0
ORG-02764,small,manufacturing,57,73,4,58.2,0.0,5,59.5,True,True,3,143,True,33.4,45.0,43,True,True,48.4,True,False,38.1,47.9,True,True,70,32,45,14,0,True,0,True,45.9,False,194,True,True,False,93.0,34.0,12,False,6,True,45.0,24.0,True,True,True,0,False,False,SYNTHETIC,43.8,Moderate,42.7
ORG-02765,medium,education,991,1610,131,64.5,40.9,29,46.8,True,True,4,109,True,68.7,61.1,41,False,False,61.1,True,True,69.2,48.1,False,False,42,23,16,13,6,True,16,True,26.2,True,182,False,False,False,68.0,46.0,12,False,0,False,37.0,2.0,False,True,False,1,False,False,SYNTHETIC,43.7,Moderate,45.7
ORG-02766,small,retail,102,138,10,66.4,79.1,5,36.1,False,False,2,146,True,53.3,36.9,48,True,True,40.3,True,False,31.1,40.2,False,False,75,45,59,18,12,False,0,False,50.8,False,128,False,False,True,114.0,71.0,24,False,12,True,40.0,12.0,False,False,True,2,False,False,SYNTHETIC,71.3,High,70.6
ORG-02767,small,government,27,38,2,90.0,0.0,6,20.5,False,False,4,142,False,19.6,42.4,40,False,False,50.2,True,False,34.0,52.7,True,False,74,36,38,20,12,True,8,True,52.6,True,205,False,False,False,108.0,84.0,12,False,1,True,43.0,19.0,True,True,True,3,False,False,SYNTHETIC,58.0,High,59.3
ORG-02768,medium,education,1370,2412,189,71.9,41.0,39,30.0,False,False,2,138,False,43.8,29.6,42,False,True,19.6,True,False,17.0,21.9,False,False,97,68,81,29,6,False,16,True,32.7,False,85,False,False,False,159.0,95.0,1,False,3,False,56.0,22.0,False,False,False,1,False,False,SYNTHETIC,81.4,Critical,81.9
ORG-02769,small,energy,31,39,2,75.1,30.1,3,98.0,True,True,5,40,True,75.9,98.5,6,True,True,100.0,True,True,100.0,88.7,True,True,16,7,18,3,24,True,0,True,100.0,True,405,True,True,False,20.0,17.0,12,True,3,True,1.0,3.0,True,True,True,0,False,False,SYNTHETIC,10.0,Low,11.5
ORG-02770,medium,finance,624,841,84,17.2,17.3,23,49.9,True,True,3,127,False,55.3,49.7,36,True,True,76.1,True,True,65.0,60.3,True,True,50,44,58,21,12,True,24,True,26.3,True,242,True,False,True,108.0,71.0,12,True,6,True,44.0,7.0,False,True,True,0,False,False,SYNTHETIC,41.7,Moderate,38.7
ORG-02771,medium,government,2054,3535,325,46.8,46.8,69,61.3,True,True,3,84,True,63.2,58.2,14,False,True,72.7,True,False,44.2,76.5,True,True,33,14,35,20,12,True,0,True,73.6,True,266,False,False,True,71.0,31.0,24,True,12,True,22.0,3.0,False,True,False,1,False,False,SYNTHETIC,37.7,Moderate,38.3
ORG-02772,medium,education,680,860,99,51.3,0.0,23,65.9,True,True,4,73,True,66.2,83.4,31,True,True,76.0,True,False,61.7,80.3,False,True,35,17,36,5,12,True,8,True,69.8,True,260,True,False,True,42.0,42.0,6,False,12,True,8.0,4.0,True,True,True,0,False,True,SYNTHETIC,35.2,Moderate,34.6
ORG-02773,large,government,22225,39837,7265,50.1,78.9,1458,56.2,False,True,2,102,True,47.6,52.3,32,True,True,57.5,True,True,23.3,60.8,True,True,37,41,37,17,12,True,16,True,32.9,True,229,True,True,True,102.0,50.0,6,True,6,False,40.0,16.0,True,True,False,4,False,False,SYNTHETIC,34.0,Moderate,36.2
ORG-02774,small,technology,24,33,1,64.5,12.8,4,26.2,False,False,2,181,False,25.6,20.0,60,True,False,31.7,True,False,17.2,48.4,False,False,76,47,74,34,12,False,0,False,17.6,False,98,True,False,True,192.0,85.0,6,False,12,False,70.0,11.0,False,False,False,2,False,True,SYNTHETIC,92.9,Critical,84.3
ORG-02775,medium,finance,706,914,106,25.9,6.6,23,22.5,False,False,4,144,True,51.2,54.2,31,False,True,48.9,True,True,28.0,55.8,True,False,46,35,54,17,12,True,16,True,52.3,True,126,False,False,True,167.0,77.0,6,False,3,False,44.0,22.0,True,True,True,0,False,False,SYNTHETIC,51.4,High,51.4
ORG-02776,small,government,8,11,1,55.4,41.4,5,49.6,False,False,3,97,False,44.8,49.5,43,True,False,41.6,True,True,35.9,54.8,False,False,76,35,51,20,24,True,0,True,13.2,True,178,False,False,False,136.0,62.0,24,True,12,False,47.0,22.0,True,False,True,4,False,False,SYNTHETIC,60.8,High,63.6
ORG-02777,large,manufacturing,8450,19595,2998,65.4,41.4,603,65.4,True,True,4,166,False,45.5,44.5,48,False,True,45.2,True,True,48.4,54.7,True,True,50,33,53,20,12,False,24,True,48.1,False,156,True,True,True,107.0,63.0,6,False,6,True,33.0,13.0,True,True,False,0,False,True,SYNTHETIC,46.9,Moderate,44.2
ORG-02778,small,manufacturing,42,52,2,35.5,34.2,2,5.4,False,False,1,131,False,37.2,23.6,46,False,False,22.7,True,False,0.0,38.9,False,False,88,40,85,30,6,False,0,False,16.9,False,127,False,False,False,142.0,87.0,12,True,3,False,57.0,17.0,False,False,True,4,True,False,SYNTHETIC,86.0,Critical,80.2
ORG-02779,large,technology,12043,22515,1876,69.6,45.2,379,71.0,True,True,3,134,True,62.2,27.4,51,True,True,65.1,True,False,31.8,46.1,False,True,50,25,20,22,6,False,24,True,62.4,False,185,True,False,True,89.0,39.0,72,True,6,False,36.0,18.0,True,False,True,1,False,False,SYNTHETIC,39.3,Moderate,39.3
ORG-02780,large,energy,23820,37372,5790,73.0,14.0,1159,88.0,True,True,5,74,True,82.2,72.7,19,True,True,95.9,True,True,60.5,84.8,True,True,28,25,9,4,12,True,16,True,74.6,False,314,True,True,True,29.0,10.0,6,True,3,True,16.0,1.0,True,True,True,0,False,False,SYNTHETIC,7.6,Low,10.3
ORG-02781,small,technology,87,106,6,71.5,42.3,5,2.4,False,False,1,201,False,12.5,20.0,54,False,False,10.4,True,True,0.0,10.1,False,False,97,65,90,38,12,False,8,True,15.0,False,41,False,False,False,205.0,128.0,6,False,3,False,70.0,22.0,False,True,True,7,True,False,SYNTHETIC,90.7,Critical,84.1
ORG-02782,small,education,35,40,1,80.2,30.6,2,25.2,False,False,2,209,True,1.6,20.0,55,False,False,10.0,True,False,24.6,29.4,False,False,94,62,75,35,0,False,8,True,6.0,False,103,False,False,False,212.0,111.0,12,False,0,False,61.0,25.0,True,True,False,3,False,False,SYNTHETIC,83.8,Critical,78.6
ORG-02783,medium,manufacturing,807,1316,138,51.2,38.0,31,34.5,False,False,2,157,False,46.2,28.9,47,True,True,38.7,True,False,35.8,29.5,False,False,72,54,76,29,12,False,8,True,54.1,False,118,True,False,False,167.0,76.0,6,True,6,True,62.0,17.0,False,False,False,5,False,False,SYNTHETIC,66.1,High,69.2
ORG-02784,small,manufacturing,30,40,2,91.9,31.6,5,44.6,False,False,2,137,False,46.1,37.9,48,False,False,36.5,True,False,22.3,63.3,False,False,50,38,69,23,0,False,0,False,36.1,False,182,False,False,False,143.0,65.0,12,True,12,False,43.0,18.0,False,False,False,1,False,False,SYNTHETIC,74.0,High,73.2
ORG-02785,small,energy,90,107,6,77.2,60.8,2,51.1,False,False,3,134,False,43.4,28.8,38,False,True,49.0,False,True,44.2,50.9,False,False,57,41,51,28,12,False,0,False,27.7,False,172,False,False,True,117.0,78.0,12,False,6,False,50.0,15.0,False,True,True,2,False,False,SYNTHETIC,75.7,Critical,69.1
ORG-02786,large,energy,26055,63006,5134,86.6,67.0,1032,100.0,True,True,5,58,True,76.9,100.0,11,True,True,95.5,True,True,66.1,96.9,True,True,13,20,15,6,12,True,24,True,75.7,True,297,True,True,True,39.0,19.0,24,True,6,True,1.0,8.0,True,True,False,0,False,False,SYNTHETIC,10.0,Low,10.4
ORG-02787,small,finance,51,61,3,100.0,5.1,3,38.8,False,False,2,149,True,42.3,48.9,42,False,False,45.7,True,True,41.2,41.6,False,False,62,38,60,20,12,False,0,False,36.4,False,163,True,True,False,119.0,59.0,72,False,12,True,43.0,10.0,False,False,False,1,False,False,SYNTHETIC,67.2,High,68.1
ORG-02788,medium,healthcare,469,649,60,59.3,57.5,17,44.6,False,False,3,133,False,44.1,44.0,35,False,False,28.6,True,True,12.9,37.5,True,False,68,31,65,30,6,True,16,True,24.7,True,174,True,False,False,107.0,54.0,6,False,3,False,30.0,15.0,False,False,False,1,False,False,SYNTHETIC,77.0,Critical,65.9
ORG-02789,large,energy,22457,42925,8576,70.9,69.6,1719,65.1,True,True,4,66,True,69.8,74.3,21,True,True,82.2,True,True,49.2,77.3,True,True,24,10,36,20,0,True,16,True,73.2,True,269,True,True,True,26.0,32.0,72,True,3,True,14.0,11.0,True,True,True,1,True,False,SYNTHETIC,22.0,Low,19.5
ORG-02790,large,manufacturing,9747,14769,2083,94.3,51.0,419,14.8,False,False,2,195,False,15.2,20.0,58,False,False,10.0,True,False,9.6,35.6,False,False,79,45,46,27,12,True,24,True,0.0,False,91,True,False,False,177.0,111.0,24,False,3,False,63.0,24.0,True,False,False,2,False,True,SYNTHETIC,92.9,Critical,75.9
ORG-02791,medium,energy,2777,3704,401,56.3,15.9,86,60.2,True,True,3,68,True,9.2,28.8,36,True,False,52.9,True,True,45.4,53.2,True,True,69,33,56,22,12,False,16,True,55.0,False,184,True,False,True,89.0,49.0,12,False,12,False,43.0,8.0,True,False,True,0,False,True,SYNTHETIC,50.5,High,50.7
ORG-02792,small,technology,29,31,1,67.4,23.0,3,35.0,False,False,2,199,True,14.5,22.8,52,False,False,18.1,True,True,38.2,16.7,True,False,86,50,51,25,12,False,0,False,12.2,False,135,False,False,False,144.0,107.0,24,False,3,False,50.0,24.0,True,False,True,2,True,True,SYNTHETIC,80.2,Critical,71.1
ORG-02793,medium,energy,381,520,29,70.6,22.7,6,94.6,True,True,4,86,True,100.0,89.9,20,True,True,100.0,True,True,93.2,81.6,True,True,22,15,12,12,0,True,16,True,100.0,True,350,True,True,True,1.0,1.0,24,True,6,True,1.0,4.0,True,True,True,1,True,False,SYNTHETIC,9.3,Low,9.1
ORG-02794,small,government,19,26,2,74.0,3.9,1,31.5,False,False,3,149,True,52.9,41.5,40,True,False,40.6,False,False,48.1,47.7,False,False,65,45,57,24,0,False,0,False,28.8,False,200,False,False,True,100.0,82.0,24,False,6,True,44.0,14.0,True,True,True,2,True,False,SYNTHETIC,75.1,Critical,65.7
ORG-02795,small,government,52,74,5,50.4,0.0,2,23.3,False,False,1,179,False,14.3,20.0,56,False,False,32.7,True,False,35.4,23.5,True,False,83,61,93,31,24,False,0,False,43.1,False,90,False,False,False,164.0,93.0,24,False,0,False,59.0,21.0,True,False,False,1,True,False,SYNTHETIC,83.7,Critical,81.8
ORG-02796,large,energy,2700,4761,814,86.1,12.9,167,58.5,False,True,3,90,False,61.3,69.5,31,False,False,100.0,True,False,49.2,78.4,True,True,39,39,20,19,12,True,8,True,60.0,True,239,True,False,True,96.0,60.0,72,True,6,False,30.0,17.0,True,True,False,1,False,False,SYNTHETIC,38.4,Moderate,40.0
ORG-02797,medium,manufacturing,765,1007,110,38.1,32.1,26,57.4,False,False,3,115,True,54.7,69.3,31,True,True,63.0,True,True,100.0,61.5,True,True,48,15,42,5,12,True,16,True,61.2,True,268,True,True,True,59.0,69.0,1,False,6,False,19.0,5.0,True,True,False,1,False,False,SYNTHETIC,40.6,Moderate,39.2
ORG-02798,small,government,118,120,7,67.2,75.8,2,38.1,False,False,2,120,False,26.2,24.1,35,True,True,54.4,True,False,65.3,50.8,False,True,83,39,42,19,0,False,0,False,30.1,False,136,True,True,False,97.0,60.0,6,False,6,False,37.0,14.0,False,True,True,1,False,False,SYNTHETIC,72.3,High,68.6
ORG-02799,small,education,14,19,1,71.5,50.1,2,42.4,False,False,1,157,False,26.0,20.0,52,False,True,13.4,True,False,4.5,39.8,False,False,84,59,80,31,12,False,0,False,9.3,False,66,True,False,False,179.0,119.0,1,False,3,True,66.0,25.0,False,False,False,5,True,False,SYNTHETIC,85.1,Critical,82.6
ORG-02800,small,manufacturing,12,12,1,73.1,22.7,3,52.7,True,True,3,135,True,48.3,49.2,50,True,True,56.1,True,True,13.9,68.5,True,True,45,31,49,24,6,False,0,False,57.3,False,246,False,False,False,95.0,64.0,24,True,12,True,45.0,19.0,False,False,False,0,False,False,SYNTHETIC,47.5,Moderate,49.0
ORG-02801,small,healthcare,117,127,9,82.1,14.9,2,61.9,False,False,2,166,False,4.4,24.3,47,True,False,18.5,False,False,6.8,27.1,False,False,75,62,54,29,12,False,0,False,8.8,False,100,False,False,False,203.0,81.0,12,False,0,False,51.0,18.0,True,True,True,1,True,False,SYNTHETIC,83.8,Critical,77.1
ORG-02802,medium,finance,512,829,52,70.2,68.4,16,23.1,False,True,3,90,False,43.3,52.1,40,False,False,53.2,True,True,70.1,52.6,True,True,51,40,42,12,12,False,16,True,50.9,False,210,True,False,False,81.0,67.0,1,False,0,True,44.0,12.0,True,True,True,0,False,True,SYNTHETIC,51.9,High,51.0
ORG-02803,medium,finance,964,1237,128,67.3,28.3,27,35.1,False,True,3,86,True,18.4,46.6,33,True,False,57.0,True,False,34.4,47.6,False,False,61,36,19,16,12,True,8,True,51.8,True,214,False,False,True,131.0,65.0,6,False,6,True,47.0,18.0,True,False,True,0,False,False,SYNTHETIC,52.3,High,52.9
ORG-02804,small,manufacturing,59,61,2,83.0,18.6,3,35.8,False,False,2,167,False,25.7,20.0,40,True,True,39.7,False,True,47.2,45.7,False,False,68,54,40,27,24,False,0,False,48.3,False,145,True,False,False,133.0,95.0,12,True,3,False,48.0,17.0,False,True,True,1,False,False,SYNTHETIC,63.7,High,63.2
ORG-02805,medium,education,1226,1573,142,37.4,0.0,31,68.6,True,True,2,129,True,66.1,56.6,42,False,False,63.0,True,True,61.0,66.1,True,False,64,36,31,14,24,False,8,True,44.6,False,268,True,True,False,102.0,69.0,72,True,6,False,43.0,13.0,True,True,False,2,True,False,SYNTHETIC,37.5,Moderate,39.9
ORG-02806,medium,energy,928,1490,172,86.6,54.3,36,80.0,True,True,4,34,True,60.5,55.2,21,False,True,78.2,True,True,77.4,61.1,True,False,50,35,24,14,12,True,16,True,50.7,True,262,True,True,False,54.0,59.0,6,True,3,False,29.0,15.0,True,False,True,2,True,False,SYNTHETIC,25.1,Moderate,26.9
ORG-02807,medium,finance,2612,4044,432,90.6,70.9,91,64.5,True,True,4,81,True,43.1,64.6,38,True,True,68.6,True,True,79.7,61.5,True,True,31,30,20,15,12,True,0,True,50.3,True,243,True,True,True,91.0,55.0,6,True,3,True,19.0,5.0,True,True,False,2,False,False,SYNTHETIC,24.7,Low,24.6
ORG-02808,small,technology,49,65,4,70.0,51.5,3,43.5,False,False,3,132,False,26.0,43.9,39,False,False,43.9,True,True,37.7,36.5,False,False,50,39,38,21,6,False,0,False,33.9,False,137,False,False,False,109.0,71.0,72,False,12,False,48.0,14.0,False,True,True,2,True,False,SYNTHETIC,71.1,High,70.1
ORG-02809,medium,finance,1043,1835,206,50.7,9.6,44,100.0,True,True,4,18,True,100.0,96.7,7,True,True,90.3,True,True,76.3,100.0,True,True,7,3,8,3,0,True,8,True,80.9,False,385,True,True,True,19.0,11.0,12,True,6,True,11.0,2.0,True,True,True,0,False,False,SYNTHETIC,5.8,Low,8.0
ORG-02810,medium,education,533,769,41,43.6,17.6,9,73.8,True,True,4,72,False,44.3,71.0,18,True,True,92.8,True,True,45.0,80.0,True,True,22,29,17,21,0,True,24,True,71.3,True,291,True,False,True,77.0,21.0,6,False,0,False,25.0,14.0,True,True,False,1,False,False,SYNTHETIC,32.3,Moderate,30.9
ORG-02811,medium,retail,423,532,37,65.7,44.3,7,27.9,False,False,2,102,False,38.1,43.3,40,True,False,46.2,True,True,14.9,53.1,False,False,71,33,51,25,24,True,16,True,46.2,True,194,False,False,False,123.0,57.0,12,False,3,False,55.0,8.0,True,True,True,1,True,True,SYNTHETIC,63.4,High,64.9
ORG-02812,small,finance,7,8,1,53.1,0.0,4,17.5,False,False,2,128,False,39.3,20.7,38,False,False,45.9,True,False,62.2,39.4,False,False,62,39,61,27,12,False,0,False,41.8,False,126,False,False,False,138.0,63.0,1,True,12,False,65.0,12.0,False,True,False,3,True,False,SYNTHETIC,82.2,Critical,75.8
ORG-02813,large,healthcare,8480,13211,1249,81.7,47.2,254,70.2,False,False,4,91,True,39.4,52.1,15,True,True,66.3,True,True,53.0,61.3,True,False,25,27,31,21,6,True,24,True,65.9,True,226,True,True,False,55.0,68.0,6,True,6,False,30.0,10.0,True,True,False,1,False,False,SYNTHETIC,37.4,Moderate,33.5
ORG-02814,small,energy,78,98,6,87.8,9.4,4,14.8,False,False,2,165,False,25.0,20.3,38,False,False,42.2,True,False,12.0,50.0,False,True,82,49,66,28,24,False,0,False,31.2,False,107,False,False,False,161.0,98.0,24,False,3,True,61.0,23.0,False,False,False,1,False,False,SYNTHETIC,90.5,Critical,84.7
ORG-02815,large,healthcare,3564,6030,538,69.5,38.8,111,25.1,False,False,4,127,False,75.9,43.1,52,True,True,35.6,True,True,44.5,64.0,True,False,52,45,55,16,0,False,24,True,68.3,False,165,True,True,False,117.0,67.0,12,False,12,True,32.0,14.0,False,False,False,2,False,True,SYNTHETIC,58.2,High,59.4
ORG-02816,large,energy,6584,13471,1705,91.7,39.5,346,29.5,False,False,3,111,False,27.7,45.6,24,False,True,41.8,True,True,50.8,54.0,True,True,48,50,42,20,24,True,24,True,49.4,True,207,False,False,True,75.0,64.0,6,True,1,True,32.0,14.0,True,False,False,3,False,False,SYNTHETIC,49.1,Moderate,47.1
ORG-02817,small,education,38,52,1,51.2,48.7,1,18.5,False,False,2,165,False,30.6,20.0,70,False,False,10.0,True,True,0.0,40.1,False,False,86,65,65,33,12,False,0,False,17.9,False,68,False,False,False,162.0,101.0,24,False,3,False,47.0,20.0,False,False,True,1,False,True,SYNTHETIC,95.6,Critical,83.9
ORG-02818,large,manufacturing,8770,16531,2097,83.4,36.5,427,60.1,True,True,4,60,True,52.2,53.1,20,True,True,78.6,True,False,43.2,74.3,False,True,31,21,15,12,12,True,24,True,77.7,False,272,True,True,True,58.0,37.0,6,False,3,True,16.0,6.0,True,True,True,0,False,False,SYNTHETIC,29.4,Moderate,29.8
ORG-02819,medium,retail,261,466,48,52.7,29.3,13,64.9,False,False,3,145,True,54.8,45.1,37,False,False,33.7,True,False,51.6,63.8,True,False,68,39,45,19,12,True,24,True,58.4,True,200,False,False,True,134.0,72.0,12,False,12,True,48.0,11.0,False,True,False,1,True,False,SYNTHETIC,58.1,High,56.3
ORG-02820,small,finance,7,8,1,63.0,74.5,1,41.3,False,False,2,104,False,51.4,38.6,34,True,True,57.0,True,False,25.4,54.8,True,True,59,34,55,18,0,False,0,False,35.3,False,198,True,False,False,91.0,61.0,24,False,3,True,51.0,8.0,True,False,False,2,True,False,SYNTHETIC,66.9,High,64.6
ORG-02821,small,education,13,13,1,96.9,44.4,6,0.0,False,False,1,208,False,0.0,20.0,74,False,False,10.0,True,False,0.0,15.7,False,False,85,81,90,28,12,False,0,False,14.8,False,14,False,False,False,169.0,118.0,6,False,6,False,60.0,27.0,False,False,False,5,False,False,SYNTHETIC,100.0,Critical,92.4
ORG-02822,small,healthcare,86,114,8,100.0,13.8,3,90.6,True,True,5,69,True,66.9,84.0,27,True,False,72.1,True,True,38.0,76.1,True,True,29,33,24,10,12,False,8,True,79.4,False,275,True,True,False,34.0,58.0,12,True,1,True,27.0,9.0,True,True,True,0,False,False,SYNTHETIC,23.0,Low,23.4
ORG-02823,large,retail,23728,56124,10562,69.6,21.8,2115,50.2,False,False,2,116,False,28.3,26.8,50,False,False,29.9,True,False,50.4,69.1,False,False,59,47,59,23,6,False,24,True,22.1,False,174,False,False,False,73.0,80.0,1,False,3,True,33.0,10.0,False,True,True,2,True,True,SYNTHETIC,75.3,Critical,69.5
ORG-02824,small,education,49,51,3,93.0,19.7,3,33.9,False,False,1,201,False,22.9,31.6,61,False,False,10.0,True,False,24.0,20.3,False,False,110,76,90,38,0,False,0,False,22.1,False,72,True,False,False,203.0,105.0,24,False,12,False,86.0,25.0,False,False,False,1,False,True,SYNTHETIC,94.9,Critical,87.9
ORG-02825,large,technology,24641,60459,7126,77.8,55.8,1431,25.2,False,False,2,149,False,16.7,28.8,36,False,False,47.1,True,False,40.4,36.4,True,False,75,36,50,29,12,True,24,True,24.9,True,165,True,False,False,123.0,81.0,12,False,3,True,40.0,20.0,False,True,True,3,True,False,SYNTHETIC,75.3,Critical,65.5
ORG-02826,medium,finance,1041,1832,171,60.7,33.6,35,41.1,False,True,4,100,True,65.8,41.8,36,False,True,50.8,True,False,51.3,46.9,True,False,51,36,37,22,0,True,8,True,36.9,False,243,False,False,True,116.0,58.0,12,True,3,True,34.0,20.0,False,True,False,1,False,False,SYNTHETIC,46.2,Moderate,44.1
ORG-02827,small,energy,42,49,1,29.0,31.7,4,55.7,False,False,2,143,False,35.4,36.2,52,True,True,44.8,True,True,27.4,23.5,True,False,69,37,57,39,24,False,0,False,48.8,False,202,False,False,False,129.0,103.0,6,True,12,False,57.0,16.0,True,False,False,1,False,False,SYNTHETIC,62.4,High,66.0
ORG-02828,small,technology,32,44,2,80.8,24.6,3,17.9,False,False,2,188,False,28.1,20.0,53,True,True,29.7,True,False,25.0,26.6,False,False,84,57,87,28,12,False,8,True,24.9,False,111,True,False,False,158.0,127.0,6,True,6,False,60.0,21.0,False,False,False,4,False,False,SYNTHETIC,83.1,Critical,75.7
ORG-02829,large,manufacturing,9790,24141,2110,54.9,53.9,425,76.4,True,True,4,82,False,75.9,73.6,18,True,True,66.1,True,True,66.6,73.7,True,False,33,32,27,16,12,True,24,True,44.5,False,295,False,False,True,69.0,55.0,12,True,3,True,32.0,7.0,True,True,False,3,False,False,SYNTHETIC,27.4,Moderate,28.3
ORG-02830,medium,manufacturing,394,705,47,48.2,33.0,10,40.2,False,False,3,98,False,49.8,46.9,37,False,True,50.7,True,True,47.3,65.0,True,True,43,25,69,21,12,True,24,True,45.5,False,175,True,False,False,115.0,51.0,12,False,3,False,41.0,15.0,False,False,False,1,False,False,SYNTHETIC,59.4,High,59.2
ORG-02831,medium,manufacturing,1793,2742,229,59.2,23.5,46,40.9,False,False,2,127,False,34.2,20.0,38,True,True,26.6,True,False,17.8,40.4,False,False,74,56,46,26,12,True,8,True,29.6,True,148,False,False,False,129.0,95.0,6,False,12,False,56.0,19.0,False,True,False,3,False,False,SYNTHETIC,81.5,Critical,75.1
ORG-02832,small,retail,38,50,3,23.2,49.0,3,42.4,False,False,2,165,False,34.2,59.5,35,False,True,59.7,True,False,40.1,39.9,True,True,52,47,48,16,6,True,8,True,48.9,True,215,True,False,False,113.0,71.0,12,True,1,True,38.0,11.0,False,True,True,2,False,False,SYNTHETIC,52.2,High,49.2
ORG-02833,medium,retail,305,527,35,65.6,11.1,10,91.4,True,True,5,54,True,64.2,77.0,16,False,True,77.1,True,True,76.8,78.4,True,False,41,23,6,2,0,True,16,True,88.2,True,362,True,True,True,22.0,18.0,12,True,3,True,6.0,8.0,True,False,True,0,False,False,SYNTHETIC,11.3,Low,10.3
ORG-02834,medium,retail,167,259,20,79.3,0.0,7,25.8,False,False,2,148,False,26.5,20.0,56,True,False,33.1,False,True,13.5,29.4,True,False,50,45,73,19,24,False,8,True,26.3,False,189,False,False,True,155.0,73.0,12,False,12,False,50.0,24.0,True,False,False,1,True,False,SYNTHETIC,81.3,Critical,72.8
ORG-02835,medium,energy,634,1114,117,53.9,46.5,23,64.1,False,False,3,102,True,31.4,42.1,46,False,False,46.7,True,True,42.9,68.3,False,False,64,51,58,23,12,True,8,True,36.9,True,214,False,False,False,121.0,73.0,6,False,0,False,51.0,13.0,True,False,True,1,True,False,SYNTHETIC,61.8,High,60.2
ORG-02836,small,technology,18,24,1,22.5,15.9,1,47.6,False,False,2,148,False,22.2,54.3,40,False,True,42.6,True,False,46.4,34.7,False,False,63,47,58,23,12,False,16,True,40.0,False,157,False,False,True,97.0,60.0,12,False,1,True,63.0,13.0,False,False,False,2,False,False,SYNTHETIC,68.1,High,70.0
ORG-02837,small,government,35,35,2,92.9,32.3,5,17.7,False,False,3,121,False,21.8,27.6,48,False,True,40.0,True,False,21.7,40.5,False,False,72,50,53,28,0,False,8,True,17.9,False,94,True,False,True,171.0,65.0,1,False,6,True,55.0,20.0,False,False,False,1,True,False,SYNTHETIC,87.3,Critical,74.7
ORG-02838,large,finance,18072,39327,3258,73.2,87.4,653,100.0,True,True,4,64,True,66.5,74.7,10,True,True,93.4,True,True,58.6,87.4,True,True,31,30,2,11,12,True,8,True,85.5,True,364,True,True,True,1.0,23.0,1,True,12,True,7.0,5.0,True,True,True,1,True,False,SYNTHETIC,15.6,Low,13.5
ORG-02839,medium,energy,565,979,67,30.2,44.1,18,83.3,False,False,4,39,True,78.0,73.4,29,True,True,74.9,True,True,49.6,80.0,True,True,43,15,23,12,0,True,8,True,84.4,True,339,False,False,True,88.0,54.0,12,True,0,False,20.0,8.0,True,True,True,0,False,False,SYNTHETIC,28.9,Moderate,29.0
ORG-02840,small,government,71,85,5,88.2,64.0,5,14.3,False,False,3,180,False,35.8,21.0,49,False,False,32.2,True,True,12.1,32.3,True,True,81,47,72,26,0,False,0,False,28.0,False,141,False,False,False,188.0,113.0,1,False,6,True,59.0,28.0,True,False,False,3,False,False,SYNTHETIC,91.0,Critical,74.7
ORG-02841,small,education,42,44,2,100.0,6.7,3,25.8,False,False,2,204,False,8.4,20.0,52,False,True,29.5,True,True,8.3,40.1,False,False,71,67,58,25,12,True,16,True,19.6,True,135,False,False,False,136.0,111.0,6,True,6,False,67.0,23.0,False,False,False,3,False,False,SYNTHETIC,68.0,High,68.0
ORG-02842,medium,manufacturing,604,976,104,50.6,77.1,23,82.5,True,True,4,87,True,66.2,63.0,22,True,True,66.6,True,True,76.6,83.0,False,True,28,27,28,17,12,True,0,True,59.0,False,349,False,False,True,45.0,32.0,12,True,3,True,29.0,4.0,False,True,True,1,False,False,SYNTHETIC,29.7,Moderate,30.3
ORG-02843,large,manufacturing,4941,8321,888,57.1,56.8,177,66.9,False,False,2,112,False,72.8,49.9,34,True,True,57.5,True,False,49.8,39.0,True,True,60,32,34,12,12,False,8,True,46.7,False,211,True,True,True,82.0,62.0,6,True,6,True,32.0,9.0,False,False,False,2,False,False,SYNTHETIC,52.1,High,50.3
ORG-02844,small,healthcare,34,48,2,50.8,0.0,7,12.9,False,False,1,169,True,19.3,20.0,69,False,False,10.0,True,False,11.5,35.7,False,False,86,66,65,28,12,False,8,True,11.3,False,14,False,False,True,171.0,105.0,6,False,6,False,64.0,22.0,False,False,False,2,False,True,SYNTHETIC,95.3,Critical,84.8
ORG-02845,large,energy,6234,14592,1278,78.1,5.0,260,87.8,True,True,4,58,True,56.7,58.0,2,True,True,93.3,True,True,67.9,92.1,True,True,36,22,22,8,12,True,24,True,82.3,False,275,True,True,True,44.0,15.0,1,True,3,False,25.0,7.0,True,True,True,1,True,False,SYNTHETIC,14.1,Low,15.2
ORG-02846,medium,retail,253,327,35,81.7,64.3,10,48.7,True,True,3,111,True,68.2,51.4,25,False,True,59.7,True,True,62.1,66.6,True,True,61,18,37,13,12,False,16,True,42.4,False,299,False,False,False,68.0,60.0,12,False,3,True,19.0,6.0,True,False,False,1,True,False,SYNTHETIC,45.8,Moderate,45.9
ORG-02847,small,healthcare,20,28,1,43.3,37.5,3,44.7,False,False,2,184,False,23.4,30.8,52,False,False,20.4,True,True,32.8,48.3,True,False,94,59,47,30,0,False,8,True,32.9,False,116,False,False,False,179.0,90.0,24,False,0,False,57.0,14.0,True,False,False,1,True,False,SYNTHETIC,72.1,High,71.9
ORG-02848,small,energy,33,43,2,45.8,20.7,3,27.7,False,False,2,157,False,51.7,20.0,41,True,False,47.2,False,False,45.0,34.9,True,False,51,48,56,22,24,True,0,True,15.2,True,131,True,False,True,130.0,60.0,168,True,1,True,57.0,15.0,False,False,True,0,False,False,SYNTHETIC,61.0,High,62.1
ORG-02849,medium,energy,609,860,100,67.4,46.1,22,64.3,True,True,4,101,False,89.1,54.9,30,True,True,85.4,False,True,64.8,89.5,True,True,23,16,14,9,12,True,8,True,91.8,True,337,True,False,False,63.0,33.0,72,True,12,True,12.0,7.0,True,True,True,0,False,False,SYNTHETIC,24.5,Low,24.5
ORG-02850,small,energy,10,14,1,90.6,68.8,5,13.6,False,False,3,153,False,22.3,20.4,53,False,False,55.1,True,True,16.5,32.4,False,False,57,41,52,24,24,True,0,True,45.6,True,208,True,False,False,128.0,97.0,12,False,6,False,43.0,14.0,True,False,False,1,False,False,SYNTHETIC,76.6,Critical,70.2
ORG-02851,small,technology,10,12,1,28.0,53.7,4,3.5,False,False,2,188,False,0.0,20.8,58,False,False,10.0,True,False,0.0,10.0,False,False,98,65,75,45,0,False,8,True,16.2,False,35,False,False,False,155.0,130.0,168,False,6,False,67.0,20.0,False,False,False,2,False,True,SYNTHETIC,99.0,Critical,89.8
ORG-02852,medium,technology,2423,3280,380,82.9,41.7,79,39.1,False,False,2,158,True,41.4,20.0,46,False,False,42.9,True,False,13.9,29.5,True,False,86,61,73,32,12,False,8,True,0.0,False,136,False,False,False,191.0,100.0,72,False,0,False,69.0,17.0,False,False,True,2,True,False,SYNTHETIC,84.3,Critical,79.0
ORG-02853,small,manufacturing,19,19,1,91.1,0.0,3,65.7,False,False,4,87,True,54.1,54.0,25,True,True,67.7,True,True,81.6,54.1,True,False,33,42,31,17,6,True,8,True,72.5,True,273,False,False,True,112.0,52.0,6,True,0,True,24.0,5.0,True,False,True,1,True,False,SYNTHETIC,31.6,Moderate,33.5
ORG-02854,medium,healthcare,1354,1687,121,20.8,21.2,26,52.8,False,False,2,84,False,28.8,53.1,45,False,True,45.6,True,True,21.1,49.5,False,False,54,42,71,15,12,False,8,True,35.4,False,198,True,False,True,130.0,58.0,24,False,6,False,38.0,23.0,True,False,True,2,True,False,SYNTHETIC,60.7,High,61.6
ORG-02855,small,government,97,103,2,88.0,12.2,6,71.0,True,True,3,106,False,28.0,57.3,30,False,True,46.9,True,True,36.0,60.0,True,False,49,33,28,15,12,True,0,True,40.2,True,204,True,True,False,110.0,68.0,1,False,6,True,48.0,19.0,True,False,False,1,False,True,SYNTHETIC,43.4,Moderate,44.2
ORG-02856,small,healthcare,40,51,3,82.1,78.4,3,41.9,False,False,2,149,True,52.4,37.0,36,False,True,51.7,True,False,8.2,33.0,True,False,67,54,73,19,0,True,0,True,44.2,True,126,True,False,False,150.0,83.0,72,True,6,True,50.0,18.0,False,False,False,2,False,False,SYNTHETIC,58.6,High,57.7
ORG-02857,medium,retail,365,458,53,37.3,52.2,14,5.5,False,False,1,154,False,24.6,24.7,58,False,True,21.8,True,False,17.0,40.3,False,False,103,55,64,28,0,False,8,True,14.9,False,55,True,False,False,191.0,106.0,12,False,12,False,52.0,26.0,False,False,False,2,False,True,SYNTHETIC,95.5,Critical,86.3
ORG-02858,medium,healthcare,527,937,81,34.0,54.8,20,56.3,True,True,3,121,False,57.4,54.1,34,True,True,79.6,True,False,35.5,59.5,True,False,52,28,36,13,12,False,24,True,62.5,False,291,True,True,True,80.0,54.0,12,True,3,False,31.0,11.0,True,True,False,3,False,False,SYNTHETIC,34.7,Moderate,37.1
ORG-02859,large,technology,2940,6248,940,36.7,24.0,188,62.3,False,False,3,105,False,41.4,67.7,33,False,True,57.2,True,True,54.0,56.6,False,True,43,23,32,12,6,True,16,True,68.5,True,258,False,False,True,64.0,45.0,12,True,6,False,30.0,7.0,False,False,True,0,False,False,SYNTHETIC,42.9,Moderate,44.3
ORG-02860,medium,retail,1401,2518,256,25.8,0.0,55,52.7,False,False,2,143,False,29.9,28.1,59,False,False,35.2,True,True,25.7,42.4,False,True,61,45,63,27,12,True,8,True,12.4,False,176,True,True,False,134.0,84.0,24,True,1,True,73.0,17.0,False,False,True,2,False,False,SYNTHETIC,57.3,High,60.2
ORG-02861,large,healthcare,32705,66466,6121,55.4,47.7,1225,70.5,True,True,5,72,True,99.1,74.5,25,True,True,68.1,True,False,61.4,76.8,True,True,29,16,39,11,12,True,24,True,60.2,True,287,True,True,True,77.0,48.0,1,False,1,True,21.0,11.0,True,True,True,2,False,True,SYNTHETIC,31.0,Moderate,29.3
ORG-02862,medium,technology,315,481,52,49.0,14.8,11,51.7,False,False,2,137,False,37.4,40.7,41,True,False,39.7,True,True,66.6,81.8,True,True,51,48,40,23,0,False,16,True,52.6,False,236,True,True,True,150.0,90.0,6,True,6,True,52.0,18.0,True,True,False,2,False,False,SYNTHETIC,47.7,Moderate,47.3
ORG-02863,medium,manufacturing,3398,4454,424,56.3,26.1,85,62.3,False,False,5,111,False,51.7,40.5,18,False,False,45.7,True,True,53.9,70.3,True,True,38,27,39,18,24,True,8,True,53.0,True,277,True,True,False,82.0,67.0,6,True,0,True,40.0,20.0,True,False,False,3,True,False,SYNTHETIC,41.2,Moderate,43.6
ORG-02864,medium,technology,905,1203,139,52.4,0.0,29,34.5,False,False,2,136,False,21.8,38.1,46,False,False,51.7,True,False,43.5,57.4,False,False,62,46,40,29,12,True,8,True,38.6,True,158,False,False,False,155.0,78.0,6,True,12,True,54.0,13.0,False,True,True,1,False,False,SYNTHETIC,63.0,High,64.1
ORG-02865,small,retail,16,23,1,70.9,27.1,3,49.2,False,False,3,106,True,91.7,38.0,24,False,True,53.6,True,True,16.1,54.3,True,True,55,41,48,22,12,False,0,False,38.3,False,178,True,False,False,110.0,66.0,72,True,6,True,52.0,12.0,False,False,True,1,True,False,SYNTHETIC,53.4,High,54.0
ORG-02866,medium,government,343,446,32,61.2,30.0,12,41.2,False,False,2,138,False,19.6,30.1,51,False,False,48.9,True,False,54.8,53.1,True,False,66,40,52,23,12,False,0,False,5.8,False,204,True,True,True,142.0,56.0,24,False,1,True,47.0,7.0,False,False,False,3,False,False,SYNTHETIC,77.2,Critical,69.3
ORG-02867,small,finance,27,35,2,97.6,12.1,1,20.7,False,False,2,159,False,46.3,33.3,35,False,False,19.7,True,True,46.7,36.7,False,True,57,35,47,22,12,False,8,True,21.5,False,117,True,False,False,100.0,80.0,1,False,3,False,49.0,12.0,True,False,False,1,False,True,SYNTHETIC,83.3,Critical,71.6
ORG-02868,large,finance,3077,6416,1261,65.9,53.0,256,85.8,True,True,4,43,True,45.2,81.0,20,True,True,93.3,True,True,66.6,81.7,True,True,28,12,21,11,12,True,24,True,62.9,True,353,True,False,True,70.0,54.0,12,True,3,True,16.0,6.0,True,True,True,3,True,False,SYNTHETIC,18.1,Low,16.6
ORG-02869,small,finance,31,39,2,61.1,93.2,2,65.4,False,False,3,97,True,50.5,44.2,38,True,True,54.4,True,False,63.1,73.0,True,True,40,30,29,18,24,False,8,True,63.0,False,220,True,True,False,89.0,58.0,1,False,3,False,21.0,14.0,True,True,False,4,True,True,SYNTHETIC,51.1,High,52.0
ORG-02870,small,government,60,68,3,79.4,67.4,2,12.3,False,False,1,204,False,3.3,20.0,51,False,False,42.9,True,False,12.2,37.7,False,True,64,62,79,34,24,False,0,False,0.0,False,92,True,False,False,188.0,121.0,12,False,6,False,62.0,24.0,False,False,False,1,False,True,SYNTHETIC,97.8,Critical,89.0
ORG-02871,large,finance,9714,21723,2176,75.0,42.0,437,90.1,True,True,5,44,False,73.9,93.6,15,True,True,85.6,True,True,67.0,88.1,True,False,18,8,22,10,6,True,8,True,79.8,True,389,True,True,True,65.0,13.0,6,True,0,True,2.0,1.0,True,True,False,0,False,False,SYNTHETIC,16.7,Low,15.7
ORG-02872,small,education,23,34,1,79.5,69.6,7,49.9,False,False,2,155,True,54.8,21.6,42,False,True,27.5,True,False,17.8,34.7,False,True,60,46,86,28,12,False,0,False,41.0,False,177,True,True,True,158.0,104.0,12,True,3,True,47.0,12.0,False,False,False,2,True,False,SYNTHETIC,64.3,High,62.9
ORG-02873,small,retail,19,27,1,75.8,67.7,5,76.9,True,True,4,48,True,90.8,84.2,11,True,True,92.8,True,True,80.9,100.0,True,False,12,15,4,4,6,False,0,False,61.6,False,341,True,True,True,14.0,15.0,24,True,6,True,26.0,7.0,True,True,True,1,False,False,SYNTHETIC,18.7,Low,17.6
ORG-02874,small,retail,96,136,10,51.6,14.7,3,47.9,False,False,2,161,False,52.3,46.2,62,True,True,35.3,True,False,29.7,48.7,True,True,85,42,31,23,0,False,0,False,37.8,False,148,True,True,False,113.0,119.0,24,True,3,False,42.0,24.0,True,False,False,3,False,False,SYNTHETIC,61.2,High,59.0
ORG-02875,medium,government,699,1007,99,59.8,45.4,20,48.3,False,False,2,133,False,1.5,24.7,50,True,False,34.9,True,True,20.1,28.9,False,False,75,42,49,24,0,False,16,True,16.3,False,151,False,False,True,113.0,76.0,168,False,6,False,54.0,21.0,False,False,False,3,False,True,SYNTHETIC,80.1,Critical,73.3
ORG-02876,small,education,11,12,1,79.6,67.4,3,70.4,False,False,3,99,True,38.8,82.8,32,True,True,73.7,True,True,19.9,74.5,True,True,32,30,36,18,12,False,0,False,66.6,False,243,True,False,False,98.0,49.0,6,True,6,False,39.0,8.0,False,True,True,1,False,False,SYNTHETIC,44.0,Moderate,44.5
ORG-02877,medium,finance,179,249,18,69.4,44.0,7,60.5,True,True,4,84,True,60.1,73.2,21,True,True,58.7,True,True,44.9,78.5,True,True,51,41,32,17,12,True,16,True,66.0,True,233,True,True,True,100.0,31.0,24,False,3,True,26.0,5.0,True,True,True,0,False,False,SYNTHETIC,27.7,Moderate,29.7
ORG-02878,small,technology,7,8,1,50.4,15.8,2,26.9,False,False,1,157,False,16.3,29.9,50,False,True,36.5,True,False,47.8,37.3,False,True,94,43,51,33,12,True,0,True,30.1,False,178,False,False,False,149.0,84.0,12,False,3,False,42.0,15.0,True,False,True,0,False,False,SYNTHETIC,76.3,Critical,74.6
ORG-02879,small,retail,21,27,1,10.0,43.7,4,23.5,False,False,2,129,False,34.0,34.4,45,False,False,51.4,True,False,54.1,46.9,True,True,65,46,66,28,12,True,8,True,52.0,True,138,False,False,False,147.0,73.0,24,True,1,False,60.0,11.0,False,True,False,3,False,False,SYNTHETIC,66.1,High,65.1
ORG-02880,small,education,23,27,1,38.7,36.6,4,67.3,False,False,4,71,True,43.4,60.1,35,True,False,66.1,True,True,62.5,78.7,True,False,35,27,35,7,6,False,0,False,54.9,False,260,True,True,False,72.0,53.0,24,True,0,True,25.0,10.0,True,False,False,1,True,False,SYNTHETIC,36.7,Moderate,38.5
ORG-02881,small,retail,7,10,1,10.8,81.0,1,32.8,False,False,1,210,False,22.7,20.0,64,False,True,24.3,True,False,9.6,35.1,False,False,77,60,54,25,0,False,8,True,17.9,False,112,False,False,True,161.0,101.0,24,False,6,False,55.0,20.0,False,False,False,3,False,False,SYNTHETIC,87.7,Critical,80.5
ORG-02882,small,education,26,33,1,38.5,26.0,1,0.0,False,False,1,212,False,0.0,20.0,61,False,False,11.6,True,False,4.6,14.9,False,False,77,54,59,51,0,False,0,False,10.9,False,14,False,False,False,193.0,87.0,12,False,3,False,87.0,24.0,False,False,False,3,False,True,SYNTHETIC,100.0,Critical,90.8
ORG-02883,medium,government,504,820,75,77.9,48.7,16,81.9,True,True,5,71,True,86.4,87.1,21,True,True,93.5,True,True,73.8,97.7,True,True,6,20,2,11,12,True,0,True,91.6,True,353,True,True,True,37.0,1.0,12,True,6,True,30.0,0.5,True,False,True,0,False,False,SYNTHETIC,15.3,Low,14.9
ORG-02884,small,government,50,60,2,51.8,29.0,4,9.0,False,False,1,170,False,25.9,20.0,57,False,False,31.1,True,False,33.8,18.8,False,False,82,60,57,43,12,False,0,False,3.5,False,150,False,False,False,166.0,109.0,6,True,3,False,60.0,13.0,False,False,False,3,True,False,SYNTHETIC,87.6,Critical,82.4
ORG-02885,small,energy,21,30,1,89.1,20.7,6,10.1,False,False,2,171,True,24.5,36.1,57,True,False,16.6,True,True,17.5,28.0,False,True,68,45,34,24,12,False,8,True,28.3,False,99,False,False,True,136.0,77.0,24,True,6,True,51.0,20.0,True,True,False,1,True,False,SYNTHETIC,60.1,High,59.3
ORG-02886,small,government,19,26,1,59.2,21.1,2,56.8,False,False,3,127,True,43.6,48.6,50,True,False,57.0,True,True,24.6,45.0,False,False,59,36,35,27,6,True,0,True,28.8,False,185,True,True,True,104.0,52.0,12,False,6,True,52.0,12.0,False,True,False,1,True,False,SYNTHETIC,54.2,High,54.2
ORG-02887,small,retail,32,47,2,36.2,0.0,6,30.2,False,False,3,131,True,1.7,37.3,41,True,False,40.9,True,False,41.4,52.1,False,False,66,41,67,27,0,False,8,True,39.1,False,164,True,False,False,89.0,64.0,72,False,6,True,65.0,13.0,True,True,False,0,False,False,SYNTHETIC,63.3,High,66.9
ORG-02888,small,manufacturing,59,62,2,100.0,3.3,4,82.7,False,False,4,77,False,60.6,55.0,36,False,True,85.6,True,True,35.7,64.3,True,True,23,23,48,11,0,True,8,True,65.4,False,278,True,False,False,74.0,57.0,6,True,3,True,25.0,18.0,True,True,False,2,False,False,SYNTHETIC,34.9,Moderate,34.3
ORG-02889,large,energy,9138,19646,2578,58.3,30.9,516,95.3,True,True,5,54,True,81.0,77.5,7,True,True,100.0,True,True,84.3,73.6,True,True,1,3,2,9,12,True,16,True,81.5,True,326,True,True,True,20.0,9.0,6,True,6,True,1.0,9.0,True,True,True,0,False,False,SYNTHETIC,6.4,Low,8.8
ORG-02890,small,technology,8,8,1,45.6,47.8,2,0.0,False,False,1,168,False,23.3,20.0,72,False,False,17.6,True,False,7.9,32.6,True,False,90,57,60,34,6,False,0,False,4.1,False,41,False,False,False,174.0,97.0,72,False,3,False,62.0,30.0,False,True,False,2,False,False,SYNTHETIC,94.9,Critical,86.8
ORG-02891,small,finance,48,58,2,68.5,38.5,3,75.3,True,True,5,94,True,39.8,83.0,22,True,True,73.3,True,False,58.3,77.6,False,True,41,16,2,11,12,False,0,False,67.9,False,316,True,True,True,46.0,33.0,12,True,3,True,27.0,15.0,True,True,True,0,False,False,SYNTHETIC,25.2,Moderate,26.5
ORG-02892,small,healthcare,4,5,1,68.8,19.9,5,58.8,False,False,3,173,True,32.0,40.7,44,False,False,45.1,True,False,43.2,51.5,False,True,67,53,41,17,0,False,0,False,30.8,False,180,True,True,False,102.0,99.0,24,False,0,False,51.0,9.0,True,True,False,2,True,True,SYNTHETIC,64.0,High,61.8
ORG-02893,medium,finance,4880,7324,406,62.5,19.6,84,57.3,True,True,4,106,True,52.9,50.6,30,True,True,66.3,True,True,65.0,65.2,False,True,34,28,33,19,6,True,24,True,58.4,False,265,True,True,True,45.0,74.0,12,True,6,False,33.0,10.0,True,False,True,0,False,False,SYNTHETIC,28.5,Moderate,30.1
ORG-02894,small,education,44,64,1,52.3,34.8,5,11.3,False,False,1,211,True,4.6,20.0,59,False,False,30.1,True,False,0.0,22.9,False,False,102,65,83,35,12,False,8,True,0.0,False,16,False,False,False,186.0,115.0,24,False,12,False,51.0,21.0,False,False,False,1,False,False,SYNTHETIC,98.9,Critical,88.8
ORG-02895,large,technology,6741,14364,1656,61.0,16.5,333,86.3,True,True,4,43,True,65.8,89.6,12,True,True,82.1,True,True,75.2,93.7,True,True,22,14,5,2,6,True,16,True,100.0,True,354,True,True,True,51.0,31.0,6,True,3,True,23.0,6.0,True,True,True,0,False,False,SYNTHETIC,8.5,Low,8.5
ORG-02896,large,education,27713,67375,10116,60.7,35.1,2026,49.0,False,False,3,132,True,61.4,58.7,37,True,False,72.4,False,True,50.0,67.9,True,True,62,46,27,21,12,True,16,True,63.3,True,238,True,False,True,107.0,59.0,6,True,3,True,58.0,11.0,True,True,True,3,False,False,SYNTHETIC,36.5,Moderate,35.9
ORG-02897,medium,healthcare,900,1355,92,70.5,14.1,19,65.6,False,False,3,124,False,61.2,47.4,18,False,True,78.7,True,True,67.9,45.5,True,True,50,39,45,18,12,False,8,True,65.3,False,289,False,False,True,74.0,64.0,12,False,3,True,27.0,6.0,False,True,True,2,True,False,SYNTHETIC,49.2,Moderate,51.7
ORG-02898,large,retail,4765,11717,2264,65.6,18.6,455,68.9,True,True,4,71,True,98.0,64.8,11,True,True,100.0,True,True,55.5,91.0,True,False,27,20,11,13,6,True,8,True,86.8,True,343,False,False,True,26.0,25.0,72,True,0,True,19.0,9.0,True,True,True,1,False,False,SYNTHETIC,19.3,Low,17.9
ORG-02899,small,education,8,8,1,47.2,8.8,1,0.0,False,False,2,193,False,0.0,20.0,58,False,False,23.0,True,False,5.2,26.2,False,False,101,84,101,33,6,False,8,True,0.0,False,14,False,False,False,185.0,102.0,6,False,3,True,55.0,27.0,False,False,False,3,False,False,SYNTHETIC,98.9,Critical,86.8
ORG-02900,small,government,41,59,2,89.0,36.7,2,69.9,False,False,3,143,True,49.6,20.2,51,False,True,36.4,True,False,44.5,61.2,False,False,58,44,28,18,12,False,0,False,39.4,False,183,True,False,False,132.0,80.0,12,True,3,False,28.0,12.0,True,False,True,1,True,False,SYNTHETIC,53.4,High,53.9
ORG-02901,medium,education,1266,1688,149,15.8,0.0,33,9.1,False,False,2,145,False,16.0,37.4,45,False,True,30.4,True,False,30.7,66.2,False,False,81,45,63,24,24,True,0,True,37.5,False,152,True,True,False,130.0,93.0,12,True,12,True,54.0,18.0,True,True,False,1,False,False,SYNTHETIC,69.7,High,64.5
ORG-02902,small,retail,47,68,3,84.8,26.8,1,58.9,False,False,3,127,True,48.9,41.1,33,False,True,59.3,True,False,40.0,51.9,True,False,48,33,60,12,24,True,0,True,34.6,True,178,True,True,True,92.0,71.0,12,False,3,False,45.0,11.0,True,True,False,4,True,True,SYNTHETIC,52.7,High,53.8
ORG-02903,small,manufacturing,14,16,1,76.9,12.0,5,16.7,False,False,3,179,False,25.4,27.0,46,False,False,23.1,True,False,0.0,35.6,False,True,99,60,69,36,0,True,0,True,34.7,True,110,False,False,False,178.0,74.0,12,False,1,False,63.0,27.0,False,False,False,4,True,False,SYNTHETIC,86.4,Critical,81.1
ORG-02904,small,finance,36,45,1,87.4,26.2,5,40.5,False,False,3,121,False,44.1,41.9,25,True,False,30.6,True,False,33.8,56.0,True,False,53,28,49,17,12,False,0,False,45.8,False,221,False,False,True,78.0,79.0,6,False,6,False,30.0,7.0,True,True,False,0,False,False,SYNTHETIC,65.9,High,66.0
ORG-02905,small,finance,25,29,1,65.6,90.8,1,49.3,True,True,3,92,False,81.8,70.3,27,True,True,80.8,True,True,49.3,51.6,True,True,57,34,48,27,24,True,0,True,91.1,True,201,True,True,False,71.0,59.0,24,True,12,True,48.0,9.0,True,True,False,1,True,False,SYNTHETIC,37.6,Moderate,39.6
ORG-02906,small,finance,45,65,2,65.9,61.9,7,42.2,False,False,2,156,True,46.4,47.0,44,True,False,27.9,True,False,36.1,31.6,False,True,66,50,58,24,24,False,0,False,16.9,False,163,True,True,False,100.0,87.0,24,False,6,True,38.0,18.0,True,False,False,3,True,False,SYNTHETIC,79.1,Critical,72.0
ORG-02907,large,energy,5815,9107,1452,57.9,50.9,294,71.7,True,True,3,83,True,68.3,57.7,18,False,False,61.0,True,True,44.9,63.2,True,True,38,19,46,6,12,True,24,True,39.2,True,277,True,True,True,45.0,53.0,12,True,6,True,19.0,13.0,False,True,True,0,False,False,SYNTHETIC,27.5,Moderate,27.5
ORG-02908,small,retail,26,30,2,46.1,14.1,4,74.2,True,True,4,93,True,56.1,69.6,18,True,True,81.1,True,True,72.1,70.8,True,True,33,21,23,10,6,False,8,True,84.5,False,292,True,True,False,32.0,19.0,6,True,6,True,14.0,6.0,True,True,True,0,False,False,SYNTHETIC,22.9,Low,21.9
ORG-02909,medium,finance,419,752,86,38.4,24.0,22,64.8,True,True,3,111,False,28.5,40.8,52,True,False,75.3,True,True,64.1,78.1,True,False,38,31,24,19,12,True,8,True,52.9,True,204,False,False,False,78.0,44.0,6,False,6,False,30.0,10.0,False,True,False,2,False,True,SYNTHETIC,47.5,Moderate,48.0
ORG-02910,large,technology,13780,30794,4977,75.4,74.3,1000,73.3,True,True,4,75,False,69.0,62.1,19,False,True,68.2,True,True,40.0,58.9,True,True,38,33,32,10,12,True,16,True,75.0,True,266,True,True,False,54.0,45.0,12,False,6,True,30.0,15.0,True,False,False,4,False,False,SYNTHETIC,36.9,Moderate,35.7
ORG-02911,small,healthcare,37,47,2,69.4,26.5,1,5.2,False,False,1,211,False,13.9,20.0,71,False,False,24.0,True,False,9.4,14.4,False,False,91,71,54,46,0,False,0,False,9.7,False,56,False,False,False,219.0,115.0,12,False,6,False,64.0,27.0,False,False,False,1,True,True,SYNTHETIC,100.0,Critical,90.8
ORG-02912,small,technology,33,49,1,56.8,53.2,4,15.4,False,False,2,171,False,34.4,28.9,49,False,True,47.4,True,False,12.9,52.2,False,True,62,49,24,27,12,True,0,True,37.5,True,251,True,True,True,96.0,82.0,6,True,3,True,48.0,16.0,False,False,False,2,False,False,SYNTHETIC,63.7,High,58.3
ORG-02913,small,energy,29,40,1,71.5,34.3,3,48.9,True,True,5,105,False,32.5,52.4,45,True,True,61.5,True,False,56.2,63.2,True,False,43,30,35,15,0,False,8,True,49.1,False,212,False,False,False,103.0,88.0,72,True,3,False,22.0,9.0,False,True,False,0,False,False,SYNTHETIC,48.4,Moderate,47.4
ORG-02914,small,technology,30,44,1,57.3,0.0,6,30.6,False,False,2,142,False,48.3,44.2,54,True,True,37.4,True,False,15.3,39.7,False,False,68,61,40,27,0,False,8,True,10.6,False,171,False,False,True,166.0,102.0,6,False,12,False,64.0,18.0,False,True,False,2,False,False,SYNTHETIC,78.3,Critical,77.1
ORG-02915,medium,technology,1921,3075,272,81.9,3.6,56,60.1,True,True,3,116,True,49.5,58.2,31,True,True,60.4,True,True,47.4,72.7,True,True,50,32,19,19,0,True,16,True,53.0,True,221,False,False,False,100.0,59.0,6,False,1,False,32.0,13.0,False,True,True,2,False,False,SYNTHETIC,41.0,Moderate,40.8
ORG-02916,large,healthcare,9639,15850,3047,86.2,23.2,616,65.2,True,True,4,58,False,70.8,45.5,22,True,True,67.6,True,True,72.9,97.7,True,True,34,33,18,10,6,True,24,True,68.9,True,303,True,True,False,66.0,40.0,6,False,1,True,39.0,7.0,False,True,False,1,True,False,SYNTHETIC,31.2,Moderate,32.8
ORG-02917,small,healthcare,36,44,2,24.7,63.3,2,63.6,False,False,3,138,True,13.4,42.2,38,False,False,38.0,True,True,29.2,41.3,True,False,64,41,61,30,0,False,8,True,28.5,False,161,True,False,False,151.0,62.0,1,False,1,True,45.0,20.0,True,True,True,0,False,False,SYNTHETIC,65.7,High,57.9
ORG-02918,medium,retail,692,854,72,57.0,9.1,20,97.8,True,True,4,47,True,64.4,58.1,26,True,True,72.2,True,True,63.7,71.2,True,False,28,14,30,10,12,True,8,True,88.8,True,309,True,True,True,27.0,58.0,6,True,3,True,14.0,6.0,True,True,False,2,False,False,SYNTHETIC,17.4,Low,17.1
ORG-02919,medium,energy,724,1208,105,56.2,37.5,25,100.0,True,True,4,70,True,66.3,70.4,18,True,True,90.6,False,True,100.0,82.4,True,True,21,17,6,1,12,True,8,True,50.5,True,312,True,True,True,55.0,40.0,6,True,3,True,25.0,4.0,True,True,True,1,True,False,SYNTHETIC,10.9,Low,12.4
ORG-02920,medium,education,822,1369,90,59.2,32.1,18,5.5,False,False,2,164,False,41.6,28.5,63,False,False,38.4,True,False,29.8,40.0,False,False,75,47,61,33,12,False,0,False,27.7,False,62,True,False,False,169.0,96.0,12,True,6,False,51.0,16.0,False,False,False,1,False,False,SYNTHETIC,84.7,Critical,79.4
ORG-02921,large,technology,13204,29676,5138,73.6,52.6,1032,82.6,True,True,5,28,True,90.2,87.3,4,True,True,98.5,True,True,65.3,83.8,True,True,10,3,2,5,6,True,16,True,100.0,True,392,True,True,True,8.0,4.0,12,True,6,True,7.0,2.0,True,True,True,0,False,False,SYNTHETIC,7.0,Low,6.6
ORG-02922,small,retail,17,24,1,100.0,0.0,5,15.7,False,False,2,195,False,27.6,23.0,50,False,False,42.8,True,False,20.3,43.3,False,False,84,53,73,31,0,True,8,True,33.0,True,133,True,True,True,119.0,84.0,6,False,12,False,63.0,25.0,False,True,False,1,True,False,SYNTHETIC,80.2,Critical,74.0
ORG-02923,medium,retail,525,690,75,88.0,48.2,17,14.2,False,False,2,172,False,0.0,20.0,55,True,False,13.2,True,False,6.0,27.7,False,False,67,57,58,27,12,False,24,True,13.7,False,92,False,False,False,132.0,132.0,6,False,6,False,79.0,19.0,False,True,False,4,False,False,SYNTHETIC,98.1,Critical,83.3
ORG-02924,medium,manufacturing,651,1065,113,45.6,47.7,25,54.0,False,False,3,135,False,34.0,31.1,47,False,False,33.3,False,False,23.3,40.2,False,False,70,63,52,24,12,True,8,True,7.6,True,143,False,False,False,122.0,81.0,6,True,3,True,52.0,20.0,False,False,True,0,False,False,SYNTHETIC,65.5,High,65.0
ORG-02925,small,technology,27,34,1,57.3,35.9,2,8.9,False,False,1,205,False,15.0,20.0,50,False,False,30.6,False,False,0.0,46.0,True,False,63,64,60,39,0,False,0,False,20.9,False,139,True,True,True,195.0,103.0,6,False,6,False,72.0,22.0,False,False,False,3,False,False,SYNTHETIC,94.6,Critical,80.6
ORG-02926,medium,manufacturing,810,1200,120,56.5,27.0,25,12.0,False,False,1,182,False,0.0,20.0,57,False,False,18.6,True,False,21.4,25.7,False,False,77,65,72,28,12,False,24,True,26.0,False,142,False,False,False,182.0,96.0,168,False,6,True,63.0,17.0,False,False,False,1,False,False,SYNTHETIC,97.1,Critical,83.6
ORG-02927,medium,government,1171,1426,148,56.2,49.8,29,31.9,False,False,3,83,True,32.8,50.4,25,True,True,85.8,True,True,65.4,62.5,True,False,36,42,33,22,6,True,24,True,67.2,True,256,False,False,True,44.0,50.0,24,False,6,True,25.0,14.0,True,True,False,2,False,False,SYNTHETIC,45.6,Moderate,42.5
ORG-02928,medium,manufacturing,294,523,34,95.0,27.4,7,19.8,False,False,3,153,False,17.0,39.3,62,False,False,38.8,True,False,5.0,27.1,False,False,82,58,69,45,0,True,0,True,7.4,True,106,False,False,False,145.0,104.0,12,False,12,False,54.0,18.0,True,False,False,0,False,True,SYNTHETIC,89.2,Critical,81.0
ORG-02929,medium,retail,567,755,64,77.5,0.0,14,38.2,False,False,3,119,True,47.7,70.2,35,False,True,59.1,True,False,34.9,61.4,False,True,30,28,37,18,0,True,0,True,68.5,True,262,False,False,True,81.0,43.0,6,True,12,True,47.0,8.0,True,True,True,0,False,False,SYNTHETIC,44.8,Moderate,45.3
ORG-02930,large,finance,12564,29920,4733,60.5,34.7,949,66.6,True,True,4,32,True,68.3,71.0,12,True,True,69.6,True,True,78.7,87.9,True,True,12,11,12,13,12,True,16,True,77.3,False,292,True,True,True,59.0,29.0,24,True,3,True,19.0,2.0,False,True,True,1,True,False,SYNTHETIC,20.1,Low,18.7
ORG-02931,medium,healthcare,308,442,36,20.1,34.5,13,44.6,False,False,3,126,True,71.5,61.7,25,False,False,78.3,True,True,62.7,75.1,True,True,41,26,45,12,0,False,16,True,71.1,False,171,True,True,False,75.0,50.0,12,True,6,True,28.0,10.0,True,True,True,2,True,False,SYNTHETIC,38.1,Moderate,38.2
ORG-02932,medium,energy,502,646,46,60.9,17.6,12,49.7,False,False,2,75,True,67.5,50.4,21,False,False,68.7,True,True,64.8,56.8,True,False,46,30,62,12,12,True,16,True,45.8,False,224,False,False,True,85.0,53.0,12,True,12,False,38.0,4.0,False,False,False,2,False,False,SYNTHETIC,51.2,High,50.5
ORG-02933,small,education,29,30,2,24.9,32.0,6,30.7,False,False,3,172,False,49.8,45.0,46,False,False,41.9,True,False,18.1,61.3,True,False,48,42,55,25,12,True,8,True,26.9,True,147,True,False,False,116.0,79.0,24,False,6,False,54.0,12.0,False,True,False,4,True,True,SYNTHETIC,75.6,Critical,69.1
ORG-02934,large,technology,17236,34958,3821,79.3,55.4,773,92.5,True,True,4,67,True,66.7,75.5,14,True,True,90.9,True,True,91.1,96.7,True,False,9,26,36,7,12,True,24,True,82.9,True,311,False,False,True,56.0,16.0,1,True,6,True,12.0,14.0,True,True,False,0,False,False,SYNTHETIC,19.5,Low,18.0
ORG-02935,small,finance,389,470,30,80.9,12.5,7,47.2,False,False,3,113,True,4.6,20.0,36,False,False,55.0,True,False,27.5,69.8,False,True,58,39,66,25,12,False,16,True,49.0,False,141,True,False,True,148.0,104.0,12,False,6,False,52.0,14.0,False,False,False,0,False,True,SYNTHETIC,68.8,High,70.3
ORG-02936,large,technology,4142,7881,798,81.3,78.3,163,77.8,True,True,2,106,False,66.0,49.3,27,False,False,64.7,True,False,54.9,58.8,False,False,47,33,60,16,6,True,16,True,46.4,True,202,True,False,False,115.0,61.0,168,False,6,False,46.0,16.0,True,False,True,0,False,True,SYNTHETIC,52.3,High,54.2
ORG-02937,medium,healthcare,444,776,74,56.2,65.6,15,38.2,False,False,2,134,False,10.0,48.3,46,True,True,39.8,True,False,31.8,52.6,False,True,60,54,65,17,12,True,0,True,52.5,True,185,False,False,False,103.0,59.0,12,False,3,False,38.0,14.0,True,True,True,3,True,True,SYNTHETIC,64.5,High,64.6
ORG-02938,large,finance,8143,19770,3695,74.5,51.8,740,71.2,True,True,4,82,False,66.0,89.6,28,True,True,92.2,True,True,43.1,81.2,True,True,15,23,18,9,12,True,16,True,64.3,True,331,True,True,True,60.0,29.0,12,True,3,True,31.0,11.0,False,True,False,0,False,False,SYNTHETIC,24.3,Low,22.9
ORG-02939,small,technology,31,42,1,79.9,55.8,1,35.1,False,False,2,125,True,30.7,34.7,34,False,False,40.4,True,True,26.3,55.7,False,True,66,40,37,27,12,False,0,False,63.7,False,189,True,False,False,123.0,52.0,1,False,6,True,43.0,17.0,True,True,False,1,False,False,SYNTHETIC,61.1,High,61.2
ORG-02940,large,technology,4187,10080,1153,86.5,60.2,233,60.4,False,False,4,94,False,67.5,58.5,27,True,True,87.0,True,True,51.7,78.0,False,True,40,25,33,20,12,False,24,True,68.2,False,239,True,True,True,89.0,42.0,12,True,6,False,25.0,10.0,True,True,False,1,False,False,SYNTHETIC,37.5,Moderate,41.3
ORG-02941,medium,technology,2416,3293,236,78.8,52.0,50,62.4,False,False,3,86,False,31.6,48.9,29,True,True,54.0,True,True,51.5,86.9,False,False,46,37,29,14,0,True,16,True,62.1,True,264,False,False,False,88.0,42.0,6,True,12,True,29.0,7.0,True,True,True,3,True,False,SYNTHETIC,41.0,Moderate,41.8
ORG-02942,medium,technology,344,593,36,33.5,34.7,10,63.9,True,True,3,62,True,25.2,63.3,31,True,True,56.9,True,False,34.4,57.6,True,False,56,29,38,28,12,True,8,True,34.6,True,185,True,False,False,89.0,32.0,24,True,6,False,28.0,14.0,False,True,True,0,False,False,SYNTHETIC,41.0,Moderate,42.6
ORG-02943,medium,healthcare,1094,1535,137,26.9,5.7,30,74.6,True,True,4,65,True,67.4,49.1,29,True,True,77.2,True,True,69.2,92.4,False,True,29,19,20,12,0,True,16,True,70.3,False,298,True,False,True,87.0,5.0,12,True,6,True,16.0,10.0,True,True,False,1,False,False,SYNTHETIC,20.6,Low,21.8
ORG-02944,small,healthcare,28,41,1,100.0,6.1,2,50.3,False,False,2,111,False,42.6,52.0,40,False,False,55.1,True,True,37.3,28.3,False,True,64,51,47,18,12,False,16,True,33.8,False,162,True,False,False,155.0,71.0,24,True,12,False,29.0,15.0,False,True,False,4,False,False,SYNTHETIC,63.9,High,61.4
ORG-02945,medium,healthcare,330,586,43,81.8,72.8,10,50.4,False,False,2,115,True,49.0,22.6,41,False,True,43.5,True,True,17.0,46.4,False,True,86,46,32,21,12,True,8,True,47.7,True,197,True,True,True,108.0,73.0,24,False,6,False,38.0,14.0,True,True,False,1,True,True,SYNTHETIC,52.9,High,52.7
ORG-02946,small,retail,45,65,3,77.0,50.9,7,38.3,False,False,3,152,False,30.0,21.8,42,True,False,44.8,True,False,33.9,50.3,False,False,60,47,42,30,0,False,0,False,43.6,False,122,False,False,True,167.0,82.0,72,False,0,False,49.0,8.0,False,False,True,0,False,False,SYNTHETIC,75.1,Critical,75.3
ORG-02947,medium,manufacturing,1480,2324,271,71.7,11.7,58,40.7,False,False,3,180,True,36.3,36.5,45,False,True,51.3,True,True,26.2,45.5,True,False,52,52,49,18,24,True,8,True,11.5,True,139,False,False,False,128.0,84.0,24,False,3,False,52.0,12.0,False,True,False,1,False,False,SYNTHETIC,69.2,High,61.7
ORG-02948,medium,manufacturing,457,730,82,62.2,55.8,18,71.4,True,True,3,109,True,81.1,87.4,22,True,True,77.1,True,True,59.9,52.9,True,True,44,25,33,13,6,True,16,True,77.0,True,208,True,False,True,51.0,25.0,12,True,3,True,5.0,9.0,True,True,True,1,True,False,SYNTHETIC,18.0,Low,19.6
ORG-02949,small,healthcare,17,19,1,60.0,0.0,2,25.6,False,False,2,162,False,16.5,20.0,60,False,False,35.5,True,False,18.1,26.4,True,False,80,60,60,26,12,False,8,True,0.0,False,109,False,False,False,175.0,84.0,24,False,6,True,60.0,25.0,True,False,False,4,False,False,SYNTHETIC,89.1,Critical,78.7
ORG-02950,small,education,15,21,1,40.9,30.8,2,37.9,False,False,3,176,True,36.1,36.2,39,False,True,54.9,True,False,34.9,50.2,True,True,52,43,62,23,12,False,0,False,26.3,False,175,False,False,True,116.0,67.0,12,False,6,True,44.0,12.0,True,True,False,2,False,False,SYNTHETIC,69.3,High,63.4
ORG-02951,small,healthcare,20,22,1,70.9,27.0,5,12.7,False,False,1,152,False,31.3,20.0,64,False,False,10.0,True,True,3.6,19.6,False,False,87,51,88,26,0,False,0,False,0.0,False,70,False,False,True,152.0,99.0,12,False,6,False,47.0,19.0,False,False,False,0,False,False,SYNTHETIC,96.0,Critical,84.7
ORG-02952,small,healthcare,8,11,1,70.7,27.3,6,55.3,False,False,3,124,False,36.0,27.1,49,False,False,38.6,True,True,57.8,51.7,False,True,48,43,39,29,0,False,0,False,52.5,False,194,False,False,False,75.0,71.0,1,True,6,False,36.0,15.0,True,True,False,4,False,False,SYNTHETIC,58.5,High,58.8
ORG-02953,small,manufacturing,29,37,1,100.0,46.6,3,0.0,False,False,2,226,False,28.7,20.0,76,False,False,10.1,True,False,7.3,27.5,False,False,98,62,76,31,24,True,8,True,11.4,True,48,False,False,False,198.0,131.0,1,False,3,False,65.0,29.0,False,False,False,3,True,False,SYNTHETIC,96.5,Critical,87.9
ORG-02954,large,finance,5024,11059,1534,88.7,30.9,311,78.4,False,False,4,121,True,51.1,61.3,42,False,False,84.6,True,False,60.7,71.3,False,True,43,27,48,14,12,False,8,True,55.7,False,335,True,False,False,64.0,40.0,1,True,3,True,33.0,7.0,True,True,True,2,True,False,SYNTHETIC,44.7,Moderate,43.8
ORG-02955,small,finance,41,57,2,73.8,29.3,3,46.5,False,False,3,125,False,25.2,39.4,33,True,False,62.7,True,False,52.1,53.3,False,True,54,33,44,6,0,False,0,False,28.2,False,205,True,False,True,43.0,53.0,24,True,12,True,28.0,10.0,True,True,True,0,False,False,SYNTHETIC,49.7,Moderate,52.1
ORG-02956,medium,retail,591,891,102,48.0,21.4,20,45.4,False,False,3,115,False,33.6,47.0,37,False,False,41.8,True,False,20.9,42.2,True,True,60,39,43,22,12,True,24,True,26.9,True,185,False,False,False,113.0,69.0,24,False,0,False,35.0,11.0,True,True,False,1,False,True,SYNTHETIC,58.6,High,61.7
ORG-02957,small,technology,64,94,5,62.0,48.4,2,4.4,False,False,2,176,False,45.6,20.3,53,False,False,30.9,True,False,22.0,17.0,False,False,82,48,66,23,24,False,0,False,31.1,False,113,False,False,False,150.0,95.0,12,True,6,False,58.0,17.0,True,False,False,5,False,False,SYNTHETIC,84.3,Critical,78.8
ORG-02958,small,retail,6,8,1,60.3,27.1,1,34.6,True,True,3,152,True,59.3,41.6,42,False,True,41.0,True,False,38.8,53.5,True,True,54,48,52,10,0,True,0,True,42.3,True,171,True,True,True,114.0,74.0,6,True,6,False,46.0,18.0,True,False,False,2,False,False,SYNTHETIC,42.9,Moderate,43.3
ORG-02959,medium,education,481,759,45,40.9,44.3,14,51.0,False,False,3,172,True,31.4,20.0,52,False,False,28.5,True,True,39.9,35.0,False,False,94,46,59,31,12,False,8,True,8.2,False,95,True,True,True,160.0,82.0,6,False,3,False,53.0,20.0,False,False,False,0,False,False,SYNTHETIC,78.8,Critical,70.4
ORG-02960,small,manufacturing,131,188,7,57.2,0.0,4,3.5,False,False,2,216,False,37.7,20.0,54,False,False,13.0,True,False,6.8,26.7,False,False,84,65,99,24,0,False,8,True,24.4,False,107,False,False,False,184.0,85.0,12,True,3,False,66.0,21.0,False,False,False,1,False,False,SYNTHETIC,82.1,Critical,78.7
ORG-02961,medium,finance,1489,2207,141,48.4,0.9,31,21.0,False,False,2,153,True,29.1,34.3,45,True,True,40.5,True,True,32.1,27.4,True,False,46,50,54,32,0,False,0,False,39.8,False,158,False,False,False,107.0,69.0,12,False,6,True,55.0,11.0,True,False,True,1,False,True,SYNTHETIC,64.5,High,64.9
ORG-02962,medium,manufacturing,800,1195,112,42.7,40.5,27,36.6,False,False,2,148,False,57.1,46.0,48,False,True,53.4,True,False,35.6,43.7,False,False,47,39,38,27,12,False,8,True,37.8,False,171,True,False,False,120.0,78.0,24,True,6,True,64.0,13.0,False,True,False,4,False,False,SYNTHETIC,62.6,High,62.9
ORG-02963,large,retail,7659,14464,2238,68.8,46.4,449,41.2,False,False,2,127,False,29.7,29.5,42,False,True,58.6,True,True,40.2,66.2,False,True,57,41,43,27,12,True,16,True,47.1,True,186,False,False,True,121.0,56.0,1,True,3,True,56.0,12.0,False,False,True,1,False,False,SYNTHETIC,55.4,High,53.2
ORG-02964,small,government,7,10,1,54.2,62.0,2,66.4,True,True,4,21,True,67.1,85.8,26,True,True,74.4,True,True,60.6,92.8,True,False,30,34,22,21,12,True,0,True,67.1,False,285,True,True,False,21.0,26.0,24,True,6,True,25.0,9.0,True,True,True,0,False,False,SYNTHETIC,21.6,Low,24.3
ORG-02965,large,energy,9669,15378,3053,76.5,53.3,612,86.0,True,True,4,46,True,98.1,72.9,12,True,True,78.5,True,True,68.8,92.6,True,True,17,20,22,10,12,True,16,True,88.2,True,389,True,True,False,56.0,32.0,12,True,6,True,7.0,6.0,False,True,True,1,False,False,SYNTHETIC,18.5,Low,18.8
ORG-02966,medium,technology,567,823,61,81.5,59.0,15,60.0,True,True,3,101,False,63.7,46.9,31,False,True,78.5,True,False,67.8,57.8,False,False,54,26,35,10,24,True,16,True,54.2,True,257,False,False,True,114.0,41.0,6,True,6,False,28.0,5.0,True,True,False,2,False,False,SYNTHETIC,42.5,Moderate,42.0
ORG-02967,large,government,5383,9170,1620,66.8,52.0,327,93.3,True,True,5,58,True,71.1,73.0,18,True,True,94.8,True,True,100.0,100.0,True,True,33,17,8,5,12,True,24,True,81.7,True,362,True,True,True,37.0,43.0,12,True,6,True,7.0,3.0,True,False,True,1,False,False,SYNTHETIC,13.8,Low,11.9
ORG-02968,medium,technology,697,1141,80,63.3,27.2,19,58.1,False,False,3,141,True,51.1,36.0,46,False,True,38.2,True,True,47.8,39.0,False,True,72,47,48,11,0,True,24,True,42.4,False,191,True,False,False,116.0,90.0,12,False,6,True,47.0,13.0,False,False,True,1,False,False,SYNTHETIC,54.4,High,52.9
ORG-02969,medium,finance,1139,1662,109,47.9,17.0,23,71.4,True,True,4,63,True,69.3,100.0,12,True,True,100.0,True,True,30.1,85.1,True,True,9,14,4,8,12,True,8,True,77.8,False,304,True,True,True,8.0,12.0,24,True,6,True,15.0,8.0,True,True,False,0,False,False,SYNTHETIC,15.4,Low,14.2
ORG-02970,small,technology,20,21,1,86.9,4.4,3,10.7,False,False,2,191,False,0.8,26.0,58,False,False,10.0,True,False,0.0,10.0,False,False,89,68,61,31,12,False,0,False,3.9,False,86,False,False,False,174.0,131.0,12,True,3,False,77.0,22.0,False,False,True,3,False,False,SYNTHETIC,86.7,Critical,83.2
ORG-02971,medium,finance,666,930,55,45.6,53.4,12,84.0,False,False,3,66,True,51.4,78.1,19,True,True,92.0,True,True,40.0,68.5,True,True,40,15,14,14,12,True,8,True,68.7,False,310,True,False,True,53.0,23.0,1,True,6,True,14.0,8.0,True,False,False,1,True,False,SYNTHETIC,28.9,Moderate,29.1
ORG-02972,medium,manufacturing,1025,1323,89,57.8,16.7,18,34.5,True,True,3,139,False,34.4,36.8,40,False,True,58.8,True,True,37.5,58.7,True,False,56,31,31,17,12,False,8,True,11.2,False,200,False,False,False,98.0,74.0,24,True,12,False,44.0,12.0,False,True,True,1,False,False,SYNTHETIC,50.9,High,51.9
ORG-02973,medium,government,390,648,57,46.4,47.5,11,44.4,False,False,2,148,False,39.7,22.6,44,False,False,47.2,True,True,57.9,48.4,False,True,55,36,26,26,12,False,0,False,48.2,False,253,True,False,True,112.0,71.0,6,True,3,True,47.0,13.0,False,True,True,1,False,False,SYNTHETIC,55.2,High,54.5
ORG-02974,small,energy,27,38,1,72.6,20.4,2,44.8,False,False,2,129,True,42.8,20.0,46,False,False,37.2,True,False,25.8,44.6,True,True,66,46,46,20,0,False,0,False,17.2,False,170,True,False,False,142.0,86.0,6,True,6,False,44.0,15.0,False,True,True,1,True,False,SYNTHETIC,63.1,High,62.1
ORG-02975,medium,energy,268,479,24,30.3,37.2,5,68.8,True,True,4,85,True,49.9,82.1,30,False,True,53.2,True,False,60.2,75.3,False,False,27,20,23,14,12,True,24,True,63.0,False,293,True,True,True,51.0,39.0,72,True,3,True,30.0,9.0,False,True,False,0,False,False,SYNTHETIC,32.6,Moderate,28.5
ORG-02976,large,healthcare,5969,13226,2437,77.1,31.0,491,86.3,True,True,4,90,True,87.3,62.9,18,True,True,88.1,True,True,60.3,83.4,True,True,1,16,16,7,12,True,24,True,74.4,True,284,True,True,True,39.0,1.0,12,True,6,True,23.0,4.0,True,True,True,1,False,False,SYNTHETIC,13.1,Low,12.6
ORG-02977,medium,manufacturing,416,647,47,80.5,0.4,12,34.8,False,False,2,145,True,46.6,35.0,50,True,True,48.3,True,True,38.6,37.8,True,False,90,47,61,20,0,True,8,True,16.1,False,158,False,False,False,130.0,90.0,24,False,6,False,44.0,14.0,True,False,True,3,False,False,SYNTHETIC,68.0,High,62.3
ORG-02978,small,education,32,33,2,25.9,8.4,1,25.9,False,False,2,189,False,29.0,20.1,60,False,False,19.9,True,False,0.0,20.3,False,False,79,72,70,27,12,False,0,False,14.1,False,123,False,False,False,193.0,112.0,12,False,0,False,78.0,23.0,True,True,False,1,False,False,SYNTHETIC,90.7,Critical,82.2
ORG-02979,small,education,50,66,2,90.9,76.6,6,0.0,False,False,2,169,True,20.4,20.0,57,False,False,10.0,True,False,24.4,39.4,False,False,87,66,78,36,0,False,8,True,5.5,False,14,False,False,False,174.0,150.0,24,False,3,False,66.0,26.0,False,False,False,1,True,False,SYNTHETIC,100.0,Critical,86.5
ORG-02980,medium,retail,974,1193,129,75.1,0.0,26,36.0,False,False,3,160,True,60.8,30.2,42,True,True,32.9,True,False,36.5,49.1,False,True,53,35,52,20,24,True,16,True,40.6,True,177,True,False,False,138.0,91.0,24,False,3,True,43.0,16.0,False,True,False,0,False,False,SYNTHETIC,61.8,High,62.5
ORG-02981,small,healthcare,59,79,3,59.0,47.8,3,32.8,False,False,3,140,False,30.3,43.2,35,True,False,42.9,True,False,37.7,52.8,False,True,72,49,27,20,24,False,8,True,45.6,False,205,False,False,False,114.0,100.0,6,False,12,True,46.0,15.0,True,False,False,0,False,False,SYNTHETIC,72.4,High,72.1
ORG-02982,small,finance,23,31,1,90.4,66.0,3,67.9,True,True,3,87,True,59.6,68.0,35,False,False,60.1,True,True,62.0,67.4,True,False,46,29,29,18,12,False,0,False,50.5,False,282,True,True,False,122.0,64.0,24,True,0,True,35.0,11.0,True,True,False,1,False,False,SYNTHETIC,35.8,Moderate,35.8
ORG-02983,medium,manufacturing,432,532,58,86.2,54.9,15,55.6,True,True,3,114,True,56.3,56.0,30,True,True,55.9,True,False,56.9,63.1,True,False,60,28,40,14,0,True,16,True,68.4,True,222,False,False,True,76.0,59.0,1,True,1,True,34.0,4.0,True,True,False,2,False,False,SYNTHETIC,34.4,Moderate,33.1
ORG-02984,medium,government,141,178,16,58.7,26.5,7,41.6,True,True,3,104,True,50.0,62.1,22,True,False,73.2,True,True,23.0,85.0,True,True,41,25,30,12,6,True,8,True,27.9,True,239,True,False,True,85.0,61.0,12,True,6,True,29.0,14.0,False,True,True,0,False,False,SYNTHETIC,33.0,Moderate,33.0
ORG-02985,small,healthcare,35,45,1,43.3,28.3,4,25.1,False,False,2,227,True,12.8,28.8,57,True,True,38.3,True,True,36.1,23.2,True,False,80,47,65,35,0,True,0,True,12.6,True,112,False,False,False,141.0,125.0,6,False,3,False,60.0,17.0,False,False,False,4,False,False,SYNTHETIC,77.2,Critical,70.8
ORG-02986,medium,education,655,948,96,59.5,63.3,24,36.3,False,False,2,159,False,25.0,23.1,46,False,False,23.8,True,False,6.4,10.0,False,False,79,60,64,27,0,False,16,True,20.5,False,85,False,False,False,154.0,97.0,6,False,3,True,53.0,18.0,False,True,False,1,False,True,SYNTHETIC,86.2,Critical,78.9
ORG-02987,small,healthcare,55,56,4,46.0,42.2,2,28.8,False,False,2,208,True,4.0,20.0,47,False,False,16.6,True,False,15.3,14.7,True,False,80,61,59,31,12,False,8,True,19.0,False,100,False,False,False,174.0,114.0,12,False,3,False,51.0,15.0,False,False,False,6,False,False,SYNTHETIC,84.0,Critical,80.0
ORG-02988,small,retail,30,41,3,69.2,35.2,1,21.9,False,False,2,129,False,39.4,37.8,50,False,False,28.0,True,True,19.9,43.8,False,True,66,41,40,23,24,True,0,True,31.8,False,147,False,False,False,132.0,63.0,6,True,6,True,50.0,19.0,True,False,False,2,True,False,SYNTHETIC,63.4,High,63.4
ORG-02989,medium,manufacturing,1460,2334,138,63.3,12.9,34,58.8,True,True,3,77,True,63.5,63.8,32,True,True,76.2,True,True,78.8,56.3,False,True,75,39,47,23,12,True,16,True,57.9,True,209,True,True,True,88.0,57.0,12,False,3,True,14.0,8.0,True,True,True,0,False,False,SYNTHETIC,36.0,Moderate,36.3
ORG-02990,medium,technology,335,526,57,40.8,56.5,12,46.3,False,False,3,116,True,35.8,53.2,46,True,True,54.6,True,True,28.7,74.2,True,True,53,32,53,21,12,True,0,True,70.1,True,208,True,True,True,116.0,51.0,24,False,6,False,44.0,6.0,True,True,False,1,False,False,SYNTHETIC,48.0,Moderate,48.9
ORG-02991,medium,education,1877,3053,290,48.2,8.1,62,56.6,True,True,3,94,False,37.6,49.3,45,True,False,65.1,True,False,66.3,76.8,True,True,49,33,24,15,12,False,8,True,69.5,False,216,True,False,False,118.0,52.0,24,False,6,False,36.0,15.0,False,False,True,1,False,False,SYNTHETIC,53.3,High,54.3
ORG-02992,small,manufacturing,39,44,1,55.2,20.1,4,24.0,False,False,2,129,False,32.2,33.4,42,False,True,50.1,True,True,42.1,42.3,True,False,60,44,65,21,6,False,0,False,30.4,False,180,True,False,False,121.0,82.0,6,False,6,False,42.0,15.0,True,False,False,1,False,False,SYNTHETIC,67.2,High,67.6
ORG-02993,medium,government,406,647,52,42.6,71.1,11,26.0,False,False,2,187,False,28.4,20.0,49,False,False,18.7,True,False,36.4,23.9,False,False,75,51,75,32,12,True,24,True,10.3,False,103,False,False,True,156.0,63.0,24,True,12,True,63.0,19.0,False,False,False,2,True,False,SYNTHETIC,70.2,High,71.1
ORG-02994,small,energy,142,158,9,66.5,60.9,7,24.5,False,False,2,127,False,62.4,28.7,54,False,True,46.5,True,True,25.9,22.7,False,False,93,54,82,23,12,False,0,False,21.6,False,149,True,False,True,186.0,103.0,6,False,6,False,51.0,22.0,False,False,False,3,True,True,SYNTHETIC,81.2,Critical,76.0
ORG-02995,medium,energy,527,761,83,24.5,73.3,21,11.9,False,False,3,123,False,39.7,20.0,53,False,False,42.6,False,False,11.7,39.8,True,False,67,46,64,24,0,False,0,False,28.7,False,119,True,True,False,165.0,101.0,12,False,12,False,52.0,19.0,False,False,False,2,False,False,SYNTHETIC,92.8,Critical,79.5
ORG-02996,medium,retail,2107,3598,335,76.9,30.4,67,43.6,False,True,3,128,True,63.7,27.7,34,True,True,59.1,True,False,27.3,46.9,False,False,58,35,57,23,24,False,16,True,60.7,False,156,False,False,True,103.0,64.0,1,True,12,False,44.0,12.0,True,True,True,1,False,False,SYNTHETIC,54.9,High,55.1
ORG-02997,medium,energy,692,1127,130,45.0,63.1,29,77.4,True,True,4,49,True,63.1,69.8,8,True,True,93.2,True,True,77.1,100.0,True,True,13,5,14,4,6,True,8,True,100.0,False,342,False,False,True,30.0,45.0,12,True,6,True,15.0,9.0,True,True,True,0,False,False,SYNTHETIC,14.7,Low,15.6
ORG-02998,small,technology,6,7,1,64.6,22.3,1,28.5,False,False,2,125,True,19.8,38.7,53,False,True,60.8,True,True,51.3,49.7,False,True,59,29,65,24,0,False,0,False,17.3,False,196,False,False,False,115.0,106.0,72,False,0,True,40.0,14.0,True,True,False,1,True,True,SYNTHETIC,68.8,High,64.3
ORG-02999,large,finance,9274,15640,2312,58.8,62.6,464,100.0,True,True,5,52,True,67.3,100.0,11,True,True,100.0,True,True,98.5,97.8,True,True,13,5,6,5,12,True,24,True,100.0,True,403,True,True,True,1.0,2.0,12,True,3,True,18.0,2.0,True,True,True,0,False,False,SYNTHETIC,6.6,Low,4.0
ORG-03000,small,education,33,34,2,55.4,33.6,5,66.6,False,False,3,111,True,48.8,69.4,23,True,True,73.9,True,False,49.1,69.7,True,True,55,23,35,24,0,True,0,True,37.9,True,209,True,False,False,131.0,25.0,72,False,6,True,47.0,10.0,True,True,False,2,True,True,SYNTHETIC,53.5,High,50.4
